src,dst,method,size_bytes,sha256_first_1MB,status
C:\Users\nader\Downloads\calon_ukb_pipeline\.gitignore,D:\CALON_FH_PORTABLE\assets\.gitignore,copy,369,9f1a61167a6b96b3698897be2fd91f1bc29a1d376734e5f9f066c90eafc5756d,ok
C:\Users\nader\Downloads\calon_ukb_pipeline\.Rhistory,D:\CALON_FH_PORTABLE\assets\.Rhistory,copy,0,e3b0c44298fc1c149afbf4c8996fb92427ae41e4649b934ca495991b7852b855,ok
C:\Users\nader\Downloads\calon_ukb_pipeline\00_CALON_extract_ukbrap.sh,D:\CALON_FH_PORTABLE\code\shell\00_CALON_extract_ukbrap.sh,copy,25402,e3d53a51dc9ceb5a5f7029ea34b034fc34b2c10f68725e44bd1e5f344b6ed62b,ok
C:\Users\nader\Downloads\calon_ukb_pipeline\00_FIX_reextract_failed.sh,D:\CALON_FH_PORTABLE\code\shell\00_FIX_reextract_failed.sh,copy,15080,f47302a0e630e8b53ee0acc1e3cd732e7201c904f07a466d4d1f304020fac51c,ok
C:\Users\nader\Downloads\calon_ukb_pipeline\01_CALON_build_cohort.R,D:\CALON_FH_PORTABLE\code\R\01_CALON_build_cohort.R,copy,41080,f1f9ce70d726fdc1741113850db22dab09b2373b396230d7797a80186a64bd4f,ok
C:\Users\nader\Downloads\calon_ukb_pipeline\02_CALON_validate.R,D:\CALON_FH_PORTABLE\code\R\02_CALON_validate.R,copy,33474,dddee00b16cf63399c1011b9f85de12311f51a59cbb492754f37538288608f03,ok
C:\Users\nader\Downloads\calon_ukb_pipeline\03_CALON_figures_tables.R,D:\CALON_FH_PORTABLE\code\R\03_CALON_figures_tables.R,copy,38390,1c704aa8354fe8e65253e0608db215ecfc56d8b1e4c99652df65983e22c7db69,ok
C:\Users\nader\Downloads\calon_ukb_pipeline\05b_CALON2_develop_v5.R,D:\CALON_FH_PORTABLE\code\R\05b_CALON2_develop_v5.R,copy,60971,1debe6bfebed81781a33af645f24fb119de2f691da010635c7725055b5521a43,ok
C:\Users\nader\Downloads\calon_ukb_pipeline\05_CALON2_develop.R,D:\CALON_FH_PORTABLE\code\R\05_CALON2_develop.R,copy,143237,3d92033086d74dfda416e3d02e2ea36a0242f284b930711aff3b75e091c1f09a,ok
C:\Users\nader\Downloads\calon_ukb_pipeline\06_CALON2_develop_v6.R,D:\CALON_FH_PORTABLE\code\R\06_CALON2_develop_v6.R,copy,39570,bd143e2f5ed282b489c23dae80008d373b10865eec3e26b77b1985ce6be009a2,ok
C:\Users\nader\Downloads\calon_ukb_pipeline\06_CALON2_validate_DRAGON3.R,D:\CALON_FH_PORTABLE\code\R\06_CALON2_validate_DRAGON3.R,copy,73712,7bfb64a09f2da235d2055e9b710e03b98bd810aa0e6ed8ddb4a13255534bd527,ok
C:\Users\nader\Downloads\calon_ukb_pipeline\07b_extract_fix_failed.sh,D:\CALON_FH_PORTABLE\code\shell\07b_extract_fix_failed.sh,copy,23164,e81bf84355632ab48a1140d820be1b4c70e6857eca96981d11efbc9b29b4e2b2,ok
C:\Users\nader\Downloads\calon_ukb_pipeline\07c_extract_mri_idps.sh,D:\CALON_FH_PORTABLE\code\shell\07c_extract_mri_idps.sh,copy,17421,860b13df281b49e33ad5c496051f880d068ca4348163683573f94584fb1e5825,ok
C:\Users\nader\Downloads\calon_ukb_pipeline\07d_extract_lpa_correct.sh,D:\CALON_FH_PORTABLE\code\shell\07d_extract_lpa_correct.sh,copy,7179,6424512f42d6cb1fa402c61c9822f11f41839d21d7782a59ed34890b5ddcd58d,ok
C:\Users\nader\Downloads\calon_ukb_pipeline\07_CALON2_develop_v7.R,D:\CALON_FH_PORTABLE\code\R\07_CALON2_develop_v7.R,copy,42520,93134f34bab07f8a2607fb0494e9f2ad243f923ae5d758cc7109310fbfebf2f1,ok
C:\Users\nader\Downloads\calon_ukb_pipeline\07_CALON2_wales_portable.R,D:\CALON_FH_PORTABLE\code\R\07_CALON2_wales_portable.R,copy,38810,143c06b0352f4940e856e2aea767918e9166bf60a45a91a14d86487bf3cf9f04,ok
C:\Users\nader\Downloads\calon_ukb_pipeline\07_extract_extra_ukb_fields.sh,D:\CALON_FH_PORTABLE\code\shell\07_extract_extra_ukb_fields.sh,copy,20078,e320d4fe6ba2c4dfccdb498089bb9cc97b84a4676f58cdbdcf712f7868fdf5d3,ok
C:\Users\nader\Downloads\calon_ukb_pipeline\08_CALON2_wales_portable_v2.R,D:\CALON_FH_PORTABLE\code\R\08_CALON2_wales_portable_v2.R,copy,64241,4f9a779c5fdf79c4bb53e388389f05057bbf06074cd7dfbcd49a92bac916ea40,ok
C:\Users\nader\Downloads\calon_ukb_pipeline\09_CALON2_dragon3_validate.R,D:\CALON_FH_PORTABLE\code\R\09_CALON2_dragon3_validate.R,copy,40127,9f2b3a6ffc408619908bcebdbab15c9621ab26977234ab26c17e41ad1eec7324,ok
C:\Users\nader\Downloads\calon_ukb_pipeline\10_AF3_extract_variants.py,D:\CALON_FH_PORTABLE\code\python\10_AF3_extract_variants.py,copy,16524,8ad671ba60a2cb784bfcf7091d607f60d601ba8e22c488906131956711767331,ok
C:\Users\nader\Downloads\calon_ukb_pipeline\10_CALON2_publication_tables.R,D:\CALON_FH_PORTABLE\code\R\10_CALON2_publication_tables.R,copy,22771,8859d4847f4f46c9f0d549e7a1364f616292c8c58c6ca796f2e8c3adc4ffcb9e,ok
C:\Users\nader\Downloads\calon_ukb_pipeline\11_AF3_analyse_structures.py,D:\CALON_FH_PORTABLE\code\python\11_AF3_analyse_structures.py,copy,22582,7d00bb6190a57c8ac71ad504ba4ffe5dbf5cb8a52295df54af494b933fd438dc,ok
C:\Users\nader\Downloads\calon_ukb_pipeline\11_CALON2_cox_comparison.R,D:\CALON_FH_PORTABLE\code\R\11_CALON2_cox_comparison.R,copy,24038,e212941badbeb633820e06d364c79ba894e14e12a08c49f276cdb149a04e2265,ok
C:\Users\nader\Downloads\calon_ukb_pipeline\12_AF3_prepare_foldx.py,D:\CALON_FH_PORTABLE\code\python\12_AF3_prepare_foldx.py,copy,22535,f82f29fe5f53f080d7f8616fe16357783530faff8645a1d25e4e3864fcbe4103,ok
C:\Users\nader\Downloads\calon_ukb_pipeline\12_CALON2_reverse_engineer.R,D:\CALON_FH_PORTABLE\code\R\12_CALON2_reverse_engineer.R,copy,33581,74bf25f0bc32de9ff026a63eef23fd5a9f2605c9d254fb5a3808ac3e6d5a995f,ok
C:\Users\nader\Downloads\calon_ukb_pipeline\13_AF3_build_SSS.py,D:\CALON_FH_PORTABLE\code\python\13_AF3_build_SSS.py,copy,18153,00b0ef283be143198dd74b2b1d9095b42fd642e5bd6e8850677ba59a8c9fb34f,ok
C:\Users\nader\Downloads\calon_ukb_pipeline\13_CALON2_dragon3_develop.R,D:\CALON_FH_PORTABLE\code\R\13_CALON2_dragon3_develop.R,copy,50859,2e6a176ca28616755f13edf92676220cf622a17c900b6d32c0524f48ac72ea14,ok
C:\Users\nader\Downloads\calon_ukb_pipeline\13_CALON2_nonlinear_search.R,D:\CALON_FH_PORTABLE\code\R\13_CALON2_nonlinear_search.R,copy,45375,40fdeba4e29d59289b04efb60a44d043cb0d91d76da0ea9a742031801a94afed,ok
C:\Users\nader\Downloads\calon_ukb_pipeline\14_AF3_validate_SSS.py,D:\CALON_FH_PORTABLE\code\python\14_AF3_validate_SSS.py,copy,21484,d6fba158fa684b512275b4b83b2b38eb9446b6e6d0e81f4e28ca696728d1188f,ok
C:\Users\nader\Downloads\calon_ukb_pipeline\14_CALON2_UKB_develop.R,D:\CALON_FH_PORTABLE\code\R\14_CALON2_UKB_develop.R,copy,46633,029a940f21e33f06185633d7afae7ed1107a07f4389ebf938960e060d4aac0e3,ok
C:\Users\nader\Downloads\calon_ukb_pipeline\15_AF3_comprehensive_SSS_analysis.py,D:\CALON_FH_PORTABLE\code\python\15_AF3_comprehensive_SSS_analysis.py,copy,35678,4c4e7551eff3c6e57b1af2cf69cd2aa0cc3d250e7bf0103834b0b55d93ad0b4e,ok
C:\Users\nader\Downloads\calon_ukb_pipeline\15_CALON2_IECV.R,D:\CALON_FH_PORTABLE\code\R\15_CALON2_IECV.R,copy,36228,b1807503cbb56076b91dc79961062f47a4c46d88f716efc758961b8326b62962,ok
C:\Users\nader\Downloads\calon_ukb_pipeline\16_AF3_LOCO_CV_pooled_NMR.py,D:\CALON_FH_PORTABLE\code\python\16_AF3_LOCO_CV_pooled_NMR.py,copy,42985,a66880388a0b30b62eec6a799624be3845ec9219d6b53014c48b34be953ab8b1,ok
C:\Users\nader\Downloads\calon_ukb_pipeline\16_CALON2_Cox_MutationType.R,D:\CALON_FH_PORTABLE\code\R\16_CALON2_Cox_MutationType.R,copy,38277,6ca096b0b44d15ff95b86a8e4c3cfec99b360c7a797fb722a89c39938c1a410f,ok
C:\Users\nader\Downloads\calon_ukb_pipeline\17_AF3_MRI_ApoB_Lpa_integration.py,D:\CALON_FH_PORTABLE\code\python\17_AF3_MRI_ApoB_Lpa_integration.py,copy,35383,1d56aba7cc97fd0dde5154dcb1a37b08dacb082baf4363d671bd5b1a63ce36c4,ok
C:\Users\nader\Downloads\calon_ukb_pipeline\18_AF3_variant_LLT_response.py,D:\CALON_FH_PORTABLE\code\python\18_AF3_variant_LLT_response.py,copy,34322,4f08d00a7ee92a9e98f3db0bd011ed15f1d5472fbe5d06abf234a444be0fe13c,ok
C:\Users\nader\Downloads\calon_ukb_pipeline\19_SSS_AUC_adjusted.py,D:\CALON_FH_PORTABLE\code\python\19_SSS_AUC_adjusted.py,copy,12386,f35f3b58bf36e131e7424c5f8563ecffcc467a21005d2e6a8d1409715cc4553d,ok
C:\Users\nader\Downloads\calon_ukb_pipeline\20_variant_discordance_lpa.py,D:\CALON_FH_PORTABLE\code\python\20_variant_discordance_lpa.py,copy,12052,95c405a9bc86d63209208c715a0e030a1a687177eb50a6f8e0ade958b3297c38,ok
C:\Users\nader\Downloads\calon_ukb_pipeline\21_NMR_variants_AF3_ASCVD_patterns.py,D:\CALON_FH_PORTABLE\code\python\21_NMR_variants_AF3_ASCVD_patterns.py,copy,25305,d868a69ac088255b50e338be3539afbb36f6e9867dba30a4b6ea657f6cbbbc10,ok
C:\Users\nader\Downloads\calon_ukb_pipeline\22_NOBEL_multimodal_integration.py,D:\CALON_FH_PORTABLE\code\python\22_NOBEL_multimodal_integration.py,copy,39233,ce2735a09e5d7e6b27975af69832a76db6ea57318e7b25c992299385d997618a,ok
C:\Users\nader\Downloads\calon_ukb_pipeline\23_Nature_validation.py,D:\CALON_FH_PORTABLE\code\python\23_Nature_validation.py,copy,31305,7fe28d97e8015ee55af0a1a6855c05431dfd2c4a4e0b9cacc552e091421ec6bd,ok
C:\Users\nader\Downloads\calon_ukb_pipeline\23_SSS_AUC_hunt.py,D:\CALON_FH_PORTABLE\code\python\23_SSS_AUC_hunt.py,copy,14610,dc9344da9c543bdd6d0e396f24a0e06a4e345e9f528fca7519e362998671e27d,ok
C:\Users\nader\Downloads\calon_ukb_pipeline\24_residual_risk.py,D:\CALON_FH_PORTABLE\code\python\24_residual_risk.py,copy,9189,5eae7b8d830b42eecb8028fc888fa1d74e10cb090dd9ad415a5080ac2d6ad52a,ok
C:\Users\nader\Downloads\calon_ukb_pipeline\25_run_foldx_all.py,D:\CALON_FH_PORTABLE\code\python\25_run_foldx_all.py,copy,12907,6e5ac16027ba8d00c821bc5751cd1602e18c0d9a2ac8430717c1495d061fe543,ok
C:\Users\nader\Downloads\calon_ukb_pipeline\26_deep_signal_discovery.py,D:\CALON_FH_PORTABLE\code\python\26_deep_signal_discovery.py,copy,15249,14452ca6f61f04776f3267bbdab5cbd2d6dd6686ef4b110c9deb4e0d3f35bf2d,ok
C:\Users\nader\Downloads\calon_ukb_pipeline\27_VUS_reclassification_3cohort.py,D:\CALON_FH_PORTABLE\code\python\27_VUS_reclassification_3cohort.py,copy,24416,0fd9f930ddf0091083564ea75f574c024666303d07e57d3fabb4529aa27535ab,ok
C:\Users\nader\Downloads\calon_ukb_pipeline\28_annotate_ukb_vep.py,D:\CALON_FH_PORTABLE\code\python\28_annotate_ukb_vep.py,copy,12707,a0533e3f77dd93d389ea17f623224ba00f8230266f55fc7ffa8840a31fb70c9c,ok
C:\Users\nader\Downloads\calon_ukb_pipeline\28_extract_ukb_variants_RAP.py,D:\CALON_FH_PORTABLE\code\python\28_extract_ukb_variants_RAP.py,copy,28965,3e4ada1f26c17a7f51e5035133cea316da1bf64ce984798fc6f944a5b74e598c,ok
C:\Users\nader\Downloads\calon_ukb_pipeline\28_extract_ukb_variants_RAP.sh,D:\CALON_FH_PORTABLE\code\shell\28_extract_ukb_variants_RAP.sh,copy,5180,a22a0a1f6c462e38b2dc260b37162474b5d284a4052a7a34c953e617e36c0241,ok
C:\Users\nader\Downloads\calon_ukb_pipeline\29_match_ukb_to_sss.py,D:\CALON_FH_PORTABLE\code\python\29_match_ukb_to_sss.py,copy,8194,0424610fda28bd66eca664fc2f5f889e2c74c489515ce5881ffb8255c4812b64,ok
C:\Users\nader\Downloads\calon_ukb_pipeline\30_VUS_reclassification.py,D:\CALON_FH_PORTABLE\code\python\30_VUS_reclassification.py,copy,28683,2929cc7d847df019ab9493c5181677bc964481363e19982a4fb4716e808e4924,ok
C:\Users\nader\Downloads\calon_ukb_pipeline\31_external_validation_complete.py,D:\CALON_FH_PORTABLE\code\python\31_external_validation_complete.py,copy,28969,ab99b575856960db3b160c62c2e32c94707f4301e217a9944af0cacbb7a38589,ok
C:\Users\nader\Downloads\calon_ukb_pipeline\31_SSS_v2_domain_weighted.py,D:\CALON_FH_PORTABLE\code\python\31_SSS_v2_domain_weighted.py,copy,27339,235750880f787e70ad1002b5372fd4ef3326c7ecb8f6d2d21e8591c7a83461df,ok
C:\Users\nader\Downloads\calon_ukb_pipeline\32_SSS_UKB_develop_Wales_validate.py,D:\CALON_FH_PORTABLE\code\python\32_SSS_UKB_develop_Wales_validate.py,copy,39307,61f67542df35e3e8a58cc2b2055badc25a88a4dc5b8d5e746158b985442204c9,ok
C:\Users\nader\Downloads\calon_ukb_pipeline\33_where_sss_works.py,D:\CALON_FH_PORTABLE\code\python\33_where_sss_works.py,copy,13493,b3e1f813435bc9fd70e310ca81328dcb9e4178ba6a1282e1484a77cae2f2318a,ok
C:\Users\nader\Downloads\calon_ukb_pipeline\34_SSS_VUS_reclassification_test.py,D:\CALON_FH_PORTABLE\code\python\34_SSS_VUS_reclassification_test.py,copy,9256,723a4df22d06a0a51aed64c070d67930c159f226539ddda6bf471cd9a2f653d2,ok
C:\Users\nader\Downloads\calon_ukb_pipeline\35_cox_KM_compound_het.py,D:\CALON_FH_PORTABLE\code\python\35_cox_KM_compound_het.py,copy,20696,cc59e6b624466b2b290ad84a03b11bf5157f65a57510e289f9e0f49ab3060e1b,ok
C:\Users\nader\Downloads\calon_ukb_pipeline\36_LDLR_atlas.py,D:\CALON_FH_PORTABLE\code\python\36_LDLR_atlas.py,copy,23220,5a05d1fd3dc9f4956a0db372e050ee2b2ce6444f5956af3a43aaccdfbc750f1f,ok
C:\Users\nader\Downloads\calon_ukb_pipeline\37_foldx_saturation_mutagenesis.py,D:\CALON_FH_PORTABLE\code\python\37_foldx_saturation_mutagenesis.py,copy,28974,61ea61a6109677fee3b082032307fbe825abf3d4f24f663fd496a877112d65a6,ok
C:\Users\nader\Downloads\calon_ukb_pipeline\38_chimerax_prepare.py,D:\CALON_FH_PORTABLE\code\python\38_chimerax_prepare.py,copy,29237,69592f4f1747059079ac52f1149e9ab8400bd44976032f470fc0af9094867276,ok
C:\Users\nader\Downloads\calon_ukb_pipeline\38_chimerax_visualizations.cxc,D:\CALON_FH_PORTABLE\assets\38_chimerax_visualizations.cxc,copy,20737,8374c47bc637a7914171e37b31d87ee93bac0cb32ce6ed8ff9bdbb56f1d91892,ok
C:\Users\nader\Downloads\calon_ukb_pipeline\38_parse_af3_mutants.py,D:\CALON_FH_PORTABLE\code\python\38_parse_af3_mutants.py,copy,10317,0e8cbf48d77cb5b8d6bb1fd745a91b0527aa1b394ba8808160bd5afd30560ec9,ok
C:\Users\nader\Downloads\calon_ukb_pipeline\39_confidence_table.py,D:\CALON_FH_PORTABLE\code\python\39_confidence_table.py,copy,26054,9a98fcda9d801153be2edb2c8e9eef3c1eb24f40d128c0ba113eed2afb1ecbf3,ok
C:\Users\nader\Downloads\calon_ukb_pipeline\39_prepare_website_data.py,D:\CALON_FH_PORTABLE\code\python\39_prepare_website_data.py,copy,18794,a2c486cfe54373b05297c6f2abe663654b7bae22eeb6057c74577afa91548bdd,ok
C:\Users\nader\Downloads\calon_ukb_pipeline\40_alphafold3_mutant_sequences.py,D:\CALON_FH_PORTABLE\code\python\40_alphafold3_mutant_sequences.py,copy,15466,5be57589cdaa21a808d9af36c6c3ba40fc9b5aaa6190b25bb29c87baf545df83,ok
C:\Users\nader\Downloads\calon_ukb_pipeline\40_atlas_v3b_literature_update.py,D:\CALON_FH_PORTABLE\code\python\40_atlas_v3b_literature_update.py,copy,28234,95e61a0ce722200062e4e42397855af89c5c5170c22aa1d2fd8ffb4c732179e0,ok
C:\Users\nader\Downloads\calon_ukb_pipeline\41_af3_mutant_analysis.py,D:\CALON_FH_PORTABLE\code\python\41_af3_mutant_analysis.py,copy,16635,50e99640a5651f5de9681f8fad12e78e5dc9ff643b3e7e4f8ac2a508431dccb1,ok
C:\Users\nader\Downloads\calon_ukb_pipeline\41_build_website_v3b.py,D:\CALON_FH_PORTABLE\code\python\41_build_website_v3b.py,copy,82880,a45c3bb3756f19e0555f5469aab458cffb84cdd6d8a83b370fc7532895a3e1e7,ok
C:\Users\nader\Downloads\calon_ukb_pipeline\41_build_website_v3b_BACKUP.py,D:\CALON_FH_PORTABLE\code\python\41_build_website_v3b_BACKUP.py,copy,68667,34f0d2a23f7615c3125980825490f47f0ea453253a402ec45f1c022fe9aea478,ok
C:\Users\nader\Downloads\calon_ukb_pipeline\42_rebuild_sss_atlas_v3.py,D:\CALON_FH_PORTABLE\code\python\42_rebuild_sss_atlas_v3.py,copy,25215,2fb25be4079922ab1fddac95944649931eb508c24c45df792dd1fca0142e28d7,ok
C:\Users\nader\Downloads\calon_ukb_pipeline\43_DCA_and_TUDOR_calculator.py,D:\CALON_FH_PORTABLE\code\python\43_DCA_and_TUDOR_calculator.py,copy,9200,6cf651a2fb22b5defab946388a898c8ecc97d0c47b38f2ff6a330c3022e37c5e,ok
C:\Users\nader\Downloads\calon_ukb_pipeline\44_reviewer_analyses.py,D:\CALON_FH_PORTABLE\code\python\44_reviewer_analyses.py,copy,20293,e062670a55bc7a3f2f14b5ad653592280d39c6fcae856307eb7578ad1a6b5bc6,ok
C:\Users\nader\Downloads\calon_ukb_pipeline\45_nobel_critical_analyses.py,D:\CALON_FH_PORTABLE\code\python\45_nobel_critical_analyses.py,copy,27794,c181d47f24ba0742f3ea5789df6629cba977ce3b9d59798ce18de2e78d47777f,ok
C:\Users\nader\Downloads\calon_ukb_pipeline\46_clinvar_validation_and_nobel_gaps.py,D:\CALON_FH_PORTABLE\code\python\46_clinvar_validation_and_nobel_gaps.py,copy,35283,1a1ee0d51a53c7005c6bfbfd9c1506159cc434db655ef6972b70163a078179b6,ok
C:\Users\nader\Downloads\calon_ukb_pipeline\47_split_cohort_and_clinvar_mega_validation.py,D:\CALON_FH_PORTABLE\code\python\47_split_cohort_and_clinvar_mega_validation.py,copy,35280,814d635c51767d6f3e92bd257947a98207c227b52668d3db8994256764e4fe3a,ok
C:\Users\nader\Downloads\calon_ukb_pipeline\48_prove_three_aims.py,D:\CALON_FH_PORTABLE\code\python\48_prove_three_aims.py,copy,43300,3990c2b2835cc95fae8af1016e721835d6d0d9d0881bc9ec9cbc09499e6a05ba,ok
C:\Users\nader\Downloads\calon_ukb_pipeline\49_head_to_head_pathogenicity.py,D:\CALON_FH_PORTABLE\code\python\49_head_to_head_pathogenicity.py,copy,25415,3c01b476533d1a1cb58b1c83dc92f68e512d45c395a8048a0e09ac53151d6e05,ok
C:\Users\nader\Downloads\calon_ukb_pipeline\50_structural_pharmacogenomics.py,D:\CALON_FH_PORTABLE\code\python\50_structural_pharmacogenomics.py,copy,29476,8ffb88153ee82dd0674042b3146ddad636a98ff6d215849139251f8874e3b7e6,ok
C:\Users\nader\Downloads\calon_ukb_pipeline\51_brca1_generalisability.py,D:\CALON_FH_PORTABLE\code\python\51_brca1_generalisability.py,copy,23679,787e7e219081e5edc102e314e42a800e1028e32a2e2538f27705c559a54b8b00,ok
C:\Users\nader\Downloads\calon_ukb_pipeline\52_cardiac_mri_and_biomarker_protocol.py,D:\CALON_FH_PORTABLE\code\python\52_cardiac_mri_and_biomarker_protocol.py,copy,21936,5a9e313494ea8a4cd188248273436695d22359157b5e1c9f1a470263f4b10f57,ok
C:\Users\nader\Downloads\calon_ukb_pipeline\52_cardiac_mri_by_domain.py,D:\CALON_FH_PORTABLE\code\python\52_cardiac_mri_by_domain.py,copy,22775,97fb5b6c8af1c810d6327748335e0a48d3aba36dcd7d114c746dccb6e66a0c59,ok
C:\Users\nader\Downloads\calon_ukb_pipeline\53_aortic_phenotype_panel.py,D:\CALON_FH_PORTABLE\code\python\53_aortic_phenotype_panel.py,copy,31904,0208406d8bb508c62b5a4dd905d0a5daca6f2c94ea5f667e1069a2ca7bc357de,ok
C:\Users\nader\Downloads\calon_ukb_pipeline\54_LPA_alphafold3_foldx.py,D:\CALON_FH_PORTABLE\code\python\54_LPA_alphafold3_foldx.py,copy,14988,6c5a7ae0799390de5cd98c908fee491f90ac6114ff58f680dbb7b3ef81b4766a,ok
C:\Users\nader\Downloads\calon_ukb_pipeline\55_lpa_aortic_stenosis_stratified.py,D:\CALON_FH_PORTABLE\code\python\55_lpa_aortic_stenosis_stratified.py,copy,11619,2b50d36afc03dd9bef0484202567883d0dec34f10b600d42207b5de141ff123f,ok
C:\Users\nader\Downloads\calon_ukb_pipeline\56_apob_discordance_fh_vs_matched.py,D:\CALON_FH_PORTABLE\code\python\56_apob_discordance_fh_vs_matched.py,copy,19818,7864a1bda5dc2ccd8b4012eb65fcbbf1ec2d944462157b91c7d80c03fa4daa3a,ok
C:\Users\nader\Downloads\calon_ukb_pipeline\57_lpa_by_mutation_adjusted.py,D:\CALON_FH_PORTABLE\code\python\57_lpa_by_mutation_adjusted.py,copy,20124,607df44c55fb842586d7b228fcd45f7a566a26661a5b132df4c8b67639847cc0,ok
C:\Users\nader\Downloads\calon_ukb_pipeline\58_lpa_adjusted_mutation_level.py,D:\CALON_FH_PORTABLE\code\python\58_lpa_adjusted_mutation_level.py,copy,27439,9018e9c263ed94aee0fb046fc429debd3780e003e1e01183bf1caab3226e3004,ok
C:\Users\nader\Downloads\calon_ukb_pipeline\59_confounder_detail.py,D:\CALON_FH_PORTABLE\code\python\59_confounder_detail.py,copy,13202,79adf0ec72ca70f4e2f4824a85f7c18dbe4488c6bf75acef386ed0db2eeb557f,ok
C:\Users\nader\Downloads\calon_ukb_pipeline\60_research_gap_assessment.py,D:\CALON_FH_PORTABLE\code\python\60_research_gap_assessment.py,copy,12074,2070e646ffb8aab75d9f9536ed42111a030492fdb64bdc9b4fc205ea4565a7c1,ok
C:\Users\nader\Downloads\calon_ukb_pipeline\61_lpa_corrected_tudor.py,D:\CALON_FH_PORTABLE\code\python\61_lpa_corrected_tudor.py,copy,12552,7e4ae14d4171e52520a4a431b364e28ef2bc45b26289e8012a97af65f7e86f7e,ok
C:\Users\nader\Downloads\calon_ukb_pipeline\62_ancestry_paradox_lpa.py,D:\CALON_FH_PORTABLE\code\python\62_ancestry_paradox_lpa.py,copy,13752,9f08773befa7c2fd72085ce0f86fb9a6420e424988a909122cccf53d8ca4feeb,ok
C:\Users\nader\Downloads\calon_ukb_pipeline\63_LPA_foldx_chimerax_pipeline.py,D:\CALON_FH_PORTABLE\code\python\63_LPA_foldx_chimerax_pipeline.py,copy,17974,f2b570c03947b17de101bdb4e713db2a7f29da99611112d37b28bda2eeae2dc4,ok
C:\Users\nader\Downloads\calon_ukb_pipeline\64_run_lpa_saturation_parallel.py,D:\CALON_FH_PORTABLE\code\python\64_run_lpa_saturation_parallel.py,copy,7739,ae5aab31a998b877c7843f9dae7ccf222fceb5ba4a8b8e363bdc6561e3322c3e,ok
C:\Users\nader\Downloads\calon_ukb_pipeline\65_nature_gaps_fill.py,D:\CALON_FH_PORTABLE\code\python\65_nature_gaps_fill.py,copy,16002,bf40c82ab993b3c203979c7c919f4956171c23bd513c8482201af40290ddf892,ok
C:\Users\nader\Downloads\calon_ukb_pipeline\66_lpa_ascvd_fh_deep_investigation.py,D:\CALON_FH_PORTABLE\code\python\66_lpa_ascvd_fh_deep_investigation.py,copy,15535,8b3fe98267d9e1c2c8a190f7ea1b0122d36776965f2a2efe38190fc879759846,ok
C:\Users\nader\Downloads\calon_ukb_pipeline\67_structural_competition_model.py,D:\CALON_FH_PORTABLE\code\python\67_structural_competition_model.py,copy,13602,9a830862f73d2c726321a0490999e0545c3f46c45a2456c429ab00a734e7247c,ok
C:\Users\nader\Downloads\calon_ukb_pipeline\68_pseudoFH_nmr_classifier.py,D:\CALON_FH_PORTABLE\code\python\68_pseudoFH_nmr_classifier.py,copy,16086,08f060a8ed109074691b3c9a02aea4ad4cb3cf9428fc8078a4f9606ed992f65e,ok
C:\Users\nader\Downloads\calon_ukb_pipeline\69_comprehensive_lpa_analysis.py,D:\CALON_FH_PORTABLE\code\python\69_comprehensive_lpa_analysis.py,copy,15496,b32cba654a9551a9fd227b1ee53badce782155e04c2b905e354a9807e08dc784,ok
C:\Users\nader\Downloads\calon_ukb_pipeline\70_remaining_gaps.py,D:\CALON_FH_PORTABLE\code\python\70_remaining_gaps.py,copy,12633,fce081ff4b1cb2d4c5a1977f78680b2029cb5f37924aaa74d57da2dd16872e5d,ok
C:\Users\nader\Downloads\calon_ukb_pipeline\71_fix_all_concerns.py,D:\CALON_FH_PORTABLE\code\python\71_fix_all_concerns.py,copy,24799,8fdc355ec52d92135d23814fb1b585ea410f6b16756e89f43e8603aeddc6c219,ok
C:\Users\nader\Downloads\calon_ukb_pipeline\72_detailed_thresholds_correlations.py,D:\CALON_FH_PORTABLE\code\python\72_detailed_thresholds_correlations.py,copy,13083,9b476eacba9266729e474187de74d16e7e22230ae3df0b325dd40192f0e4bd6c,ok
C:\Users\nader\Downloads\calon_ukb_pipeline\73_lpa_special_populations.py,D:\CALON_FH_PORTABLE\code\python\73_lpa_special_populations.py,copy,10753,379e3538d08d34ad99d58306fdba290a9b5248b111b0f0c8468c855b1e8b0ba0,ok
C:\Users\nader\Downloads\calon_ukb_pipeline\99_extract_frozen_coefficients.R,D:\CALON_FH_PORTABLE\code\R\99_extract_frozen_coefficients.R,copy,28755,d4743fb87e3c92d7701db4a1ee03c50bf769354080faf9cb0e9560ab866be372,ok
C:\Users\nader\Downloads\calon_ukb_pipeline\AF3_AlphaFold3_FH_Manuscript_NOBEL_v2.docx,D:\CALON_FH_PORTABLE\manuscripts\AF3_AlphaFold3_FH_Manuscript_NOBEL_v2.docx,copy,113700,48bffa128e38982fa9a42d36f510777ffdb480dfc74e03a0ad81f43dee95da63,ok
C:\Users\nader\Downloads\calon_ukb_pipeline\AF3_manuscript_docx.py,D:\CALON_FH_PORTABLE\code\python\AF3_manuscript_docx.py,copy,42291,0d0152b8c6bc757919dfead91e22c41d9f137e7a43a49fe9b07b3309a39a78ff,ok
C:\Users\nader\Downloads\calon_ukb_pipeline\AF3_manuscript_figures.R,D:\CALON_FH_PORTABLE\code\R\AF3_manuscript_figures.R,copy,84135,d261a72395b22745feed91133fd2125fc0233db413a8d4e5d6a4f098f5395795,ok
C:\Users\nader\Downloads\calon_ukb_pipeline\AF3_manuscript_nobel.py,D:\CALON_FH_PORTABLE\code\python\AF3_manuscript_nobel.py,copy,262316,e47dae3328a01a154a656d25ed5608c972a0af4e54fe7c74e304dca906bab766,ok
C:\Users\nader\Downloads\calon_ukb_pipeline\AF3_manuscript_part1.py,D:\CALON_FH_PORTABLE\code\python\AF3_manuscript_part1.py,copy,42801,e50213b3aa4acfa57f1d7b1eb6ffb349a7dceab12987f0d038c9619148562ac2,ok
C:\Users\nader\Downloads\calon_ukb_pipeline\AF3_manuscript_part2.py,D:\CALON_FH_PORTABLE\code\python\AF3_manuscript_part2.py,copy,39193,645f5a6394e361722da1e0494b25727b2b97858cf99fc588ec9fc9c1b64ae2f8,ok
C:\Users\nader\Downloads\calon_ukb_pipeline\AF3_manuscript_part3.py,D:\CALON_FH_PORTABLE\code\python\AF3_manuscript_part3.py,copy,34021,45cfc5392339f473628f5d9bc2214b4815010dde9fed7af8a4285d3285e4e806,ok
C:\Users\nader\Downloads\calon_ukb_pipeline\AF3_manuscript_tables.R,D:\CALON_FH_PORTABLE\code\R\AF3_manuscript_tables.R,copy,37892,8b195e8d8606a42502a35f8b123433a3ce19e8de18f59c12e6db5173d277a7d6,ok
C:\Users\nader\Downloads\calon_ukb_pipeline\AF3_R_validation.R,D:\CALON_FH_PORTABLE\code\R\AF3_R_validation.R,copy,36066,b0875073c0fd40fea193c09fc995910197302267da557d4800d173cd8bf0de21,ok
C:\Users\nader\Downloads\calon_ukb_pipeline\apob_fh_vs_nonfh.R,D:\CALON_FH_PORTABLE\code\R\apob_fh_vs_nonfh.R,copy,23381,f10cdb0e6c43449ada6ca290fb0fe86fbc3e67d53d19aa427cb21910151c24a6,ok
C:\Users\nader\Downloads\calon_ukb_pipeline\apob_fh_vs_nonfh_v2.R,D:\CALON_FH_PORTABLE\code\R\apob_fh_vs_nonfh_v2.R,copy,19212,84ff0070a2d8b6c56cc8dcdfa4be1f8eaefa8401c8b3c55689d9956cbfede350,ok
C:\Users\nader\Downloads\calon_ukb_pipeline\apob_fh_vs_nonfh_v3.R,D:\CALON_FH_PORTABLE\code\R\apob_fh_vs_nonfh_v3.R,copy,16531,a436c89d3e89d0f3cd8dafbf4f38b4b19164d55541d6550da88df92628a061ab,ok
C:\Users\nader\Downloads\calon_ukb_pipeline\AUDIT_ascvd_vs_htn.R,D:\CALON_FH_PORTABLE\code\R\AUDIT_ascvd_vs_htn.R,copy,3517,1abb065e4e79a395475c4069f21b45f7a7d0b8bae4ced64f3be932c9d0fed56e,ok
C:\Users\nader\Downloads\calon_ukb_pipeline\build_CALON_discussion_docx.py,D:\CALON_FH_PORTABLE\code\python\build_CALON_discussion_docx.py,copy,10057,9b50b3a2b1a67b9dcbd829bf173f335c4de843b74fdcc9873851e2048fa65f00,ok
C:\Users\nader\Downloads\calon_ukb_pipeline\build_TUDOR_R2_supplementary.py,D:\CALON_FH_PORTABLE\code\python\build_TUDOR_R2_supplementary.py,copy,19501,81a22be760884f489db7d9c4d7032a8bb60b8708319c88e31c0921fabb8fa3e4,ok
C:\Users\nader\Downloads\calon_ukb_pipeline\build_TUDOR_v5_REVIEW_docx.py,D:\CALON_FH_PORTABLE\code\python\build_TUDOR_v5_REVIEW_docx.py,copy,25789,dfd09351ad50b6bb6489ba76c9829018edc9c36f60389298c03a9654afdf71b0,ok
C:\Users\nader\Downloads\calon_ukb_pipeline\CALON_clinical_analysis_dataset.csv,D:\CALON_FH_PORTABLE\data\CALON_clinical_analysis_dataset.csv,copy,72588285,2cbe903fc6eaaa867b2f54e8bdce183e390460858c0136425749cc14c894893e,ok
C:\Users\nader\Downloads\calon_ukb_pipeline\CALON_CLINICAL_inventory.py,D:\CALON_FH_PORTABLE\code\python\CALON_CLINICAL_inventory.py,copy,4149,12e010beb00be25b4fd4f51517f57adad91b713a781d3df08985f01a75bb45c2,ok
C:\Users\nader\Downloads\calon_ukb_pipeline\CALON_CLINICAL_MODEL.md,D:\CALON_FH_PORTABLE\docs_md\CALON_CLINICAL_MODEL.md,copy,9618,7a61ddd3ce3edab7b16b9ba0fab0f3c6893f1caeb616061a23476a15d4319bf2,ok
C:\Users\nader\Downloads\calon_ukb_pipeline\CALON_clinical_model.py,D:\CALON_FH_PORTABLE\code\python\CALON_clinical_model.py,copy,20680,c20fc1149f75bed7bdfec0d22292ee54382040ba676b6e416e488f89339c0aec,ok
C:\Users\nader\Downloads\calon_ukb_pipeline\CALON_clinical_model_v2.py,D:\CALON_FH_PORTABLE\code\python\CALON_clinical_model_v2.py,copy,10082,ef19111d2a23c5712932f697d4ab32e8e97c999ce979a619bd7d9ac1699b5c7a,ok
C:\Users\nader\Downloads\calon_ukb_pipeline\CALON_clinical_results.csv,D:\CALON_FH_PORTABLE\data\CALON_clinical_results.csv,copy,255,4fb4ac782b4a838cb02f46a3a8cefe1099c33f82385772a39a6ac98ee8bc5dc2,ok
C:\Users\nader\Downloads\calon_ukb_pipeline\CALON_clinical_RUN_LOG.txt,D:\CALON_FH_PORTABLE\assets\CALON_clinical_RUN_LOG.txt,copy,2541,8d519b5e62838d561f198b82d306268686c6e38a76449f04743b386c058ec013,ok
C:\Users\nader\Downloads\calon_ukb_pipeline\CALON_clinical_TRACEABILITY.csv,D:\CALON_FH_PORTABLE\data\CALON_clinical_TRACEABILITY.csv,copy,3345,126d53f3adf2654becab9a2e88bcc81916517f3b551af61262a3da9e61161c29,ok
C:\Users\nader\Downloads\calon_ukb_pipeline\CALON_FH_full_model.py,D:\CALON_FH_PORTABLE\code\python\CALON_FH_full_model.py,copy,19355,a70ea173401642e44a68dfb2fbc18cbe1c1d3bd27ed46e0c2c36d7286d787d4d,ok
C:\Users\nader\Downloads\calon_ukb_pipeline\CALON_FH_HeartUK_Abstract.docx,D:\CALON_FH_PORTABLE\manuscripts\CALON_FH_HeartUK_Abstract.docx,copy,2424667,97d80525250b979dff19a1cb360fb37c6140eb1a0ca868768eb0df13ac6ec5a6,ok
C:\Users\nader\Downloads\calon_ukb_pipeline\CALON_FH_perfect_external.py,D:\CALON_FH_PORTABLE\code\python\CALON_FH_perfect_external.py,copy,24628,3f0daeb972046bb26791191f8fd717fd8e4587540bfc6868679259d08c4179d2,ok
C:\Users\nader\Downloads\calon_ukb_pipeline\CALON_FH_perfect_model.py,D:\CALON_FH_PORTABLE\code\python\CALON_FH_perfect_model.py,copy,36287,c4836781769954d94f356613666bb2dab4f48043d6bb36cf4c44a17ffd2611cf,ok
C:\Users\nader\Downloads\calon_ukb_pipeline\CALON_FH_perfect_sensitivity.py,D:\CALON_FH_PORTABLE\code\python\CALON_FH_perfect_sensitivity.py,copy,21088,d0c4733d0ffbb45dec08af0e5b6577c72ef8264c3efd0147657f97aeaeb159e0,ok
C:\Users\nader\Downloads\calon_ukb_pipeline\CALON_FH_RE_external.py,D:\CALON_FH_PORTABLE\code\python\CALON_FH_RE_external.py,copy,22290,3c6eba3224b0ed2cd6f0985e1b1423a4be7eb1a12aea45f1f1f87dcf601c8579,ok
C:\Users\nader\Downloads\calon_ukb_pipeline\CALON_FINAL.py,D:\CALON_FH_PORTABLE\code\python\CALON_FINAL.py,copy,32765,61aad9abbe7ea6d6d55ef49bb11a3878f90d20df7207691c11ec179676f8032f,ok
C:\Users\nader\Downloads\calon_ukb_pipeline\CALON_FINAL_analysis.R,D:\CALON_FH_PORTABLE\code\R\CALON_FINAL_analysis.R,copy,81653,d87ef479d8a6d87af7482fbb209c1796a80470cd30140176b76594658bc32933,ok
C:\Users\nader\Downloads\calon_ukb_pipeline\CALON_FINAL_v7.py,D:\CALON_FH_PORTABLE\code\python\CALON_FINAL_v7.py,copy,32999,a8b1330971eb4ce5b7733bfabf167676a2e48fcf98b566e3decdd76f84e9981c,ok
C:\Users\nader\Downloads\calon_ukb_pipeline\CALON_FINAL_v7_figures.py,D:\CALON_FH_PORTABLE\code\python\CALON_FINAL_v7_figures.py,copy,11849,63693edf5b09b79f870e2b44d03a10314e65ad415ad8273d14a21f9ca7eb4852,ok
C:\Users\nader\Downloads\calon_ukb_pipeline\CALON_Lite_noLpa_odds_ratios.csv,D:\CALON_FH_PORTABLE\data\CALON_Lite_noLpa_odds_ratios.csv,copy,336,0bd154b1bc184381b446bd6fa9187656d10874c43700f743fa11c05bf5129134,ok
C:\Users\nader\Downloads\calon_ukb_pipeline\CALON_Lite_odds_ratios.csv,D:\CALON_FH_PORTABLE\data\CALON_Lite_odds_ratios.csv,copy,376,621a2333605a4130effa9bc8108a87c9b589437e59d61bb69d0df8d5de8d592e,ok
C:\Users\nader\Downloads\calon_ukb_pipeline\CALON_LOCO_CV.R,D:\CALON_FH_PORTABLE\code\R\CALON_LOCO_CV.R,copy,872,5226fd2ad3122ef06a84e3297672bdf53bfc3feaf243d92c4f667598409e4e44,ok
C:\Users\nader\Downloads\calon_ukb_pipeline\CALON_MI_validation.R,D:\CALON_FH_PORTABLE\code\R\CALON_MI_validation.R,copy,103075,d3ed01c3cd8dec6a4005421d3fd9961dd2a63267c2d44a2ceb9fa740b5a9ee8d,ok
C:\Users\nader\Downloads\calon_ukb_pipeline\CALON_MR.py,D:\CALON_FH_PORTABLE\code\python\CALON_MR.py,copy,15218,1d151edfa53aa91d732bf667ea203561691fd1826e5039b4a93c1116c8824031,ok
C:\Users\nader\Downloads\calon_ukb_pipeline\calon_mr_core.py,D:\CALON_FH_PORTABLE\code\python\calon_mr_core.py,copy,4701,c1447b5337b3c08c2a3ce21155de311b3d4145fac6ea02fbb323458b88e4de59,ok
C:\Users\nader\Downloads\calon_ukb_pipeline\CALON_MR_results.csv,D:\CALON_FH_PORTABLE\data\CALON_MR_results.csv,copy,399,f2f1a0d871a8ed8e2eadcad831ec1cd6ea6f91bbc80468769e5325732f1687ef,ok
C:\Users\nader\Downloads\calon_ukb_pipeline\CALON_MR_results.md,D:\CALON_FH_PORTABLE\docs_md\CALON_MR_results.md,copy,1788,e5ae13cb8d4a2faee473f392a4b04ce36e43a63dd3b53dcb91a38e13b6d5909d,ok
C:\Users\nader\Downloads\calon_ukb_pipeline\CALON_MR_TRACEABILITY.csv,D:\CALON_FH_PORTABLE\data\CALON_MR_TRACEABILITY.csv,copy,944,7d772196cf2c879a6b9aa318bfd4b0f8d7bf9263ecaaac9485d6dbe6ae0637d0,ok
C:\Users\nader\Downloads\calon_ukb_pipeline\CALON_NEW.R,D:\CALON_FH_PORTABLE\code\R\CALON_NEW.R,copy,32682,8b8a5047547938f9c65c1fdb183a364101766015b7df4366ec440725d61e387f,ok
C:\Users\nader\Downloads\calon_ukb_pipeline\CALON_NEW_v2.R,D:\CALON_FH_PORTABLE\code\R\CALON_NEW_v2.R,copy,70358,63c84fd684eebb8d36e2eb467e1d39fef514c0146d500475e4286a76f0018243,ok
C:\Users\nader\Downloads\calon_ukb_pipeline\CALON_PAPER1_C2_RECONSTRUCT.py,D:\CALON_FH_PORTABLE\code\python\CALON_PAPER1_C2_RECONSTRUCT.py,copy,3543,57b6e25cda14510e6d10abd884334d8891fffc457966f7515feaf315b2b7f498,ok
C:\Users\nader\Downloads\calon_ukb_pipeline\CALON_Paper1_Discussion_TRACEABLE.docx,D:\CALON_FH_PORTABLE\manuscripts\CALON_Paper1_Discussion_TRACEABLE.docx,copy,40345,c793debc75e6223878d6d294bfda19d61fbaa2f5b74b652fe92908bdec92ba0f,ok
C:\Users\nader\Downloads\calon_ukb_pipeline\CALON_Paper1_Discussion_TRACEABLE.md,D:\CALON_FH_PORTABLE\docs_md\CALON_Paper1_Discussion_TRACEABLE.md,copy,9755,56722e411856d3a29f4949e023b6768422880d03666b11eb978256fbef6f8f39,ok
C:\Users\nader\Downloads\calon_ukb_pipeline\CALON_PAPER1_TRACE.py,D:\CALON_FH_PORTABLE\code\python\CALON_PAPER1_TRACE.py,copy,5512,ee3f8878c0ed2e0baf9f2c0512ebe30ed498757c6225677f75121eed6dec56d4,ok
C:\Users\nader\Downloads\calon_ukb_pipeline\CALON_PAPER1_TRACE_LEDGER.csv,D:\CALON_FH_PORTABLE\data\CALON_PAPER1_TRACE_LEDGER.csv,copy,814,8ba4b14405a5435e972e975a8e278771d861f93cabb0f4f674bf40f8e0e6e134,ok
C:\Users\nader\Downloads\calon_ukb_pipeline\CALON_poster_data_export.py,D:\CALON_FH_PORTABLE\code\python\CALON_poster_data_export.py,copy,16524,196fcd5ec267d7114e7ce9477a26d15e86799e2b1f0951ed90f9b7960bd9e298,ok
C:\Users\nader\Downloads\calon_ukb_pipeline\CALON_SRE_categorical_recompute.py,D:\CALON_FH_PORTABLE\code\python\CALON_SRE_categorical_recompute.py,copy,10122,c20eff030e07441db034f9226588818ad2b0b85f12ccada0d1f181966489b019,ok
C:\Users\nader\Downloads\calon_ukb_pipeline\CALON_SRE_corrected_recompute.py,D:\CALON_FH_PORTABLE\code\python\CALON_SRE_corrected_recompute.py,copy,10082,1297db42371551f97d0a65452f60c5a2bcbe98c5f2f52947d1e8a2f7b6f8bc3b,ok
C:\Users\nader\Downloads\calon_ukb_pipeline\CALON_SRE_extended.py,D:\CALON_FH_PORTABLE\code\python\CALON_SRE_extended.py,copy,18328,7ddc6012c84d6b20cc5295d5ac174bdecb58f38675a76dfc8f36161cf97ae316,ok
C:\Users\nader\Downloads\calon_ukb_pipeline\CALON_UKB_Field_Dictionary.md,D:\CALON_FH_PORTABLE\docs_md\CALON_UKB_Field_Dictionary.md,copy,9150,e77c86a06b460cfcd8ea1762e8d610d0ccb4f2b07dc56b3047b729b1884b75c2,ok
C:\Users\nader\Downloads\calon_ukb_pipeline\CALON_v2.py,D:\CALON_FH_PORTABLE\code\python\CALON_v2.py,copy,16767,adb11804e74542be2074a8b538046a73ce26eb1e7082257e777c11b37fd38ffc,ok
C:\Users\nader\Downloads\calon_ukb_pipeline\CALON_v3.py,D:\CALON_FH_PORTABLE\code\python\CALON_v3.py,copy,17828,d67a76d4e5b8a2d6d4fa6192231fd483d20eb42a2588192c29cf0dc951c79138,ok
C:\Users\nader\Downloads\calon_ukb_pipeline\CALON_v4.py,D:\CALON_FH_PORTABLE\code\python\CALON_v4.py,copy,19018,98a7f8b060d9d7a88ad115ba321e8d99fb9b0deffe345015b4a09e4be797fe7d,ok
C:\Users\nader\Downloads\calon_ukb_pipeline\CALON_v4b.py,D:\CALON_FH_PORTABLE\code\python\CALON_v4b.py,copy,17312,3dc0927dec18ce84c35c53c5682b7379c7088457727e51a6be2bcfa52494391e,ok
C:\Users\nader\Downloads\calon_ukb_pipeline\CALON_v4c.py,D:\CALON_FH_PORTABLE\code\python\CALON_v4c.py,copy,19827,cb18812ed200e00ebc4616541dc5ed11efd49889b471da086edda9399b5c1db3,ok
C:\Users\nader\Downloads\calon_ukb_pipeline\CALON_v5.py,D:\CALON_FH_PORTABLE\code\python\CALON_v5.py,copy,19219,468e0cafb33756fbdeedd6bdd177b14606a962790811be2e53ae0dcc65cf1cf6,ok
C:\Users\nader\Downloads\calon_ukb_pipeline\CALON_v6.py,D:\CALON_FH_PORTABLE\code\python\CALON_v6.py,copy,17238,8608fc4e4beb3c52e29eecf2f18336f9f9c350b07b2981c2c0de9bf307df6923,ok
C:\Users\nader\Downloads\calon_ukb_pipeline\CALON_v7_clean.py,D:\CALON_FH_PORTABLE\code\python\CALON_v7_clean.py,copy,20546,b586dbb60d5bffd8060235f02eff95afba5979f7dd405fc19818add270de5b54,ok
C:\Users\nader\Downloads\calon_ukb_pipeline\CALON_v7_subgroup_NRI.py,D:\CALON_FH_PORTABLE\code\python\CALON_v7_subgroup_NRI.py,copy,16795,5225edf1bd22195efd6084b8f2c193cac98c09e273f18cb15eb66370fe295fc8,ok
C:\Users\nader\Downloads\calon_ukb_pipeline\CALON_X2_Figures.R,D:\CALON_FH_PORTABLE\code\R\CALON_X2_Figures.R,copy,24144,28a7b348ff764fd6d34b752fab7f2ecac319df8ee6d861e2fb2e56a61320eb3a,ok
C:\Users\nader\Downloads\calon_ukb_pipeline\CALON_X2_odds_ratios.csv,D:\CALON_FH_PORTABLE\data\CALON_X2_odds_ratios.csv,copy,461,e1141109fb2d277840dfbb9d8f66131bf030b71b7c7a7aeef0a334518f85fb3c,ok
C:\Users\nader\Downloads\calon_ukb_pipeline\CALON_X3_PRS_coefficients.csv,D:\CALON_FH_PORTABLE\data\CALON_X3_PRS_coefficients.csv,copy,1064,dcff526c37a6a178d33a7c484e906e36958c19ce7a77998c224e7f1d7d3b8ac4,ok
C:\Users\nader\Downloads\calon_ukb_pipeline\CALON_X_analysis.R,D:\CALON_FH_PORTABLE\code\R\CALON_X_analysis.R,copy,135812,63aa947e547c6f8737220a7cd31526b6b1cfe29439705077070a02794cd0269b,ok
C:\Users\nader\Downloads\calon_ukb_pipeline\CALON_X_manuscript_v4.txt,D:\CALON_FH_PORTABLE\assets\CALON_X_manuscript_v4.txt,copy,100345,ba798aea7428784e87a42de26757a72e3cf4332601ee825948e27dd4d421fa3d,ok
C:\Users\nader\Downloads\calon_ukb_pipeline\CALON_X_odds_ratios.csv,D:\CALON_FH_PORTABLE\data\CALON_X_odds_ratios.csv,copy,510,590232091c2821f21a4578536e1e01208e1bfdaf889f65b12dbe1abfc93811c0,ok
C:\Users\nader\Downloads\calon_ukb_pipeline\check_dragon.R,D:\CALON_FH_PORTABLE\code\R\check_dragon.R,copy,966,168fca52d108920add47ddc85124cd7d79e214c436b6da46cac2ca1e54f11bfa,ok
C:\Users\nader\Downloads\calon_ukb_pipeline\check_tudor.R,D:\CALON_FH_PORTABLE\code\R\check_tudor.R,copy,342,88c9db30e6355b673f0e675884ba68805a03bfbf6994f37d326eeeb3c6be40b4,ok
C:\Users\nader\Downloads\calon_ukb_pipeline\check_tudor2.R,D:\CALON_FH_PORTABLE\code\R\check_tudor2.R,copy,150,c7ef05460541aa0d4b1349b115bb67747b02ccfbf247f2ef8035273ead0d99cf,ok
C:\Users\nader\Downloads\calon_ukb_pipeline\check_ukb_fh.R,D:\CALON_FH_PORTABLE\code\R\check_ukb_fh.R,copy,716,a14db8fb8edc7de73e0ccbf0b5be4ebcd79ab9ec7717ce21f6947604125430b6,ok
C:\Users\nader\Downloads\calon_ukb_pipeline\claim_refresh_v6.csv,D:\CALON_FH_PORTABLE\data\claim_refresh_v6.csv,copy,1583,04b07c86c42243c39072f6b452a415b23c05d7dde0990adce0125c418c2b1e89,ok
C:\Users\nader\Downloads\calon_ukb_pipeline\CREATE_FOLDX_BUNDLE.sh,D:\CALON_FH_PORTABLE\code\shell\CREATE_FOLDX_BUNDLE.sh,copy,1991,d46a0bfe4f5f9c46e084b39180446cbf5f7b14ad3ba4b3fa03490ae52c5c4d44,ok
C:\Users\nader\Downloads\calon_ukb_pipeline\data_dictionary.tsv,D:\CALON_FH_PORTABLE\data\data_dictionary.tsv,copy,0,e3b0c44298fc1c149afbf4c8996fb92427ae41e4649b934ca495991b7852b855,ok
C:\Users\nader\Downloads\calon_ukb_pipeline\DRAGON_3.csv,D:\CALON_FH_PORTABLE\data\DRAGON_3.csv,copy,568362,9950e31ed71de49020e2a208b3053d6663cdcceac1cf8e620c86fd8d6eb0b49f,ok
C:\Users\nader\Downloads\calon_ukb_pipeline\ehaf190.pdf,D:\CALON_FH_PORTABLE\manuscripts\ehaf190.pdf,copy,2226653,5f4dbdbb19a0ec8a703634da393878720e633e3599572916360732a63658c84f,ok
C:\Users\nader\Downloads\calon_ukb_pipeline\eurheartj_41_1_111.pdf,D:\CALON_FH_PORTABLE\manuscripts\eurheartj_41_1_111.pdf,copy,2534219,67f674c573c17df6a8a3ceb2dbe5319adad6e6620daa791b02877cb049369388,ok
C:\Users\nader\Downloads\calon_ukb_pipeline\execute_TUDOR_R1_to_R2_revision.py,D:\CALON_FH_PORTABLE\code\python\execute_TUDOR_R1_to_R2_revision.py,copy,22644,f65c7a16624f7f9ef55ff1d19468c4835868bf6923e50baaf715b532aa42f111,ok
C:\Users\nader\Downloads\calon_ukb_pipeline\extract_olink_full_panel_RAP.sh,D:\CALON_FH_PORTABLE\code\shell\extract_olink_full_panel_RAP.sh,copy,8728,1625cd93fb3acb34c34c125d88beb1023261a634c7432d32c03563ee20726791,ok
C:\Users\nader\Downloads\calon_ukb_pipeline\extract_ukb_reviewer_fields.sh,D:\CALON_FH_PORTABLE\code\shell\extract_ukb_reviewer_fields.sh,copy,7781,3785e63467c7d3d9f47be4f9e2f163f6d70273d20f018db2be2d7e557bdfb252,ok
C:\Users\nader\Downloads\calon_ukb_pipeline\fh_variants_visualization.png,D:\CALON_FH_PORTABLE\assets\fh_variants_visualization.png,copy,433585,ef1d81621ef796a726f63cfecda158f9dc461881fdaba8754cc6f5b2f47f8f32,ok
C:\Users\nader\Downloads\calon_ukb_pipeline\Figure1_cohort_overview.pdf,D:\CALON_FH_PORTABLE\manuscripts\Figure1_cohort_overview.pdf,copy,5581,e683f4e71c4a9fb5eaf3d45e9cdb3a7129fb3a7e1a6acaa8d5fbc4a661ccaeee,ok
C:\Users\nader\Downloads\calon_ukb_pipeline\Figure1_cohort_overview.png,D:\CALON_FH_PORTABLE\assets\Figure1_cohort_overview.png,copy,98335,0b648c7cff723cfc55e10e16b4f9c96f0053b8c4ad93bce992e626af5e6c6b9a,ok
C:\Users\nader\Downloads\calon_ukb_pipeline\Figure2_lipid_profiles.pdf,D:\CALON_FH_PORTABLE\manuscripts\Figure2_lipid_profiles.pdf,copy,20248,4c618b28acbe11cc4061965d6f88d467ae1fa9202a33ebfdc4ffd5be8dac4a07,ok
C:\Users\nader\Downloads\calon_ukb_pipeline\Figure2_lipid_profiles.png,D:\CALON_FH_PORTABLE\assets\Figure2_lipid_profiles.png,copy,78308,a65d881172594e999f995f96f90d7c0024e11dc5309cbc6118d0b14657609f6f,ok
C:\Users\nader\Downloads\calon_ukb_pipeline\Figure3_lpa_distribution.pdf,D:\CALON_FH_PORTABLE\manuscripts\Figure3_lpa_distribution.pdf,copy,6052,b215cfbe59d7d17e4bfa3ad68866cdd00db448370fe414eba5d9731ce72fa4e8,ok
C:\Users\nader\Downloads\calon_ukb_pipeline\Figure3_lpa_distribution.png,D:\CALON_FH_PORTABLE\assets\Figure3_lpa_distribution.png,copy,57252,cdf025860997fe03526d2ae152523737b79be6ad192e896b2f55e9c05135d5df,ok
C:\Users\nader\Downloads\calon_ukb_pipeline\Figure4_apob_vs_ldl.pdf,D:\CALON_FH_PORTABLE\manuscripts\Figure4_apob_vs_ldl.pdf,copy,654050,c6e27493b5e4e2711e94241a184b8237a14002466101d69845ad271719c991f8,ok
C:\Users\nader\Downloads\calon_ukb_pipeline\Figure4_apob_vs_ldl.png,D:\CALON_FH_PORTABLE\assets\Figure4_apob_vs_ldl.png,copy,238639,7e498555d3ea6c34538c70379021a2bf729c96466b97367a227089a5ce623967,ok
C:\Users\nader\Downloads\calon_ukb_pipeline\Figure5_forest_plot.pdf,D:\CALON_FH_PORTABLE\manuscripts\Figure5_forest_plot.pdf,copy,6384,fa1335e79c42f4c380c82d4aad0af70790c0e3f95bbc11eee8034e92cee667b8,ok
C:\Users\nader\Downloads\calon_ukb_pipeline\Figure5_forest_plot.png,D:\CALON_FH_PORTABLE\assets\Figure5_forest_plot.png,copy,128459,e8f9a73da47ab63ed9c7063dd02a5a7b22c29c93816475bc964e81645231651a,ok
C:\Users\nader\Downloads\calon_ukb_pipeline\Figure6_subgroup_forest.pdf,D:\CALON_FH_PORTABLE\manuscripts\Figure6_subgroup_forest.pdf,copy,7234,e0472161b381dc328d36077e93a8917e08d896613f203f1282852f7b52a28715,ok
C:\Users\nader\Downloads\calon_ukb_pipeline\Figure6_subgroup_forest.png,D:\CALON_FH_PORTABLE\assets\Figure6_subgroup_forest.png,copy,103854,dcdba771877f58a453c2071f16f4ca85a8f089f3093f614021fb6675f0ae3c2f,ok
C:\Users\nader\Downloads\calon_ukb_pipeline\Figure7_event_rates.pdf,D:\CALON_FH_PORTABLE\manuscripts\Figure7_event_rates.pdf,copy,5677,6778effe53826f7230487afb91fdab05d1c3d237f642365d156620bfb795e19b,ok
C:\Users\nader\Downloads\calon_ukb_pipeline\Figure7_event_rates.png,D:\CALON_FH_PORTABLE\assets\Figure7_event_rates.png,copy,93560,a0f68ad8c1de8b7fde077046a7be51b252e63a2b03b1ff9461f4244d79ae2f28,ok
C:\Users\nader\Downloads\calon_ukb_pipeline\Figure8_clinical_dashboard.pdf,D:\CALON_FH_PORTABLE\manuscripts\Figure8_clinical_dashboard.pdf,copy,19813,346c0e0511e2471c4f48fb4157fa4ad3312ee463d52066802bf3c1aa238462ff,ok
C:\Users\nader\Downloads\calon_ukb_pipeline\Figure8_clinical_dashboard.png,D:\CALON_FH_PORTABLE\assets\Figure8_clinical_dashboard.png,copy,354971,e98b438f0e738b301d89586eabd495309eed0f6895e905bce67fe7f1fe832a10,ok
C:\Users\nader\Downloads\calon_ukb_pipeline\foldx_log.txt,D:\CALON_FH_PORTABLE\assets\foldx_log.txt,copy,6513,5df1e0dd1882cbec3d47a1da72ced4b13d1ea9564b495ccb2fd73695333b0cae,ok
C:\Users\nader\Downloads\calon_ukb_pipeline\GCP_FOLDX_SATURATION.sh,D:\CALON_FH_PORTABLE\code\shell\GCP_FOLDX_SATURATION.sh,copy,5174,0db1f5e46b7491c42b97cda05e72bf8308b7b560ed3906f567964b34528e8468,ok
C:\Users\nader\Downloads\calon_ukb_pipeline\get_stats.R,D:\CALON_FH_PORTABLE\code\R\get_stats.R,copy,2473,0001260184a9e3e3f16cb16933fbee9d358a7d682f1e202d6afcd44cf6996fe8,ok
C:\Users\nader\Downloads\calon_ukb_pipeline\heartuk_abstract.js,D:\CALON_FH_PORTABLE\assets\heartuk_abstract.js,copy,9974,ad706d7b5733fe723cbaeb6c2695ff92e8338f11d5b41a4377111b30677dfc4e,ok
C:\Users\nader\Downloads\calon_ukb_pipeline\heartuk_abstract.py,D:\CALON_FH_PORTABLE\code\python\heartuk_abstract.py,copy,8340,80905cad0a7ccdcb1fede707a3f0b59d4e953ef4bae51cf0fd2846c6b8951000,ok
C:\Users\nader\Downloads\calon_ukb_pipeline\heartuk_abstract_v2.py,D:\CALON_FH_PORTABLE\code\python\heartuk_abstract_v2.py,copy,14603,f7010315907d0a0fe02ac18160440496369889476de17a177386bfe073aeea16,ok
C:\Users\nader\Downloads\calon_ukb_pipeline\heartuk_fig1.jpg,D:\CALON_FH_PORTABLE\assets\heartuk_fig1.jpg,copy,130512,8c32d5e3a94fc10db0b1d63aebfef1984865a301d873e63036cb1e12f33d8fc9,ok
C:\Users\nader\Downloads\calon_ukb_pipeline\heartuk_fig1.png,D:\CALON_FH_PORTABLE\assets\heartuk_fig1.png,copy,142439,0cc436ee06f61f00237e2eb4a0338b5383a28dba3bd4b64b663a58224c6f4c4a,ok
C:\Users\nader\Downloads\calon_ukb_pipeline\heartuk_fig2.jpg,D:\CALON_FH_PORTABLE\assets\heartuk_fig2.jpg,copy,134921,bfc0b41306d5577e50fb5786c3fc730b0fdf17bd023d7e73960ca08d96ec365f,ok
C:\Users\nader\Downloads\calon_ukb_pipeline\heartuk_fig2.png,D:\CALON_FH_PORTABLE\assets\heartuk_fig2.png,copy,114079,418d28c02512cee02bb9938e61de1d4f59f7c4eb783461ec21ddf9bee51a0e04,ok
C:\Users\nader\Downloads\calon_ukb_pipeline\heartuk_figure1.R,D:\CALON_FH_PORTABLE\code\R\heartuk_figure1.R,copy,3023,515f949c137916725e041e0962f62f7f7059d5bf4e8abb417f11db8048aea0d0,ok
C:\Users\nader\Downloads\calon_ukb_pipeline\heartuk_figure1_v2.R,D:\CALON_FH_PORTABLE\code\R\heartuk_figure1_v2.R,copy,2542,37a09693e5b8c67069e4b75dd929027dd88a323ca053e27adfb424c88ea0276a,ok
C:\Users\nader\Downloads\calon_ukb_pipeline\heartuk_figure2.R,D:\CALON_FH_PORTABLE\code\R\heartuk_figure2.R,copy,3614,296f253cdbd25de9c84016f213a3f14632fe9b5fa9d88ee9ce1bc1917227df11,ok
C:\Users\nader\Downloads\calon_ukb_pipeline\heartuk_figure2_v2.R,D:\CALON_FH_PORTABLE\code\R\heartuk_figure2_v2.R,copy,3001,32a9d6adffe1b043b9821ebe345405f1ec105c5da7539ee5afa11be480b8a397,ok
C:\Users\nader\Downloads\calon_ukb_pipeline\heartuk_table1.jpg,D:\CALON_FH_PORTABLE\assets\heartuk_table1.jpg,copy,211718,b7a8a00deed3aab5274034f44be4c506416d5038899d410ed4c150ab5cb6065d,ok
C:\Users\nader\Downloads\calon_ukb_pipeline\heartuk_table1.png,D:\CALON_FH_PORTABLE\assets\heartuk_table1.png,copy,205775,b6f3418c9e9baf82a2f1b63e98695fdff412757be0c2a80f1974a35aaab5010d,ok
C:\Users\nader\Downloads\calon_ukb_pipeline\heartuk_table1.R,D:\CALON_FH_PORTABLE\code\R\heartuk_table1.R,copy,2137,3ec9ee55a6ccde5c542975a04ab6a0ac185566207f6a6a115cbeb5d75a0d3939,ok
C:\Users\nader\Downloads\calon_ukb_pipeline\heartuk_table1_v2.R,D:\CALON_FH_PORTABLE\code\R\heartuk_table1_v2.R,copy,2058,a4f68ebb9acfd243b1577f1426e90f8f72c15b769ff8617a4b0b4995496ec765,ok
C:\Users\nader\Downloads\calon_ukb_pipeline\insert_sections.py,D:\CALON_FH_PORTABLE\code\python\insert_sections.py,copy,27583,0f162fbeb004a7577c615a93936c8d394c47b21aed3f6386ea79ff2f6e76719b,ok
C:\Users\nader\Downloads\calon_ukb_pipeline\kjim-2022-121.pdf,D:\CALON_FH_PORTABLE\manuscripts\kjim-2022-121.pdf,copy,703152,337332880167032ef7da141ff14838933430f110322c0e45d27900c1f3642177,ok
C:\Users\nader\Downloads\calon_ukb_pipeline\Lancet_statistics_summary.csv,D:\CALON_FH_PORTABLE\data\Lancet_statistics_summary.csv,copy,449,7586fd1058f33d52c266d1c54dea7ba224986689c7c4f042c8465c1e4c0f0452,ok
C:\Users\nader\Downloads\calon_ukb_pipeline\LOCO_CV_results.csv,D:\CALON_FH_PORTABLE\data\LOCO_CV_results.csv,copy,653,254ee68772be63cfbd66b7fac312851dbd47ce4ba232027c1144cc299c42acbb,ok
C:\Users\nader\Downloads\calon_ukb_pipeline\manuscript_aortic_lpa_insert.py,D:\CALON_FH_PORTABLE\code\python\manuscript_aortic_lpa_insert.py,copy,10925,9fc83c43f917e7e68a2338e1affe30d6d10c76ee2aad8e27bb4ed08876768ff3,ok
C:\Users\nader\Downloads\calon_ukb_pipeline\manuscript_lpa_sections.py,D:\CALON_FH_PORTABLE\code\python\manuscript_lpa_sections.py,copy,14883,8587ccaf6d3055abc107a6209647003d01f0486bf9f56cc91d1d57e1a214a24c,ok
C:\Users\nader\Downloads\calon_ukb_pipeline\montreal_comparison_auc.csv,D:\CALON_FH_PORTABLE\data\montreal_comparison_auc.csv,copy,398,5ab89ad168f72fda7b33f40454ef54e98c8a595e1805ef7f00ee23ce49795fda,ok
C:\Users\nader\Downloads\calon_ukb_pipeline\Mutation negative control updated.xlsx,D:\CALON_FH_PORTABLE\assets\Mutation negative control updated.xlsx,copy,272972,7329d52a1439da8a34a2798e7f4d3842d877a426bf504ce7eb747bf90c71f606,ok
C:\Users\nader\Downloads\calon_ukb_pipeline\mutation positive group.xlsx,D:\CALON_FH_PORTABLE\assets\mutation positive group.xlsx,copy,168009,becc480ccd385571f04183482e760e7b31340dcc8aca429bcad3dcd3c1bf972e,ok
C:\Users\nader\Downloads\calon_ukb_pipeline\NATURE_MANUSCRIPT_DRAFT.md,D:\CALON_FH_PORTABLE\docs_md\NATURE_MANUSCRIPT_DRAFT.md,copy,13454,225a7106e8e4675bc75c64f1addea2460e4ed4e764e5741b9a390c6ae3b531e9,ok
C:\Users\nader\Downloads\calon_ukb_pipeline\NATURE_SATURATION_THRESHOLD.md,D:\CALON_FH_PORTABLE\docs_md\NATURE_SATURATION_THRESHOLD.md,copy,20346,83afcaa4ff4db192cc59e4239aebf025a1d05ab2ad7f488325a28e2cac171161,ok
C:\Users\nader\Downloads\calon_ukb_pipeline\old_manuscript_text.txt,D:\CALON_FH_PORTABLE\assets\old_manuscript_text.txt,copy,50945,21c3d7f4e4841b1d2ecb16369d29cfd981d7ce8062516df39c9edc205cffcece,ok
C:\Users\nader\Downloads\calon_ukb_pipeline\ONBOARDING.md,D:\CALON_FH_PORTABLE\docs_md\ONBOARDING.md,copy,4776,a95d00c829caf2a868eb17a53a3b4bd3fdf8ec12c3981644c0b77362fcc0db94,ok
C:\Users\nader\Downloads\calon_ukb_pipeline\PASS_drug_codes.xls,D:\CALON_FH_PORTABLE\assets\PASS_drug_codes.xls,copy,6868992,2269dd280b0837f2a02e8e6459ac2f7ae9bbb34930a23a1602cfdea93e467187,ok
C:\Users\nader\Downloads\calon_ukb_pipeline\PASS_wrong_dob.sav,D:\CALON_FH_PORTABLE\assets\PASS_wrong_dob.sav,copy,7507285,b5a20a1bbff90377562ce099a926ac2413ba75819ebd4d2ed12341e4df67257e,ok
C:\Users\nader\Downloads\calon_ukb_pipeline\PIIS1933287426000103.pdf,D:\CALON_FH_PORTABLE\manuscripts\PIIS1933287426000103.pdf,copy,2032032,d832617496a68a9c6d5394db7d5bf40c5919f1cde45cd6197aa8e18d9057c824,ok
C:\Users\nader\Downloads\calon_ukb_pipeline\PIPELINE_EXECUTION_ORDER.txt,D:\CALON_FH_PORTABLE\assets\PIPELINE_EXECUTION_ORDER.txt,copy,9099,25185c47b81f6c8dc7ca5ff69288ead8482d57265d756414c95fab271b76841e,ok
C:\Users\nader\Downloads\calon_ukb_pipeline\poster_panels_8_complete.R,D:\CALON_FH_PORTABLE\code\R\poster_panels_8_complete.R,copy,26043,92c3824bc42c6254346f325b2dd7a30968a400bd25e037743c26693510ced216,ok
C:\Users\nader\Downloads\calon_ukb_pipeline\poster_panels_lancet.R,D:\CALON_FH_PORTABLE\code\R\poster_panels_lancet.R,copy,13479,0ca818e143f980827c4050e664bce301377b1edb1447bec3e8cd6c24aa436dc9,ok
C:\Users\nader\Downloads\calon_ukb_pipeline\poster_subgroup_tiles.R,D:\CALON_FH_PORTABLE\code\R\poster_subgroup_tiles.R,copy,5890,2a736810998e327ebe347a1e5d104423bb993d62836dacce9518160582feecb2,ok
C:\Users\nader\Downloads\calon_ukb_pipeline\project.Rproj,D:\CALON_FH_PORTABLE\assets\project.Rproj,copy,205,3a81ccc25a62f1a31c7d3404389935ced50831abea5e848408745ad1a1bf6126,ok
C:\Users\nader\Downloads\calon_ukb_pipeline\RAP_EXTRACT_LPA.txt,D:\CALON_FH_PORTABLE\assets\RAP_EXTRACT_LPA.txt,copy,3410,1fbf750e964075ac4e2ed1ec79bb8ec20098812f6b6925a5bce8f9f2382b8aca,ok
C:\Users\nader\Downloads\calon_ukb_pipeline\RAP_EXTRACT_LPA_SNPS.txt,D:\CALON_FH_PORTABLE\assets\RAP_EXTRACT_LPA_SNPS.txt,copy,1719,b069a25dcc14140b902b8ec7f589b0d5b5f1c059150602b65a7273d9f370b3fc,ok
C:\Users\nader\Downloads\calon_ukb_pipeline\RAP_FOLDX_SATURATION.sh,D:\CALON_FH_PORTABLE\code\shell\RAP_FOLDX_SATURATION.sh,copy,3252,68998c95772bedb6452b593e6acb32696c4522a75a78ed79866faffda4033bc3,ok
C:\Users\nader\Downloads\calon_ukb_pipeline\reply_to_watts.txt,D:\CALON_FH_PORTABLE\assets\reply_to_watts.txt,copy,19558,1ea6226d7b45a2a6528e390efaa58966e367c6fa2df092be576684a5dff56af1,ok
C:\Users\nader\Downloads\calon_ukb_pipeline\reply_to_watts_final.txt,D:\CALON_FH_PORTABLE\assets\reply_to_watts_final.txt,copy,18085,61088b675c9c0131717982412b7072f19f6dfcef23c4b73ca51481079c42ab42,ok
C:\Users\nader\Downloads\calon_ukb_pipeline\reply_to_watts_v5.txt,D:\CALON_FH_PORTABLE\assets\reply_to_watts_v5.txt,copy,18356,7de9a64f4f88430c58d4433cfb99aaf95b83f3cc02cececc505a571bc712718f,ok
C:\Users\nader\Downloads\calon_ukb_pipeline\reply_to_watts_v6.txt,D:\CALON_FH_PORTABLE\assets\reply_to_watts_v6.txt,copy,18523,e3bff0b86c55bec9a72cc29d648b99ddde03fc37b7b7606a84b812fe4f4c3240,ok
C:\Users\nader\Downloads\calon_ukb_pipeline\reply_to_watts_v7.txt,D:\CALON_FH_PORTABLE\assets\reply_to_watts_v7.txt,copy,20107,3916a45588c017ed46035ebaeea79475ad34c6d9101ac4f2d3f637546d6a5d7c,ok
C:\Users\nader\Downloads\calon_ukb_pipeline\REPRODUCE_LOCO_CV.R,D:\CALON_FH_PORTABLE\code\R\REPRODUCE_LOCO_CV.R,copy,21651,439da01f50dd71483cf32050c40fa80f6bb7f230f9eb2beb165065eac5723e24,ok
C:\Users\nader\Downloads\calon_ukb_pipeline\REPRODUCE_TUDOR_DIAGNOSTIC.R,D:\CALON_FH_PORTABLE\code\R\REPRODUCE_TUDOR_DIAGNOSTIC.R,copy,17809,351608159a5decd4763308e17cb4a92033488c115ed571e4c4e83a4907f3c148,ok
C:\Users\nader\Downloads\calon_ukb_pipeline\Rplots.pdf,D:\CALON_FH_PORTABLE\manuscripts\Rplots.pdf,copy,117540,00933e776988a144794ec32c0cd9ca69d258c59896b632a653f614fc976f3656,ok
C:\Users\nader\Downloads\calon_ukb_pipeline\run_chimerax.bat,D:\CALON_FH_PORTABLE\code\shell\run_chimerax.bat,copy,1512,9462f1535fe79185325b512369e10eab2d282622cf1f315b255698b922be1729,ok
C:\Users\nader\Downloads\calon_ukb_pipeline\run_chimerax_test.bat,D:\CALON_FH_PORTABLE\code\shell\run_chimerax_test.bat,copy,384,3885c6f176fb16bc01d41a877600ffb7e858825345257c5b15f565107df8cf81,ok
C:\Users\nader\Downloads\calon_ukb_pipeline\Subgroup_analysis_results.csv,D:\CALON_FH_PORTABLE\data\Subgroup_analysis_results.csv,copy,2068,1e1c7c91fc90dbcb5473cc961361166c7fa9180f895ca8c72cc65c27646283c7,ok
C:\Users\nader\Downloads\calon_ukb_pipeline\Table1b_ASCVD_Pooled.csv,D:\CALON_FH_PORTABLE\data\Table1b_ASCVD_Pooled.csv,copy,2640,a6976d97f19232eddfab0eafbbd9669f2929c6aac6ba8771f344394a47c56ba3,ok
C:\Users\nader\Downloads\calon_ukb_pipeline\Table1b_ASCVD_SouthWales.csv,D:\CALON_FH_PORTABLE\data\Table1b_ASCVD_SouthWales.csv,copy,2691,8931ce86c41fe9a6a77f7c7d27d10843fd759a102de60265814a28cabeb5fc56,ok
C:\Users\nader\Downloads\calon_ukb_pipeline\Table1b_ASCVD_UKB.csv,D:\CALON_FH_PORTABLE\data\Table1b_ASCVD_UKB.csv,copy,1946,53bb7899c424b724db9b9c03121c3bec67c10b04afe7ab08ac49b8fc26e1ffb4,ok
C:\Users\nader\Downloads\calon_ukb_pipeline\Table1b_ASCVD_Wales.csv,D:\CALON_FH_PORTABLE\data\Table1b_ASCVD_Wales.csv,copy,2675,f07214e4bd9af5812c076545f44e5cbdb488780ac68df0260f3a70f2c7810240,ok
C:\Users\nader\Downloads\calon_ukb_pipeline\Table1_baseline_characteristics.csv,D:\CALON_FH_PORTABLE\data\Table1_baseline_characteristics.csv,copy,2653,2ab13d3e9c7b63cf1fa313833c2b7573ef96478f69e1760307c3afcad32baf38,ok
C:\Users\nader\Downloads\calon_ukb_pipeline\Table2a_gene_distribution.csv,D:\CALON_FH_PORTABLE\data\Table2a_gene_distribution.csv,copy,210,2fc455cb5e5359789a642f127a1e6189eb0d37f14d5f0eb60edfae1c82a076cc,ok
C:\Users\nader\Downloads\calon_ukb_pipeline\Table2b_ascvd_by_gene.csv,D:\CALON_FH_PORTABLE\data\Table2b_ascvd_by_gene.csv,copy,354,78e790f8da2e73b398c4273a10036b19277c631246800b4a3e9ad3c4ba57bc40,ok
C:\Users\nader\Downloads\calon_ukb_pipeline\Table2c_gene_by_ascvd.csv,D:\CALON_FH_PORTABLE\data\Table2c_gene_by_ascvd.csv,copy,731,d2cf4ee25869c8ca5f13f87b0bf9e342f4b142b2419c90cb60cffc32cb71a7a8,ok
C:\Users\nader\Downloads\calon_ukb_pipeline\Table2c_VUS_vs_Pathogenic_Wales.csv,D:\CALON_FH_PORTABLE\data\Table2c_VUS_vs_Pathogenic_Wales.csv,copy,922,ad7d83858355761764b08b9425216189f07a3943c4f25ed8a3bab325c6a10385,ok
C:\Users\nader\Downloads\calon_ukb_pipeline\Table3_index_vs_cascade.csv,D:\CALON_FH_PORTABLE\data\Table3_index_vs_cascade.csv,copy,1207,ffeb2143c01ff61ed25c88ebb5cab92814871730f9772d58e14ca11ca4c422e7,ok
C:\Users\nader\Downloads\calon_ukb_pipeline\Table4_FH_vs_NonFH_matched.csv,D:\CALON_FH_PORTABLE\data\Table4_FH_vs_NonFH_matched.csv,copy,1000,b3f50c6bee12f819c2b4b4a5765cca98b4d4f7a4098c3255f3b38a650c2f1090,ok
C:\Users\nader\Downloads\calon_ukb_pipeline\Table5_biexternal_validation.csv,D:\CALON_FH_PORTABLE\data\Table5_biexternal_validation.csv,copy,1433,d6d334ea65e0ab0e9e0d20c7f8f100394471b657451fc82c92a19acf507ab6c4,ok
C:\Users\nader\Downloads\calon_ukb_pipeline\test_calon_mr_core.py,D:\CALON_FH_PORTABLE\code\python\test_calon_mr_core.py,copy,5195,cbfa662191b4b6a51f5bdd8909870d3f9fabb4fae4b11e09d6d07915d822ffe8,ok
C:\Users\nader\Downloads\calon_ukb_pipeline\tudor_abstract.py,D:\CALON_FH_PORTABLE\code\python\tudor_abstract.py,copy,7727,7b47ea200dcd189265dfc6ff7d2dbfe52cb6339dc996135cc0572dc209166f94,ok
C:\Users\nader\Downloads\calon_ukb_pipeline\TUDOR_AI_use_statement.docx,D:\CALON_FH_PORTABLE\manuscripts\TUDOR_AI_use_statement.docx,copy,37062,ee50bac6833c382f51f99c6cad6bffe3e0c47caa50fa1dad16e383f7e71e4a3c,ok
C:\Users\nader\Downloads\calon_ukb_pipeline\tudor_analysis_13_14.R,D:\CALON_FH_PORTABLE\code\R\tudor_analysis_13_14.R,copy,22837,abe24a5ad4497609c7dacbc7cca3ef41590b58ec35464886834210c44b642852,ok
C:\Users\nader\Downloads\calon_ukb_pipeline\TUDOR_AUC_OPTIMISATION.R,D:\CALON_FH_PORTABLE\code\R\TUDOR_AUC_OPTIMISATION.R,copy,30412,2d96b33aebb1fd6adf4cec3b0715acf7726c5aac1daeaa93201ac43ebfb5b183,ok
C:\Users\nader\Downloads\calon_ukb_pipeline\TUDOR_canva_pro_prompts.md,D:\CALON_FH_PORTABLE\docs_md\TUDOR_canva_pro_prompts.md,copy,9291,5f04542fc73b15f86729894bd4ba93dce4be68f519f58fae061b64462f2fb0d6,ok
C:\Users\nader\Downloads\calon_ukb_pipeline\TUDOR_CoverLetter.docx,D:\CALON_FH_PORTABLE\manuscripts\TUDOR_CoverLetter.docx,copy,16499,0cbb168d5f171107ff598c977f5d59f0bde671ee36fca3dbbb46f35d8dce8162,ok
C:\Users\nader\Downloads\calon_ukb_pipeline\TUDOR_CoverLetter_Resubmission.docx,D:\CALON_FH_PORTABLE\manuscripts\TUDOR_CoverLetter_Resubmission.docx,copy,15666,0ccfe3320041c55fde1acc71fa697902934c58db14e6340051be7d36e4d1a162,ok
C:\Users\nader\Downloads\calon_ukb_pipeline\TUDOR_cover_highlights.R,D:\CALON_FH_PORTABLE\code\R\TUDOR_cover_highlights.R,copy,19299,1150904f48eb9e29e0bc9b69816cf67b7049bbb9dc4e86610fbe5bddc6c0d4b7,ok
C:\Users\nader\Downloads\calon_ukb_pipeline\TUDOR_disclosure_block.docx,D:\CALON_FH_PORTABLE\manuscripts\TUDOR_disclosure_block.docx,copy,37727,8e3293165efb59017428bf05cbfcc9ba395d38d57eb49e8501e5cce4a2211e15,ok
C:\Users\nader\Downloads\calon_ukb_pipeline\TUDOR_DRIFT_FORENSICS.md,D:\CALON_FH_PORTABLE\docs_md\TUDOR_DRIFT_FORENSICS.md,copy,5698,0c40b4c965c76b8f5f125dbc044435f9385e708fe4df6a2f359a023da7fe9a9d,ok
C:\Users\nader\Downloads\calon_ukb_pipeline\tudor_fig1.png,D:\CALON_FH_PORTABLE\assets\tudor_fig1.png,copy,51701,3430e642f26aae369f1b5963f34b1d64aec1376111879ecb2e5c1a418cd3eb23,ok
C:\Users\nader\Downloads\calon_ukb_pipeline\tudor_fig1.R,D:\CALON_FH_PORTABLE\code\R\tudor_fig1.R,copy,3473,37cafb58fffc4f9f339089cd8c179024a8ee6fe9aa47938fa2d999e71490e7b0,ok
C:\Users\nader\Downloads\calon_ukb_pipeline\tudor_fig2.png,D:\CALON_FH_PORTABLE\assets\tudor_fig2.png,copy,68637,1be36a3b95a7ecfa8c0d11b9b20eb7f784d5c36acf3f3bc46c17c2bf0fafd531,ok
C:\Users\nader\Downloads\calon_ukb_pipeline\tudor_fig2.R,D:\CALON_FH_PORTABLE\code\R\tudor_fig2.R,copy,2556,d59377ded9ec330381222b4c3b2a8887a59c67de9fe06ce075603c434fa66a6f,ok
C:\Users\nader\Downloads\calon_ukb_pipeline\TUDOR_figures_nature.R,D:\CALON_FH_PORTABLE\code\R\TUDOR_figures_nature.R,copy,29954,3ccc0f7ad7d76c13da211043e00e858fcd41aa69f8bfe087d6f8fba5e648e8ff,ok
C:\Users\nader\Downloads\calon_ukb_pipeline\TUDOR_FIXED_WEIGHTS.R,D:\CALON_FH_PORTABLE\code\R\TUDOR_FIXED_WEIGHTS.R,copy,12548,bf16adf8c6911914195863bc0db754e6ab0f6c9b0b7fd759e0b4e2d3e19f7533,ok
C:\Users\nader\Downloads\calon_ukb_pipeline\TUDOR_FULLY_TRACEABLE.py,D:\CALON_FH_PORTABLE\code\python\TUDOR_FULLY_TRACEABLE.py,copy,14661,17d705790b91254f7aa93415bddc58ed3192ffd212272c650d7fa4dc47d4cefa,ok
C:\Users\nader\Downloads\calon_ukb_pipeline\TUDOR_GUIDE.py,D:\CALON_FH_PORTABLE\code\python\TUDOR_GUIDE.py,copy,7432,83960455d81c4271fa1b2190fa118ceb9e84d4e948106d7c1ab0bbfa217715eb,ok
C:\Users\nader\Downloads\calon_ukb_pipeline\TUDOR_HEAD_TO_HEAD.R,D:\CALON_FH_PORTABLE\code\R\TUDOR_HEAD_TO_HEAD.R,copy,18098,3fac2f8981b68928ce5199cd740e6cdf67ef21ff5dd262e88e2ac24774e5bad4,ok
C:\Users\nader\Downloads\calon_ukb_pipeline\TUDOR_Highlights.docx,D:\CALON_FH_PORTABLE\manuscripts\TUDOR_Highlights.docx,copy,15355,88b66958b42474e03f4e6474003ed63d23d3138c7025fe088acf66cd8631d09c,ok
C:\Users\nader\Downloads\calon_ukb_pipeline\TUDOR_Highlights_v5.docx,D:\CALON_FH_PORTABLE\manuscripts\TUDOR_Highlights_v5.docx,copy,36864,0dafe6e5ca1b5c1d28474c6f79d3cfabd53e20fad5babfffee02fef375f636b0,ok
C:\Users\nader\Downloads\calon_ukb_pipeline\TUDOR_INVESTIGATE_DRIFT.py,D:\CALON_FH_PORTABLE\code\python\TUDOR_INVESTIGATE_DRIFT.py,copy,18306,1f5fa712e95de794b0b33b32b594e63a3e6d8555de4f9ae1d72e9044b2a918fd,ok
C:\Users\nader\Downloads\calon_ukb_pipeline\TUDOR_ITERATE_UKB.R,D:\CALON_FH_PORTABLE\code\R\TUDOR_ITERATE_UKB.R,copy,20998,8b03b1a63b12a3e017f8de429fa5b7d3fe3b1ce747b431295d50c0d9b9aa6731,ok
C:\Users\nader\Downloads\calon_ukb_pipeline\TUDOR_LANCET_COMPLETE.R,D:\CALON_FH_PORTABLE\code\R\TUDOR_LANCET_COMPLETE.R,copy,38815,61048336a48e83292626ec5fc93f6bac27ff474c40fa8a34408f08efc1e14350,ok
C:\Users\nader\Downloads\calon_ukb_pipeline\TUDOR_LIVE_LEDGER.csv,D:\CALON_FH_PORTABLE\data\TUDOR_LIVE_LEDGER.csv,copy,3117,bad7798a19604876dc99486cf6bc5d69ee38b2eff0aa090b578021dad18b8df0,ok
C:\Users\nader\Downloads\calon_ukb_pipeline\TUDOR_LOCKED_RERUN_orchestrator.py,D:\CALON_FH_PORTABLE\code\python\TUDOR_LOCKED_RERUN_orchestrator.py,copy,3022,cd19328ce1c998b7c22b1f391d88347d5e232ab24acc085ff5bf9602cc118c99,ok
C:\Users\nader\Downloads\calon_ukb_pipeline\TUDOR_LOCKED_RERUN_phase2B_mpr.py,D:\CALON_FH_PORTABLE\code\python\TUDOR_LOCKED_RERUN_phase2B_mpr.py,copy,7135,48d861eca03e378b39ef6e404e562956a3aea6f91402b1b807c9dc573a262f20,ok
C:\Users\nader\Downloads\calon_ukb_pipeline\TUDOR_LOCKED_RERUN_phase2C_ldl_ut.py,D:\CALON_FH_PORTABLE\code\python\TUDOR_LOCKED_RERUN_phase2C_ldl_ut.py,copy,10029,82e6864d9fdab38e7260bfc5237e8671f335ff47927175aefb51c682af63dd32,ok
C:\Users\nader\Downloads\calon_ukb_pipeline\TUDOR_LOCKED_RERUN_phase2D_cohorts.py,D:\CALON_FH_PORTABLE\code\python\TUDOR_LOCKED_RERUN_phase2D_cohorts.py,copy,6753,937551a4a544f6ea807b489bd7cd55b72b13cc4615ef23a833f418f8db98fa54,ok
C:\Users\nader\Downloads\calon_ukb_pipeline\TUDOR_LOCKED_RERUN_phase3_wales_dedup.py,D:\CALON_FH_PORTABLE\code\python\TUDOR_LOCKED_RERUN_phase3_wales_dedup.py,copy,5882,0b6e1ab6c33d71ab329ede6f6fa873ad622ad89fa734a19c2bd00b090e750b54,ok
C:\Users\nader\Downloads\calon_ukb_pipeline\TUDOR_LOCKED_RERUN_phase4_refit_enet.py,D:\CALON_FH_PORTABLE\code\python\TUDOR_LOCKED_RERUN_phase4_refit_enet.py,copy,7027,bc555f34cffe54586f6f30d859bb54f513af9e71e53b70a811004faf38270d36,ok
C:\Users\nader\Downloads\calon_ukb_pipeline\TUDOR_LOCKED_RERUN_phase5_stats.py,D:\CALON_FH_PORTABLE\code\python\TUDOR_LOCKED_RERUN_phase5_stats.py,copy,5195,5f85465fd556b4a9515d96c82bc38462b2fe3251d1cdea994759603f45b31dd5,ok
C:\Users\nader\Downloads\calon_ukb_pipeline\TUDOR_LOCKED_RERUN_phase6_regenerate.py,D:\CALON_FH_PORTABLE\code\python\TUDOR_LOCKED_RERUN_phase6_regenerate.py,copy,7781,b9857779b3c63d8234dad62e40c049f854b11bdc4deb335e18621137a713d425,ok
C:\Users\nader\Downloads\calon_ukb_pipeline\TUDOR_LOCO_CV_FULL.R,D:\CALON_FH_PORTABLE\code\R\TUDOR_LOCO_CV_FULL.R,copy,20371,050194e45ae0743aa14e06ae9acfa0f331f9d257a1658fda74cceb47b8380afd,ok
C:\Users\nader\Downloads\calon_ukb_pipeline\TUDOR_Manuscript.docx,D:\CALON_FH_PORTABLE\manuscripts\TUDOR_Manuscript.docx,copy,35643,34371454decb26f8adf5b4e16fd0e2847c835e4530b4ea100130e78e998da58a,ok
C:\Users\nader\Downloads\calon_ukb_pipeline\TUDOR_MANUSCRIPT_FIGURES.R,D:\CALON_FH_PORTABLE\code\R\TUDOR_MANUSCRIPT_FIGURES.R,copy,12094,21a65320fee0e1059f008de6949d6190ed6d37f831b91aeaa4ffc8ccbbb62dfb,ok
C:\Users\nader\Downloads\calon_ukb_pipeline\TUDOR_Manuscript_v3.docx,D:\CALON_FH_PORTABLE\manuscripts\TUDOR_Manuscript_v3.docx,copy,52537,038888da6ba3ecb4815524782d06e610e1daebe08886f6c4ea36ac0d5fb25d7b,ok
C:\Users\nader\Downloads\calon_ukb_pipeline\TUDOR_Manuscript_v4.docx,D:\CALON_FH_PORTABLE\manuscripts\TUDOR_Manuscript_v4.docx,copy,52205,229110c0c91c9b800b9f28b2bd1198d4a4b5e9cb2198ee8989ea740131386fca,ok
C:\Users\nader\Downloads\calon_ukb_pipeline\TUDOR_Manuscript_v4_MARKED.docx,D:\CALON_FH_PORTABLE\manuscripts\TUDOR_Manuscript_v4_MARKED.docx,copy,49477,f1dc2dd16e82901e8d24958240ed26b6588e1971108e09117ae1e6c493e2f237,ok
C:\Users\nader\Downloads\calon_ukb_pipeline\TUDOR_Manuscript_v5_clean.docx,D:\CALON_FH_PORTABLE\manuscripts\TUDOR_Manuscript_v5_clean.docx,copy,52625,eeabf7e2788b1c5c32e6c266158a91173f58e3cf5338de90e2ae0af4b748587b,ok
C:\Users\nader\Downloads\calon_ukb_pipeline\TUDOR_Manuscript_v6_TRACEABLE.docx,D:\CALON_FH_PORTABLE\manuscripts\TUDOR_Manuscript_v6_TRACEABLE.docx,copy,52803,c0521d8e3f3dcad0ff3b3ac9b16ef691cdc2f00e79e0952e18184d2b7b6d5d13,ok
C:\Users\nader\Downloads\calon_ukb_pipeline\TUDOR_marked_manuscript.R,D:\CALON_FH_PORTABLE\code\R\TUDOR_marked_manuscript.R,copy,83850,b4530ff30d00a9798c9541cbcda51c95d9e24c8e6509bd84a962ed18516acda3,ok
C:\Users\nader\Downloads\calon_ukb_pipeline\TUDOR_QC_PYTHON_VS_R.py,D:\CALON_FH_PORTABLE\code\python\TUDOR_QC_PYTHON_VS_R.py,copy,6558,350147c49bbfcb65b3bc90ec419f46265a973bc9342ab92e52dabf94063cf3ec,ok
C:\Users\nader\Downloads\calon_ukb_pipeline\TUDOR_R1_to_R2_FULL.py,D:\CALON_FH_PORTABLE\code\python\TUDOR_R1_to_R2_FULL.py,copy,42996,984619ccc831723b0bba0a0ba99cfc00b2c7e0eb4f01ab5dfb08b79b26229389,ok
C:\Users\nader\Downloads\calon_ukb_pipeline\TUDOR_R1_to_R2_FULL_v2.py,D:\CALON_FH_PORTABLE\code\python\TUDOR_R1_to_R2_FULL_v2.py,copy,51019,083c9107a5d5f703732bde99b0b130c07473440f5f59597904e4dab48621917f,ok
C:\Users\nader\Downloads\calon_ukb_pipeline\TUDOR_reproduced_AUC.csv,D:\CALON_FH_PORTABLE\data\TUDOR_reproduced_AUC.csv,copy,494,e5e25125a6d1f303e5f45138089db59e2bdff50bfc5050999c02ce4c36d8bab9,ok
C:\Users\nader\Downloads\calon_ukb_pipeline\TUDOR_reproduced_coefficients.csv,D:\CALON_FH_PORTABLE\data\TUDOR_reproduced_coefficients.csv,copy,322,3a343a301368468e55fb6f579b3ef4e27f6c92dc4f222da1ffe8533e100f49ca,ok
C:\Users\nader\Downloads\calon_ukb_pipeline\TUDOR_ResponseToReviewers.docx,D:\CALON_FH_PORTABLE\manuscripts\TUDOR_ResponseToReviewers.docx,copy,22742,21e0777e5d933a981bcde0eee3979697bf1ae70d5e815186bd7f80baf878bc3f,ok
C:\Users\nader\Downloads\calon_ukb_pipeline\TUDOR_ResponseToReviewers_R2.docx,D:\CALON_FH_PORTABLE\manuscripts\TUDOR_ResponseToReviewers_R2.docx,copy,39603,2b14b360e7501390bfc5a2abb6aecddfc8dec161d4d29ee4c155f61947908992,ok
C:\Users\nader\Downloads\calon_ukb_pipeline\TUDOR_resubmission_package.R,D:\CALON_FH_PORTABLE\code\R\TUDOR_resubmission_package.R,copy,57994,9a4660c35f945d23fbf31ffacba1f0bf51fcea6fa33e20209d12a4cea0e928b2,ok
C:\Users\nader\Downloads\calon_ukb_pipeline\TUDOR_run_report_2026-04-05.md,D:\CALON_FH_PORTABLE\docs_md\TUDOR_run_report_2026-04-05.md,copy,2956,c90657d1ac2586a73d1b33613441304d2f847c7aebf263fd6484b8efb8e75b58,ok
C:\Users\nader\Downloads\calon_ukb_pipeline\TUDOR_submission_gap_analysis.md,D:\CALON_FH_PORTABLE\docs_md\TUDOR_submission_gap_analysis.md,copy,9640,010312e389d1eaf394ad3b1d275931ee5cc9e83c9e60ec8462a822d207a6e99e,ok
C:\Users\nader\Downloads\calon_ukb_pipeline\TUDOR_SUBMISSION_PACKAGE_README.md,D:\CALON_FH_PORTABLE\docs_md\TUDOR_SUBMISSION_PACKAGE_README.md,copy,3609,39def1c83fde18c702109269696a47ddaaabc6e324b228360c97872ae0cd114c,ok
C:\Users\nader\Downloads\calon_ukb_pipeline\tudor_supplement_new_files.R,D:\CALON_FH_PORTABLE\code\R\tudor_supplement_new_files.R,copy,10040,c72d8792c29ae9e77c62dcdc190be6e2893db1d21bcc65de5878af5ec46b68b1,ok
C:\Users\nader\Downloads\calon_ukb_pipeline\tudor_supplement_process.R,D:\CALON_FH_PORTABLE\code\R\tudor_supplement_process.R,copy,27015,10e618651facdfaf023997bdd16b1c7be16cbf32f92ccaed17a291dfdfd526ad,ok
C:\Users\nader\Downloads\calon_ukb_pipeline\tudor_table1.png,D:\CALON_FH_PORTABLE\assets\tudor_table1.png,copy,77573,1263f083b57f9b47bc2bf4ffc698548b1748358a22804bdd1a6644dbb2230563,ok
C:\Users\nader\Downloads\calon_ukb_pipeline\tudor_table1.R,D:\CALON_FH_PORTABLE\code\R\tudor_table1.R,copy,2330,0ebc2e437dc3843c74c3463cc2f0b8caf0e4648d39b40de998e9d0c1ee84840a,ok
C:\Users\nader\Downloads\calon_ukb_pipeline\TUDOR_Tables.docx,D:\CALON_FH_PORTABLE\manuscripts\TUDOR_Tables.docx,copy,22006,6858f1b0edbc775dfc514afe30a6b580b49edbb78a3a2a243f6fae066d6af36b,ok
C:\Users\nader\Downloads\calon_ukb_pipeline\TUDOR_tables_nature.R,D:\CALON_FH_PORTABLE\code\R\TUDOR_tables_nature.R,copy,14719,817cf0d0b3cff1e5e9f3fe0ce5b2e12c89dd4294634c2423900251f2d2dd5f43,ok
C:\Users\nader\Downloads\calon_ukb_pipeline\TUDOR_TRACEABILITY_FINAL.md,D:\CALON_FH_PORTABLE\docs_md\TUDOR_TRACEABILITY_FINAL.md,copy,3559,73bd1065cbda911bf2832a9cd98ccbfe4aa31255c16ef299692b889b4894383e,ok
C:\Users\nader\Downloads\calon_ukb_pipeline\tudor_ukb_extract_supplement.sh,D:\CALON_FH_PORTABLE\code\shell\tudor_ukb_extract_supplement.sh,copy,7545,45505d98f6d576b3e0052c3ae659983e26721baf5c8f38df057ad8fd98d04c82,ok
C:\Users\nader\Downloads\calon_ukb_pipeline\TUDOR_UKB_LIPID_CLINIC.R,D:\CALON_FH_PORTABLE\code\R\TUDOR_UKB_LIPID_CLINIC.R,copy,37546,af2e490f3f2a269c92f33180c183ddff337d1ddf46ae4166da28025bd74874b8,ok
C:\Users\nader\Downloads\calon_ukb_pipeline\TUDOR_v2_model.rds,D:\CALON_FH_PORTABLE\assets\TUDOR_v2_model.rds,copy,8645,06698daee0edc36c93e360bf54a92e4b4cf242e44cffaf6eb9e71a424f769aa5,ok
C:\Users\nader\Downloads\calon_ukb_pipeline\TUDOR_v4_to_v5_DIFF_LOG.md,D:\CALON_FH_PORTABLE\docs_md\TUDOR_v4_to_v5_DIFF_LOG.md,copy,1470,23d8f2740226c88775bd836704c12d3e125ee09036288478b2737e4bd13523e8,ok
C:\Users\nader\Downloads\calon_ukb_pipeline\TUDOR_v4_v5_comparison.html,D:\CALON_FH_PORTABLE\assets\TUDOR_v4_v5_comparison.html,copy,7424,ac3d37a9dad2b93c3dfc9dbdcb221d8d3ed1b0184f35863a9d0b2cf5d09514e2,ok
C:\Users\nader\Downloads\calon_ukb_pipeline\TUDOR_v5_REVIEW.docx,D:\CALON_FH_PORTABLE\manuscripts\TUDOR_v5_REVIEW.docx,copy,46482,6842d1a0090bd81846215b4d8214852e4aed37a745688e9f1981ad7205a33a40,ok
C:\Users\nader\Downloads\calon_ukb_pipeline\TUDOR_v5_REVIEW.md,D:\CALON_FH_PORTABLE\docs_md\TUDOR_v5_REVIEW.md,copy,76227,1e56edef0bee29511f0225c639f317a7626b43eb794845857cdff884634b56ae,ok
C:\Users\nader\Downloads\calon_ukb_pipeline\TUDOR_v5_TRACEABILITY.md,D:\CALON_FH_PORTABLE\docs_md\TUDOR_v5_TRACEABILITY.md,copy,9474,b669eeb42da8e44ec08ec670b8ee9742cbb0c0b1480cfc12a496f842a5f95377,ok
C:\Users\nader\Downloads\calon_ukb_pipeline\TUDOR_write_manuscript.R,D:\CALON_FH_PORTABLE\code\R\TUDOR_write_manuscript.R,copy,86244,c940db2db49913f4f0e0b880df98cb3479f3b80ec8e22087a13d53e8905ee3ba,ok
C:\Users\nader\Downloads\calon_ukb_pipeline\_build_manuscript.py,D:\CALON_FH_PORTABLE\code\python\_build_manuscript.py,copy,58542,4af4ce9e374da7d41cea4ecdc92322a4da9c3f545ec4154bf6dc1dd3ce5d2219,ok
C:\Users\nader\Downloads\calon_ukb_pipeline\_check_pass.R,D:\CALON_FH_PORTABLE\code\R\_check_pass.R,copy,667,485ac3124eb58e01a0a4832d64a590f39dea53370ecc8e592504c7f7151d779e,ok
C:\Users\nader\Downloads\calon_ukb_pipeline\_disk_check.ps1,D:\CALON_FH_PORTABLE\assets\_disk_check.ps1,copy,420,3970a0850cedc7d8104543fd7f671971c4670ee8060a916d9b1e41b5921548fc,ok
C:\Users\nader\Downloads\calon_ukb_pipeline\_disk_check2.ps1,D:\CALON_FH_PORTABLE\assets\_disk_check2.ps1,copy,1878,4744fc3c4ba186631a85da0284478f64ced69fb2ad0a766f223927f6549e52a0,ok
C:\Users\nader\Downloads\calon_ukb_pipeline\_lancet_stats.R,D:\CALON_FH_PORTABLE\code\R\_lancet_stats.R,copy,18907,ddfbd07cac8be4f94f5ba4e437df885de6605d3d62d639ca5388180ca22a377c,ok
C:\Users\nader\Downloads\calon_ukb_pipeline\_tmp_stats.py,D:\CALON_FH_PORTABLE\code\python\_tmp_stats.py,copy,1425,93346ba8d61e5ba89b5e6bc3b241bdfd8033ea3e2f92f274e833016ca004e31e,ok
C:\Users\nader\Downloads\calon_ukb_pipeline\_tmp_stats2.py,D:\CALON_FH_PORTABLE\code\python\_tmp_stats2.py,copy,1432,35d68fcc193566be3ebcc3dee13bc29187d6adc789bd35aef10ebb911a441846,ok
C:\Users\nader\Downloads\calon_ukb_pipeline\~$LON_X_manuscript_v4.txt,D:\CALON_FH_PORTABLE\assets\~$LON_X_manuscript_v4.txt,copy,162,b25372a91f830c0099ffb5f1c05e6ff35c1d04cc3382b3fa884b0923937b09bc,ok
C:\Users\nader\Downloads\calon_ukb_pipeline\.pytest_cache\.gitignore,D:\CALON_FH_PORTABLE\assets\.pytest_cache\.gitignore,copy,39,e7c6bb30148cf667606dcd63e7ca77acaa3cfb0c8303bf09e6419e1e1669dc6d,ok
C:\Users\nader\Downloads\calon_ukb_pipeline\.pytest_cache\CACHEDIR.TAG,D:\CALON_FH_PORTABLE\assets\.pytest_cache\CACHEDIR.TAG,copy,191,37dc88ef9a0abeddbe81053a6dd8fdfb13afb613045ea1eb4a5c815a74a3bde4,ok
C:\Users\nader\Downloads\calon_ukb_pipeline\.pytest_cache\README.md,D:\CALON_FH_PORTABLE\docs_md\.pytest_cache\README.md,copy,310,420e808d79a6c25d3cda0af33bc4782314a14949866682c68ce8149e89b66b70,ok
C:\Users\nader\Downloads\calon_ukb_pipeline\.pytest_cache\v\cache\lastfailed,D:\CALON_FH_PORTABLE\assets\.pytest_cache\v\cache\lastfailed,copy,2,44136fa355b3678a1146ad16f7e8649e94fb4fc21fe77e8310c060f61caaff8a,ok
C:\Users\nader\Downloads\calon_ukb_pipeline\.pytest_cache\v\cache\nodeids,D:\CALON_FH_PORTABLE\assets\.pytest_cache\v\cache\nodeids,copy,517,a150bc953d539e9b7b117f50ba7b4e463b5123a27cce56c506218c9107f730d1,ok
C:\Users\nader\Downloads\calon_ukb_pipeline\alphafold\af3_Fig1A_LDLR_KIV10.json,D:\CALON_FH_PORTABLE\assets\alphafold\af3_Fig1A_LDLR_KIV10.json,copy,1066,4c66f7cd351f08b0cce34b3119a998cb98fb3324ec10ae4f7e811d5873147768,ok
C:\Users\nader\Downloads\calon_ukb_pipeline\alphafold\af3_Fig1B_LDLR_ApoB.json,D:\CALON_FH_PORTABLE\assets\alphafold\af3_Fig1B_LDLR_ApoB.json,copy,1022,2315304994eb45beb5906932381912ea19088644c5b2c3ec3dafe297498f6771,ok
C:\Users\nader\Downloads\calon_ukb_pipeline\alphafold\af3_Fig1B_LDLR_ApoB_v2.json,D:\CALON_FH_PORTABLE\assets\alphafold\af3_Fig1B_LDLR_ApoB_v2.json,copy,1362,885794c81b9decd51db163dbf7762156816155653708f50933cbc2a468f514d5,ok
C:\Users\nader\Downloads\calon_ukb_pipeline\alphafold\af3_Fig1C_LDLR_PCSK9.json,D:\CALON_FH_PORTABLE\assets\alphafold\af3_Fig1C_LDLR_PCSK9.json,copy,1657,e7e7f6cdfa3b813285912855c01e8708aca7a0fd75e0899c7f107a7c69fad1ab,ok
C:\Users\nader\Downloads\calon_ukb_pipeline\alphafold\af3_job10_LPA_KIV10_ApoB.json,D:\CALON_FH_PORTABLE\assets\alphafold\af3_job10_LPA_KIV10_ApoB.json,copy,495,740b35fdb5e17e45dcd00065686bf2fc70f868fc23f3e07993ca1e524b64ff96,ok
C:\Users\nader\Downloads\calon_ukb_pipeline\alphafold\af3_job11_LPA_KIV10_VLDLR.json,D:\CALON_FH_PORTABLE\assets\alphafold\af3_job11_LPA_KIV10_VLDLR.json,copy,660,3b892d770910b9664dd93161aa9126a728dbba81a41ebdef95dc92afe6c1a272,ok
C:\Users\nader\Downloads\calon_ukb_pipeline\alphafold\af3_job12_LPA_KIV10_LRP1.json,D:\CALON_FH_PORTABLE\assets\alphafold\af3_job12_LPA_KIV10_LRP1.json,copy,658,273b5f1e4378cb9d00be0779bfd3ef4fdb96fc859de97387a47f8154367ef835,ok
C:\Users\nader\Downloads\calon_ukb_pipeline\alphafold\af3_job13_LPA_KIV10_PlgRKT.json,D:\CALON_FH_PORTABLE\assets\alphafold\af3_job13_LPA_KIV10_PlgRKT.json,copy,582,8ff170f0d86660af860ea349c52f25a1bdbd1cbf10d4e3470cc76599bca3b21d,ok
C:\Users\nader\Downloads\calon_ukb_pipeline\alphafold\af3_job14_LPA_KIV10_SRB1.json,D:\CALON_FH_PORTABLE\assets\alphafold\af3_job14_LPA_KIV10_SRB1.json,copy,713,0a5b2b6bacd57cc55de8b6c0350ec9f905234db4857367e7cc3bb9867e068276,ok
C:\Users\nader\Downloads\calon_ukb_pipeline\alphafold\af3_job15_LPA_Protease_CD36.json,D:\CALON_FH_PORTABLE\assets\alphafold\af3_job15_LPA_Protease_CD36.json,copy,1115,aed6b58702281d44d87797f2538259dc84831eea49aca0571e560ffc041cf1b8,ok
C:\Users\nader\Downloads\calon_ukb_pipeline\alphafold\af3_job16_LPA_KIV10_ASGPR.json,D:\CALON_FH_PORTABLE\assets\alphafold\af3_job16_LPA_KIV10_ASGPR.json,copy,571,015dced5bf4030efa967cbd29230fe1a4ab161cf2a2f9989d2961f9541e338f8,ok
C:\Users\nader\Downloads\calon_ukb_pipeline\alphafold\af3_job17_LPA_KIV10_LOX1.json,D:\CALON_FH_PORTABLE\assets\alphafold\af3_job17_LPA_KIV10_LOX1.json,copy,591,062f680449aa82eb107cee9709036a3ef3a52ab2335ec59a403821f69c4700d9,ok
C:\Users\nader\Downloads\calon_ukb_pipeline\alphafold\af3_job18_LPA_KIV10_Megalin.json,D:\CALON_FH_PORTABLE\assets\alphafold\af3_job18_LPA_KIV10_Megalin.json,copy,600,d593b2a921d6538c8d3bce97c865da4e99b94efdf7032799efaa80eedb56d4f7,ok
C:\Users\nader\Downloads\calon_ukb_pipeline\alphafold\af3_job1_LDLR_wildtype.json,D:\CALON_FH_PORTABLE\assets\alphafold\af3_job1_LDLR_wildtype.json,copy,1054,fe06ed48ef8365de6c19ff67dd3953a75b3cd70aa4379e03e4f80eb6969f92b0,ok
C:\Users\nader\Downloads\calon_ukb_pipeline\alphafold\af3_job2_PCSK9_wildtype.json,D:\CALON_FH_PORTABLE\assets\alphafold\af3_job2_PCSK9_wildtype.json,copy,888,3d5252ba6a4058c5b175217774c04df03aea7b8998e1bd34a33dad6749f436ca,ok
C:\Users\nader\Downloads\calon_ukb_pipeline\alphafold\af3_job3_ApoB_RBD.json,D:\CALON_FH_PORTABLE\assets\alphafold\af3_job3_ApoB_RBD.json,copy,431,dd2ef4145199879fbe0a2a5ac13b925d691ca00f2edec5f38ec42f340928f225,ok
C:\Users\nader\Downloads\calon_ukb_pipeline\alphafold\af3_job4_LDLR_PCSK9_complex.json,D:\CALON_FH_PORTABLE\assets\alphafold\af3_job4_LDLR_PCSK9_complex.json,copy,1852,a3f3db64e66b2998d581df3bc3a395109e8521be7cc3e7788fb7373e90fa348c,ok
C:\Users\nader\Downloads\calon_ukb_pipeline\alphafold\af3_job4_LDLR_PCSK9_complex_v2.json,D:\CALON_FH_PORTABLE\assets\alphafold\af3_job4_LDLR_PCSK9_complex_v2.json,copy,1745,9974f29a4a89fdb6d49dfde7553e89a3a9c247b9fc66774ce84508df5019d1d4,ok
C:\Users\nader\Downloads\calon_ukb_pipeline\alphafold\af3_job5_LDLR_ApoB_complex.json,D:\CALON_FH_PORTABLE\assets\alphafold\af3_job5_LDLR_ApoB_complex.json,copy,1400,9b90d71b92a5544ba2c68d9d459fe2c53d6cd8fa83716609a1e9502deb087817,ok
C:\Users\nader\Downloads\calon_ukb_pipeline\alphafold\af3_job5_LDLR_ApoB_complex_v2.json,D:\CALON_FH_PORTABLE\assets\alphafold\af3_job5_LDLR_ApoB_complex_v2.json,copy,1293,086abb45910e866426d17c232748b60b69a9f3bd50c62785a8316f6e3df51e80,ok
C:\Users\nader\Downloads\calon_ukb_pipeline\alphafold\af3_job6_LPA_wildtype.json,D:\CALON_FH_PORTABLE\assets\alphafold\af3_job6_LPA_wildtype.json,copy,2018,e63b23b08e911d8232fd703e8ef51f18a557c50c63d1f9f0acc513b366051489,ok
C:\Users\nader\Downloads\calon_ukb_pipeline\alphafold\af3_job7_LPA_KIV7_KIV8.json,D:\CALON_FH_PORTABLE\assets\alphafold\af3_job7_LPA_KIV7_KIV8.json,copy,395,aca8d2e1b64415a33777d1cdb8908620a6e16182ed3caaf77949590d72acb7ab,ok
C:\Users\nader\Downloads\calon_ukb_pipeline\alphafold\af3_job8_LPA_KIV10_KV_Protease.json,D:\CALON_FH_PORTABLE\assets\alphafold\af3_job8_LPA_KIV10_KV_Protease.json,copy,881,9a8372934707e3c6b27fef97b03f46c55fb83578671b887b3dd17f2ebcda5730,ok
C:\Users\nader\Downloads\calon_ukb_pipeline\alphafold\af3_job9_LPA_KIV10_LDLR_EGFA.json,D:\CALON_FH_PORTABLE\assets\alphafold\af3_job9_LPA_KIV10_LDLR_EGFA.json,copy,474,7feca233383662db9a24b27cc188933ae8818e08f82600357037fedb2e8f2b93,ok
C:\Users\nader\Downloads\calon_ukb_pipeline\alphafold\af3_missense_for_modelling.csv,D:\CALON_FH_PORTABLE\data\alphafold\af3_missense_for_modelling.csv,copy,18591,cd7b63e62ff1f9d449dea762befc7c8d7b6ed99093105370f9e37e9263ed8e99,ok
C:\Users\nader\Downloads\calon_ukb_pipeline\alphafold\AF3_SERVER_SUBMISSION_GUIDE.md,D:\CALON_FH_PORTABLE\docs_md\alphafold\AF3_SERVER_SUBMISSION_GUIDE.md,copy,5580,d76267ce3100f6e3334823c7db5eeda359b49b6225385f29be86ca4ad962156f,ok
C:\Users\nader\Downloads\calon_ukb_pipeline\alphafold\af3_top50_missense.csv,D:\CALON_FH_PORTABLE\data\alphafold\af3_top50_missense.csv,copy,4497,933dffb8d2a5d00d035123ca38b35a1b2c6edf7e6ebf2a25cb5074c4ebfa1c3c,ok
C:\Users\nader\Downloads\calon_ukb_pipeline\alphafold\af3_variant_catalogue.csv,D:\CALON_FH_PORTABLE\data\alphafold\af3_variant_catalogue.csv,copy,32793,9bc766ef800becd85e65311e37a2865c1c046abe34189562901863d9ed39f42e,ok
C:\Users\nader\Downloads\calon_ukb_pipeline\alphafold\af3_variant_patient_map.csv,D:\CALON_FH_PORTABLE\data\alphafold\af3_variant_patient_map.csv,copy,158300,3cec2cba6ee91fa78a359cc0925423a90ef2981a08fc304d87160d5d05e4e90b,ok
C:\Users\nader\Downloads\calon_ukb_pipeline\alphafold\alphafold_fh_ascvd_comprehensive_analysis.md,D:\CALON_FH_PORTABLE\docs_md\alphafold\alphafold_fh_ascvd_comprehensive_analysis.md,copy,11028,f3107473f78bbc22ca98ab390b66fd0f35f7e91479250b4a6a5a767e08115e56,ok
C:\Users\nader\Downloads\calon_ukb_pipeline\alphafold\calon_extra_imaging_date.csv,D:\CALON_FH_PORTABLE\data\alphafold\calon_extra_imaging_date.csv,copy,222,6218d4f5f20471b9b2527edbe36335650fa3aaace0019490135be0fdb15a7f07,ok
C:\Users\nader\Downloads\calon_ukb_pipeline\alphafold\calon_extra_mri_aorta.csv,D:\CALON_FH_PORTABLE\data\alphafold\calon_extra_mri_aorta.csv,copy,714,74b9017fc03e1ba314b14c97b0ce7d56a7680a4cb64f38283287fc9187589aa1,ok
C:\Users\nader\Downloads\calon_ukb_pipeline\alphafold\combined_alphafold_fh_ascvd_comprehensive.csv,D:\CALON_FH_PORTABLE\data\alphafold\combined_alphafold_fh_ascvd_comprehensive.csv,copy,588601,a34cc996c2894818ffba6d5026f8b182597d273b0ca811280fc2584a53053e80,ok
C:\Users\nader\Downloads\calon_ukb_pipeline\alphafold\complex.pdb,D:\CALON_FH_PORTABLE\assets\alphafold\complex.pdb,copy,891648,453dfabc33bbc65f980a066253694e4ff1c3ed04c4eb14b62553ee4f32f7b7ef,ok
C:\Users\nader\Downloads\calon_ukb_pipeline\alphafold\familial_hypercholesterolemia_variants.csv,D:\CALON_FH_PORTABLE\data\alphafold\familial_hypercholesterolemia_variants.csv,copy,38336,0af61793902adca548a3319969f8650fe67275abb20a340f30e3d4a18ea0ef15,ok
C:\Users\nader\Downloads\calon_ukb_pipeline\alphafold\Genetic Disorder Analysis.pdf,D:\CALON_FH_PORTABLE\manuscripts\alphafold\Genetic Disorder Analysis.pdf,copy,396823,4d3009749d1e528f1c05e95190072acb736c2166ed4a0a3e8e4f7fb1019d3a79,ok
C:\Users\nader\Downloads\calon_ukb_pipeline\alphafold\gene_summary.csv,D:\CALON_FH_PORTABLE\data\alphafold\gene_summary.csv,copy,312,cccd1b86fad30eb85d10ead4e87951cb4e3bea844e41108a401b8bcd3dfbcf38,ok
C:\Users\nader\Downloads\calon_ukb_pipeline\alphafold\input-0.pdb,D:\CALON_FH_PORTABLE\assets\alphafold\input-0.pdb,copy,452298,e542aa3d7d94ad21e97091d8b91373c8ada190de97216c585d3813e12ded0f10,ok
C:\Users\nader\Downloads\calon_ukb_pipeline\alphafold\March 20.docx,D:\CALON_FH_PORTABLE\manuscripts\alphafold\March 20.docx,copy,31645,918239f5a57d1b35c3fe36ce13b11e3ce06f6d0af04aad8b98bf9899ca88e3e3,ok
C:\Users\nader\Downloads\calon_ukb_pipeline\alphafold\relaxed.pdb,D:\CALON_FH_PORTABLE\assets\alphafold\relaxed.pdb,copy,1165570,ed7db10c7fdebbf12876fed0eaf163ca99d26d0d145472077e3e220a46277a1e,ok
C:\Users\nader\Downloads\calon_ukb_pipeline\alphafold\ukb_fh_rare_carriers.tsv,D:\CALON_FH_PORTABLE\data\alphafold\ukb_fh_rare_carriers.tsv,copy,1465358,5e131e909883f82701d9d73ae1a0ae28def09e2b89d5d3e97983546b2e3e6931,ok
C:\Users\nader\Downloads\calon_ukb_pipeline\alphafold\variant_summary_statistics.csv,D:\CALON_FH_PORTABLE\data\alphafold\variant_summary_statistics.csv,copy,183,3d71a658aa56243a5f09880d46eb3fb994d95703fc616d49b0181c03c7868135,ok
C:\Users\nader\Downloads\calon_ukb_pipeline\alphafold\analysis\af3_complex_validation.csv,D:\CALON_FH_PORTABLE\data\alphafold\analysis\af3_complex_validation.csv,copy,1400,3d16f20919631800a286649a31d7ad5048aa67acb2e9da782f84f4c0566de688,ok
C:\Users\nader\Downloads\calon_ukb_pipeline\alphafold\analysis\af3_comprehensive_analysis.py,D:\CALON_FH_PORTABLE\code\python\alphafold\analysis\af3_comprehensive_analysis.py,copy,33587,d808f056fc20a09938d7f540bce1e3ae46f300810c4ff5362de0b941985b97a3,ok
C:\Users\nader\Downloads\calon_ukb_pipeline\alphafold\analysis\af3_mutant_complex_results.csv,D:\CALON_FH_PORTABLE\data\alphafold\analysis\af3_mutant_complex_results.csv,copy,4586,e106588a2cbe2cc518ba3be3c61ca722e0024b11b6f82d4f867d2af3c505bc96,ok
C:\Users\nader\Downloads\calon_ukb_pipeline\alphafold\analysis\af3_mutant_jobs.csv,D:\CALON_FH_PORTABLE\data\alphafold\analysis\af3_mutant_jobs.csv,copy,6582,fa896c16c1d526154a44799cb2994c1f0ec92d33fa2e396ccd6a66bbd29e88f9,ok
C:\Users\nader\Downloads\calon_ukb_pipeline\alphafold\analysis\af3_mutant_monomer_results.csv,D:\CALON_FH_PORTABLE\data\alphafold\analysis\af3_mutant_monomer_results.csv,copy,7456,3567760730124b2edf8b9259448f1306f52a3d92aff5cc59fe2deed3cb57adea,ok
C:\Users\nader\Downloads\calon_ukb_pipeline\alphafold\analysis\af3_mutant_validation.csv,D:\CALON_FH_PORTABLE\data\alphafold\analysis\af3_mutant_validation.csv,copy,6320,0a4085bcb3c4cc3d004edab589afde74e1083231cc3c2dbd463da0cc5a213cf1,ok
C:\Users\nader\Downloads\calon_ukb_pipeline\alphafold\analysis\af3_mutant_vs_wildtype_summary.csv,D:\CALON_FH_PORTABLE\data\alphafold\analysis\af3_mutant_vs_wildtype_summary.csv,copy,10617,0969004189943bfd431fcf6eeb1371592da134dbc09f2afbced687e9690a1bc5,ok
C:\Users\nader\Downloads\calon_ukb_pipeline\alphafold\analysis\af3_structure_quality_summary.csv,D:\CALON_FH_PORTABLE\data\alphafold\analysis\af3_structure_quality_summary.csv,copy,261,9b4da90d3d90f6d945554e20e23776a455fe19d9e532025d91afcfe90295f79d,ok
C:\Users\nader\Downloads\calon_ukb_pipeline\alphafold\analysis\af3_submission_guide.txt,D:\CALON_FH_PORTABLE\assets\alphafold\analysis\af3_submission_guide.txt,copy,26156,468349b453f3a36c4fb916a5090b94d2584a749986f325bd19576a18fda58c72,ok
C:\Users\nader\Downloads\calon_ukb_pipeline\alphafold\analysis\alphafold3_mutant_targets.csv,D:\CALON_FH_PORTABLE\data\alphafold\analysis\alphafold3_mutant_targets.csv,copy,3931,5859c47df47af7e1b606f284705b6b2f2625976e760b1572aa052fb8133e68d9,ok
C:\Users\nader\Downloads\calon_ukb_pipeline\alphafold\analysis\alphamissense_ldlr.csv,D:\CALON_FH_PORTABLE\data\alphafold\analysis\alphamissense_ldlr.csv,copy,615389,f9326d1b07282d9cf9441d79197a4a16e7efe966e7f06a687f99165a97d8f8a5,ok
C:\Users\nader\Downloads\calon_ukb_pipeline\alphafold\analysis\aortic_phenotype_by_domain.csv,D:\CALON_FH_PORTABLE\data\alphafold\analysis\aortic_phenotype_by_domain.csv,copy,2788,17d403e61548f1c7c3ee516f4d62274dec9657aea020a979fe7356140eeaf279,ok
C:\Users\nader\Downloads\calon_ukb_pipeline\alphafold\analysis\aortic_phenotype_by_mechanism.csv,D:\CALON_FH_PORTABLE\data\alphafold\analysis\aortic_phenotype_by_mechanism.csv,copy,860,28f765ff37ce842af7b1e7a1b1a814d54d1267295c9d5beda95ab06f391dbb76,ok
C:\Users\nader\Downloads\calon_ukb_pipeline\alphafold\analysis\aortic_sclerosis_prevalence.csv,D:\CALON_FH_PORTABLE\data\alphafold\analysis\aortic_sclerosis_prevalence.csv,copy,1252,f6115cef6340e1323657cb44fcfb81ccef881c3ccbe6a882a049db5581f35382,ok
C:\Users\nader\Downloads\calon_ukb_pipeline\alphafold\analysis\apob_discordance_by_domain.csv,D:\CALON_FH_PORTABLE\data\alphafold\analysis\apob_discordance_by_domain.csv,copy,817,0a1d415234de4b4d83f14df6da85e332f799eaa24eb857a8f975cf3f7aab721d,ok
C:\Users\nader\Downloads\calon_ukb_pipeline\alphafold\analysis\apob_discordance_fh_vs_matched.csv,D:\CALON_FH_PORTABLE\data\alphafold\analysis\apob_discordance_fh_vs_matched.csv,copy,231,c12083b6c2ecb8515faed434e9a38248acf20c92a356810bc4cfaff6badd8139,ok
C:\Users\nader\Downloads\calon_ukb_pipeline\alphafold\analysis\ApoB_RBD_plddt_per_residue.csv,D:\CALON_FH_PORTABLE\data\alphafold\analysis\ApoB_RBD_plddt_per_residue.csv,copy,4798,a0e4fbbf180abe6ba8cc5f2faeaaf487bb34b7d997143c6afb11ea0139c231df,ok
C:\Users\nader\Downloads\calon_ukb_pipeline\alphafold\analysis\atlas_v3_summary_statistics.csv,D:\CALON_FH_PORTABLE\data\alphafold\analysis\atlas_v3_summary_statistics.csv,copy,1292,291eaaf5192ed566eee2a78f9e1096161c41ee059fd017d01d9f7c010b3f9ac2,ok
C:\Users\nader\Downloads\calon_ukb_pipeline\alphafold\analysis\biomarkers_by_mechanism.csv,D:\CALON_FH_PORTABLE\data\alphafold\analysis\biomarkers_by_mechanism.csv,copy,457,7e7795dce8a8f5a2898ada420d3623770c41fd9f5c2d5f3cca2d86d368e58f7e,ok
C:\Users\nader\Downloads\calon_ukb_pipeline\alphafold\analysis\biomarker_protocol_by_domain.csv,D:\CALON_FH_PORTABLE\data\alphafold\analysis\biomarker_protocol_by_domain.csv,copy,1419,de1fa0d6cb9040bca9395328f210624e0f7d36acf496e5537c4fc91cf4400d6e,ok
C:\Users\nader\Downloads\calon_ukb_pipeline\alphafold\analysis\cardiac_mri_by_domain.csv,D:\CALON_FH_PORTABLE\data\alphafold\analysis\cardiac_mri_by_domain.csv,copy,1112,064bb1d9bf711aa519cea84834f828c5e14816ed517ca927bc6e9510db7dcc14,ok
C:\Users\nader\Downloads\calon_ukb_pipeline\alphafold\analysis\clinvar_ldlr_full.csv,D:\CALON_FH_PORTABLE\data\alphafold\analysis\clinvar_ldlr_full.csv,copy,950281,f9d437f44db86866f2acc9ad6fed4cb1ffc22a3e351a0ebc45d621960f96665b,ok
C:\Users\nader\Downloads\calon_ukb_pipeline\alphafold\analysis\clinvar_ldlr_full_missense.csv,D:\CALON_FH_PORTABLE\data\alphafold\analysis\clinvar_ldlr_full_missense.csv,copy,387084,0a0bbc6c58ea7627819a4a0a549798e008e27ef591a80fb7e4324422866ad2cc,ok
C:\Users\nader\Downloads\calon_ukb_pipeline\alphafold\analysis\clinvar_mega_validation.csv,D:\CALON_FH_PORTABLE\data\alphafold\analysis\clinvar_mega_validation.csv,copy,405320,019bbc95ba30316f2a494b14c89a966bc176a0de93037a2bd588701e34bf4dae,ok
C:\Users\nader\Downloads\calon_ukb_pipeline\alphafold\analysis\clinvar_validated_variants.csv,D:\CALON_FH_PORTABLE\data\alphafold\analysis\clinvar_validated_variants.csv,copy,42976,39add0016f8ec1e1e31b80fb08315a3ad65869b8d1a03c8cb612e48c6daea636,ok
C:\Users\nader\Downloads\calon_ukb_pipeline\alphafold\analysis\clinvar_validation_summary.csv,D:\CALON_FH_PORTABLE\data\alphafold\analysis\clinvar_validation_summary.csv,copy,177,679b2159f9341e40abd7804e229d86bdb3c29b884ac7b76275ebe6ebcae516bd,ok
C:\Users\nader\Downloads\calon_ukb_pipeline\alphafold\analysis\comprehensive_sss_analysis.csv,D:\CALON_FH_PORTABLE\data\alphafold\analysis\comprehensive_sss_analysis.csv,copy,90200,ee801465945c254603a1331a9dabfe26b6c56915db1fd7af0bcc6280454833d7,ok
C:\Users\nader\Downloads\calon_ukb_pipeline\alphafold\analysis\cox_km_compound_results.csv,D:\CALON_FH_PORTABLE\data\alphafold\analysis\cox_km_compound_results.csv,copy,1969,70ae136e64d4bbf4e487a69c1069c016d14126b55d83592301935079002fc6ef,ok
C:\Users\nader\Downloads\calon_ukb_pipeline\alphafold\analysis\dca_results.csv,D:\CALON_FH_PORTABLE\data\alphafold\analysis\dca_results.csv,copy,3376,7d07367b0a8f289ab9d9ee6bc8cbf61d7a40673bf031175163894e656941cd83,ok
C:\Users\nader\Downloads\calon_ukb_pipeline\alphafold\analysis\download_alphamissense_ldlr.py,D:\CALON_FH_PORTABLE\code\python\alphafold\analysis\download_alphamissense_ldlr.py,copy,5385,e9c17a875befeec7730ef201305aeb9ae7d1daa651f81968d5f0f72a6c0ad9a9,ok
C:\Users\nader\Downloads\calon_ukb_pipeline\alphafold\analysis\external_treatment_response_validation.csv,D:\CALON_FH_PORTABLE\data\alphafold\analysis\external_treatment_response_validation.csv,copy,1224,73a9c67e8fdc471aa4fd2040b87df122c312f713d253f2da0d448d828dd4ce45,ok
C:\Users\nader\Downloads\calon_ukb_pipeline\alphafold\analysis\external_vus_validation.csv,D:\CALON_FH_PORTABLE\data\alphafold\analysis\external_vus_validation.csv,copy,101224,446560d0eea0e57f37bf9ac7570d0510f6038c85be60b83c688b9982de44fe85,ok
C:\Users\nader\Downloads\calon_ukb_pipeline\alphafold\analysis\fetch_clinvar_brca1.py,D:\CALON_FH_PORTABLE\code\python\alphafold\analysis\fetch_clinvar_brca1.py,copy,9079,edc48565371b92732ec41e86bb2407291dc6474f9e036b70553cc4bb7c04d2f9,ok
C:\Users\nader\Downloads\calon_ukb_pipeline\alphafold\analysis\fetch_clinvar_ldlr.py,D:\CALON_FH_PORTABLE\code\python\alphafold\analysis\fetch_clinvar_ldlr.py,copy,10755,9c456355ece6641d0820e79249941445da4e4a6043028a0b5f54449a1bfa46a1,ok
C:\Users\nader\Downloads\calon_ukb_pipeline\alphafold\analysis\fetch_revel_ldlr.py,D:\CALON_FH_PORTABLE\code\python\alphafold\analysis\fetch_revel_ldlr.py,copy,10857,3eae76c8801a1e2a897b9ea85a0208b0fed28a291c0027934fa694185590fd2a,ok
C:\Users\nader\Downloads\calon_ukb_pipeline\alphafold\analysis\foldx_ddg_results.csv,D:\CALON_FH_PORTABLE\data\alphafold\analysis\foldx_ddg_results.csv,copy,2092,8c2bac737f48a91c3ca2ca2fdf531ea39d7a887a5d77295e4cad55108819692d,ok
C:\Users\nader\Downloads\calon_ukb_pipeline\alphafold\analysis\foldx_ddg_results_full.csv,D:\CALON_FH_PORTABLE\data\alphafold\analysis\foldx_ddg_results_full.csv,copy,10094,59b0d8fac7d4fbb21549e31278e4faed5cfdb10d08379a6b766730bd2d04103d,ok
C:\Users\nader\Downloads\calon_ukb_pipeline\alphafold\analysis\foldx_saturation_mutagenesis.csv,D:\CALON_FH_PORTABLE\data\alphafold\analysis\foldx_saturation_mutagenesis.csv,copy,497046,8897a6b3c0b16a5b956d6aaf25e46561670a2d731469226cf5b70a06548c7d8e,ok
C:\Users\nader\Downloads\calon_ukb_pipeline\alphafold\analysis\head_to_head_results.csv,D:\CALON_FH_PORTABLE\data\alphafold\analysis\head_to_head_results.csv,copy,1183,f04422ca64005acd83273522c3d65a242e0a26aab1328526ea5476984a3a3747,ok
C:\Users\nader\Downloads\calon_ukb_pipeline\alphafold\analysis\interface_distance_analysis.csv,D:\CALON_FH_PORTABLE\data\alphafold\analysis\interface_distance_analysis.csv,copy,20990,8319ccc18e3e8623040e21381a251c4cfcab42903c4928d0a2bda3bd9c8e4779,ok
C:\Users\nader\Downloads\calon_ukb_pipeline\alphafold\analysis\islam_et_al_315_variants.csv,D:\CALON_FH_PORTABLE\data\alphafold\analysis\islam_et_al_315_variants.csv,copy,20668,13989a55058c15b27d1afed74cb8f39a0da3fd77d95f8f17cc026fbd7f27c903,ok
C:\Users\nader\Downloads\calon_ukb_pipeline\alphafold\analysis\LDLR_860_position_confidence_table.csv,D:\CALON_FH_PORTABLE\data\alphafold\analysis\LDLR_860_position_confidence_table.csv,copy,298854,a394f54c0209bfaac272202dc6e510612abd16acd2d30f8c7bbab232e76addd4,ok
C:\Users\nader\Downloads\calon_ukb_pipeline\alphafold\analysis\LDLR_860_position_confidence_table_v3b.csv,D:\CALON_FH_PORTABLE\data\alphafold\analysis\LDLR_860_position_confidence_table_v3b.csv,copy,343446,aa22710460463f6d2d8bcb51fa99bfa021a2c872b83a8d271850aff213b4a1d0,ok
C:\Users\nader\Downloads\calon_ukb_pipeline\alphafold\analysis\LDLR_genotype_phenotype_atlas.csv,D:\CALON_FH_PORTABLE\data\alphafold\analysis\LDLR_genotype_phenotype_atlas.csv,copy,222770,020daa5d061ed6c0fe419cf7ebfb152396df0021533582d3370b0e5625f6d1a4,ok
C:\Users\nader\Downloads\calon_ukb_pipeline\alphafold\analysis\LDLR_genotype_phenotype_atlas_v1_backup.csv,D:\CALON_FH_PORTABLE\data\alphafold\analysis\LDLR_genotype_phenotype_atlas_v1_backup.csv,copy,135150,63220d2415f31dc7a7af9f78ecf65a2d48b4f68a8f633341f73cefbf28b685a8,ok
C:\Users\nader\Downloads\calon_ukb_pipeline\alphafold\analysis\LDLR_genotype_phenotype_atlas_v2.csv,D:\CALON_FH_PORTABLE\data\alphafold\analysis\LDLR_genotype_phenotype_atlas_v2.csv,copy,213440,3bc65d108012900820481fbeefcee78fcbb904f55f332b8b0a0d10102413ed79,ok
C:\Users\nader\Downloads\calon_ukb_pipeline\alphafold\analysis\LDLR_genotype_phenotype_atlas_v3.csv,D:\CALON_FH_PORTABLE\data\alphafold\analysis\LDLR_genotype_phenotype_atlas_v3.csv,copy,222770,020daa5d061ed6c0fe419cf7ebfb152396df0021533582d3370b0e5625f6d1a4,ok
C:\Users\nader\Downloads\calon_ukb_pipeline\alphafold\analysis\LDLR_genotype_phenotype_atlas_v3b.csv,D:\CALON_FH_PORTABLE\data\alphafold\analysis\LDLR_genotype_phenotype_atlas_v3b.csv,copy,60609,2e9b30e643268c4298accd25cb07bcda196993c196fe0c7d7fd279d31c071c24,ok
C:\Users\nader\Downloads\calon_ukb_pipeline\alphafold\analysis\ldlr_position_therapeutic_summary.csv,D:\CALON_FH_PORTABLE\data\alphafold\analysis\ldlr_position_therapeutic_summary.csv,copy,78733,7cdd4c48c39db1be8932e8ec10d4a25ce57f739e5cab92c4d1850c87ef69f14c,ok
C:\Users\nader\Downloads\calon_ukb_pipeline\alphafold\analysis\ldlr_therapeutic_map_16340.csv,D:\CALON_FH_PORTABLE\data\alphafold\analysis\ldlr_therapeutic_map_16340.csv,copy,3495986,438303156afc6c9254a477d707610db9b03491b5a10d187a99b4c51c0a9f0f70,ok
C:\Users\nader\Downloads\calon_ukb_pipeline\alphafold\analysis\LDLR_wildtype_plddt_per_residue.csv,D:\CALON_FH_PORTABLE\data\alphafold\analysis\LDLR_wildtype_plddt_per_residue.csv,copy,28900,0d8ef3c5a9c0005ff44a4cbd9ab98639b6f2caffb5fe53940b28878377365e5f,ok
C:\Users\nader\Downloads\calon_ukb_pipeline\alphafold\analysis\loco_cv_pooled_sss_results.csv,D:\CALON_FH_PORTABLE\data\alphafold\analysis\loco_cv_pooled_sss_results.csv,copy,23949,c3deb0a578bd9d79a5e6a26bae578b85510447e5ff4f1f793fae3026e99efa65,ok
C:\Users\nader\Downloads\calon_ukb_pipeline\alphafold\analysis\lpa_adjusted_by_domain.csv,D:\CALON_FH_PORTABLE\data\alphafold\analysis\lpa_adjusted_by_domain.csv,copy,366,f5b640e697219d0ae1f9a7653fa5a6d62e06798e76c2d402b97b542ab52607f0,ok
C:\Users\nader\Downloads\calon_ukb_pipeline\alphafold\analysis\lpa_by_domain.csv,D:\CALON_FH_PORTABLE\data\alphafold\analysis\lpa_by_domain.csv,copy,829,b9e662520f42c22fb4427515c880ae86aa15e2dd851b5e1dfd03af3e6c1e1ad6,ok
C:\Users\nader\Downloads\calon_ukb_pipeline\alphafold\analysis\lpa_by_variant.csv,D:\CALON_FH_PORTABLE\data\alphafold\analysis\lpa_by_variant.csv,copy,1584,35b9c1214aa599c28ce5aaa09672787581936070cbfda8ec122b840f95bc0f55,ok
C:\Users\nader\Downloads\calon_ukb_pipeline\alphafold\analysis\lpa_corrected_ldl.csv,D:\CALON_FH_PORTABLE\data\alphafold\analysis\lpa_corrected_ldl.csv,copy,90949,eb83de3796fd59ab01e4dc9a71fb6d3b03042784550397b2b4e57103b5f45518,ok
C:\Users\nader\Downloads\calon_ukb_pipeline\alphafold\analysis\lpa_variant_catalogue_foldx.csv,D:\CALON_FH_PORTABLE\data\alphafold\analysis\lpa_variant_catalogue_foldx.csv,copy,1020,6cd1f4f0a39a3bd0a73364808361feb11c23700a692d2a0e0d6912caf1dd3757,ok
C:\Users\nader\Downloads\calon_ukb_pipeline\alphafold\analysis\lpa_vs_ldl_mutation_level.csv,D:\CALON_FH_PORTABLE\data\alphafold\analysis\lpa_vs_ldl_mutation_level.csv,copy,3657,3bbbf6570f6f2406b88dcd736222134fc69cd348cd2bfff5af9d363f05398382,ok
C:\Users\nader\Downloads\calon_ukb_pipeline\alphafold\analysis\mri_apob_lpa_integration_results.csv,D:\CALON_FH_PORTABLE\data\alphafold\analysis\mri_apob_lpa_integration_results.csv,copy,23339,a6eedfc83a7b66272d17b478849ce53cf5c57f2046201d3a35cb5e065fc33a6b,ok
C:\Users\nader\Downloads\calon_ukb_pipeline\alphafold\analysis\nobel_ddg_vs_function.csv,D:\CALON_FH_PORTABLE\data\alphafold\analysis\nobel_ddg_vs_function.csv,copy,25496,98d52041ebf43d822297b4e85b3d2e5307f3f6d8675fe4e3805cefabbc9a26eb,ok
C:\Users\nader\Downloads\calon_ukb_pipeline\alphafold\analysis\nobel_gap_analysis.csv,D:\CALON_FH_PORTABLE\data\alphafold\analysis\nobel_gap_analysis.csv,copy,1764,092c90e443241da3fc8b837653b8eb2bd96507385ea15d887aa93ebeb6af76fa,ok
C:\Users\nader\Downloads\calon_ukb_pipeline\alphafold\analysis\nobel_multimodal_integration.csv,D:\CALON_FH_PORTABLE\data\alphafold\analysis\nobel_multimodal_integration.csv,copy,6493,5565c6abc7210416615845a04c273d4b61a5ff1f09cf773bbd1b5925024a7949,ok
C:\Users\nader\Downloads\calon_ukb_pipeline\alphafold\analysis\nobel_saturation_vs_clinvar.csv,D:\CALON_FH_PORTABLE\data\alphafold\analysis\nobel_saturation_vs_clinvar.csv,copy,2964,6e6e5ec7ed31b5fc094089e8a6353621d27b85629f9016bc3847db23c70cb3d2,ok
C:\Users\nader\Downloads\calon_ukb_pipeline\alphafold\analysis\nobel_sss_recalibrated.csv,D:\CALON_FH_PORTABLE\data\alphafold\analysis\nobel_sss_recalibrated.csv,copy,2796,bc9e115e77cb0fe5f6cc4dc8a23c7bf39161913ccb3a379ddd28ce9a30c82c72,ok
C:\Users\nader\Downloads\calon_ukb_pipeline\alphafold\analysis\nobel_treatment_interaction.csv,D:\CALON_FH_PORTABLE\data\alphafold\analysis\nobel_treatment_interaction.csv,copy,374,c463840543b69ce24839189bfd43a485509f0cda8c3da9071772a42d179b80fa,ok
C:\Users\nader\Downloads\calon_ukb_pipeline\alphafold\analysis\nobel_treatment_selection.csv,D:\CALON_FH_PORTABLE\data\alphafold\analysis\nobel_treatment_selection.csv,copy,716,5f1a2dc4cc52f583694ae59aa8cbf7584bcb2084f45d45327601ab98d50b8145,ok
C:\Users\nader\Downloads\calon_ukb_pipeline\alphafold\analysis\pathogenicity_head_to_head.csv,D:\CALON_FH_PORTABLE\data\alphafold\analysis\pathogenicity_head_to_head.csv,copy,298,577669ceac0994e5cb5288073d93a5158f830c4fa4c8b206f14cc369650cefa0,ok
C:\Users\nader\Downloads\calon_ukb_pipeline\alphafold\analysis\PCSK9_wildtype_plddt_per_residue.csv,D:\CALON_FH_PORTABLE\data\alphafold\analysis\PCSK9_wildtype_plddt_per_residue.csv,copy,13597,718d6b76b8452881c9862ac776d8d81c30ea484cef61ba1f93a3d21aaf605eb4,ok
C:\Users\nader\Downloads\calon_ukb_pipeline\alphafold\analysis\pseudofh_nmr_discriminating_metabolites.csv,D:\CALON_FH_PORTABLE\data\alphafold\analysis\pseudofh_nmr_discriminating_metabolites.csv,copy,981,08043d705fbb3b587479aa3119972681be5249a35768cb98ff991502c003d3aa,ok
C:\Users\nader\Downloads\calon_ukb_pipeline\alphafold\analysis\revel_ldlr.csv,D:\CALON_FH_PORTABLE\data\alphafold\analysis\revel_ldlr.csv,copy,72066,748107963c1dbd7a856c3d2d253e74845a0a778121926f9c42bed6da52fed540,ok
C:\Users\nader\Downloads\calon_ukb_pipeline\alphafold\analysis\reviewer_cholesterol_years.csv,D:\CALON_FH_PORTABLE\data\alphafold\analysis\reviewer_cholesterol_years.csv,copy,109,687a31d9e16e1145a5018728d601e1956a61288f82ec7af27abe4c9c67688db7,ok
C:\Users\nader\Downloads\calon_ukb_pipeline\alphafold\analysis\reviewer_crp_glyca_validation.csv,D:\CALON_FH_PORTABLE\data\alphafold\analysis\reviewer_crp_glyca_validation.csv,copy,141,e588daaaa51fc97ca71bbe7ffe5cd2d698cfa37b954f51d3606456f6dac9f336,ok
C:\Users\nader\Downloads\calon_ukb_pipeline\alphafold\analysis\reviewer_cv_mortality_ldl_decile.csv,D:\CALON_FH_PORTABLE\data\alphafold\analysis\reviewer_cv_mortality_ldl_decile.csv,copy,507,52d38e7a2e1fe9c3efacbd784e1e9c0b7de1b6923e2b3ac943ab234deb9273fb,ok
C:\Users\nader\Downloads\calon_ukb_pipeline\alphafold\analysis\reviewer_ethnicity_stratified.csv,D:\CALON_FH_PORTABLE\data\alphafold\analysis\reviewer_ethnicity_stratified.csv,copy,136,cb70a6354cabda90b93eafb4614d9992f069499460910a7019bdefb89d412bb0,ok
C:\Users\nader\Downloads\calon_ukb_pipeline\alphafold\analysis\reviewer_t2dm_sensitivity.csv,D:\CALON_FH_PORTABLE\data\alphafold\analysis\reviewer_t2dm_sensitivity.csv,copy,213,0f98bb6e1d035e840c347164898a0f79826f72f622074c2f30cd5775f6896986,ok
C:\Users\nader\Downloads\calon_ukb_pipeline\alphafold\analysis\rosetta_energy_breakdown.csv,D:\CALON_FH_PORTABLE\data\alphafold\analysis\rosetta_energy_breakdown.csv,copy,116528,d38c49c14bb250a91a91e06ea0436aba081a7dfa042034b872d5c594f6af121d,ok
C:\Users\nader\Downloads\calon_ukb_pipeline\alphafold\analysis\rosetta_stabilize_pm_results.csv,D:\CALON_FH_PORTABLE\data\alphafold\analysis\rosetta_stabilize_pm_results.csv,copy,1123,6d268b6e82fb45a649d1803764b890412f5fe0d530877221dee7927d6c14fb2c,ok
C:\Users\nader\Downloads\calon_ukb_pipeline\alphafold\analysis\saturation_heatmap_data.csv,D:\CALON_FH_PORTABLE\data\alphafold\analysis\saturation_heatmap_data.csv,copy,92526,97475758e83c88d7f3779bf1370558ed3e9cb2ad3b02e59d6c0fb0551d5493ce,ok
C:\Users\nader\Downloads\calon_ukb_pipeline\alphafold\analysis\split_cohort_validation.csv,D:\CALON_FH_PORTABLE\data\alphafold\analysis\split_cohort_validation.csv,copy,250,a8268d5ffe4bf5edcfb56333b60dfa12b927a851f6d55b596162cf1687fee820,ok
C:\Users\nader\Downloads\calon_ukb_pipeline\alphafold\analysis\sss_patient_level_wales.csv,D:\CALON_FH_PORTABLE\data\alphafold\analysis\sss_patient_level_wales.csv,copy,39853,7a968045b3dad1bfa010489d15d7a8cee645c3af198532290941f80530a91cec,ok
C:\Users\nader\Downloads\calon_ukb_pipeline\alphafold\analysis\sss_v2_catalogue.csv,D:\CALON_FH_PORTABLE\data\alphafold\analysis\sss_v2_catalogue.csv,copy,48055,7819af494855997cedb5149c93750f3568b5e7d821bfdbb746f5f9d92e6d8970,ok
C:\Users\nader\Downloads\calon_ukb_pipeline\alphafold\analysis\sss_v2_catalogue_backup.csv,D:\CALON_FH_PORTABLE\data\alphafold\analysis\sss_v2_catalogue_backup.csv,copy,42046,005f521efc82f48ecf9211de2adec7a2ff9ce3cd3ad4cbf1684e6d7f8b11d3f6,ok
C:\Users\nader\Downloads\calon_ukb_pipeline\alphafold\analysis\sss_v2_forest_plot_data.csv,D:\CALON_FH_PORTABLE\data\alphafold\analysis\sss_v2_forest_plot_data.csv,copy,2416,01ff03d12d936d09197344f23d383359e7935a0c9a09b90ff3456b10aedb803f,ok
C:\Users\nader\Downloads\calon_ukb_pipeline\alphafold\analysis\sss_v2_ukb_develop_wales_validate.csv,D:\CALON_FH_PORTABLE\data\alphafold\analysis\sss_v2_ukb_develop_wales_validate.csv,copy,357632,27c06fa6fd72ce7ca949e551cc70316f5cc952841002edd6949bb6af1b659d18,ok
C:\Users\nader\Downloads\calon_ukb_pipeline\alphafold\analysis\sss_v3_catalogue.csv,D:\CALON_FH_PORTABLE\data\alphafold\analysis\sss_v3_catalogue.csv,copy,48055,7819af494855997cedb5149c93750f3568b5e7d821bfdbb746f5f9d92e6d8970,ok
C:\Users\nader\Downloads\calon_ukb_pipeline\alphafold\analysis\sss_validation_data.csv,D:\CALON_FH_PORTABLE\data\alphafold\analysis\sss_validation_data.csv,copy,233714,83d6b325fe9975a383ff7686128011035cf8a2c2cfac1397318741bd0be69cc9,ok
C:\Users\nader\Downloads\calon_ukb_pipeline\alphafold\analysis\structural_severity_scores.csv,D:\CALON_FH_PORTABLE\data\alphafold\analysis\structural_severity_scores.csv,copy,28990,40b271fb9d0a7bb60b969d49a3c02208fee621ea1b5403828aa912112a9856e4,ok
C:\Users\nader\Downloads\calon_ukb_pipeline\alphafold\analysis\structural_severity_scores_full.csv,D:\CALON_FH_PORTABLE\data\alphafold\analysis\structural_severity_scores_full.csv,copy,29312,85e71340df5c1acb5bf7efc03aec94e8099b3940e8ec0a9324a6ad8d0e092a55,ok
C:\Users\nader\Downloads\calon_ukb_pipeline\alphafold\analysis\treatment_selection_by_domain.csv,D:\CALON_FH_PORTABLE\data\alphafold\analysis\treatment_selection_by_domain.csv,copy,1162,d4f969afd86160ba4a0af7fdd2152b48a7546ca9a8480a44fc7f2e37e24d5dc5,ok
C:\Users\nader\Downloads\calon_ukb_pipeline\alphafold\analysis\treatment_validation_by_mechanism.csv,D:\CALON_FH_PORTABLE\data\alphafold\analysis\treatment_validation_by_mechanism.csv,copy,257,da6d41be495c655f8a72db0ab5363e9c5a048692a367e723fe9024d5b65505d6,ok
C:\Users\nader\Downloads\calon_ukb_pipeline\alphafold\analysis\tudor_calculator_coefficients.csv,D:\CALON_FH_PORTABLE\data\alphafold\analysis\tudor_calculator_coefficients.csv,copy,798,cc0876144b9540c3fcaa402a4c045ccd01a61155fc03fd1a1743587310fa749f,ok
C:\Users\nader\Downloads\calon_ukb_pipeline\alphafold\analysis\ukb_carriers_annotated.csv,D:\CALON_FH_PORTABLE\data\alphafold\analysis\ukb_carriers_annotated.csv,copy,645600,2e9f1a46cd4a635d10109ec1f5a136b4d0f4219a3035ee98d3748401b8655c85,ok
C:\Users\nader\Downloads\calon_ukb_pipeline\alphafold\analysis\ukb_carriers_variant_sss.csv,D:\CALON_FH_PORTABLE\data\alphafold\analysis\ukb_carriers_variant_sss.csv,copy,109626,8c1f9f3c03379063daef687d6086b60340b214cf4a70d27ee411200e0e6cdcc0,ok
C:\Users\nader\Downloads\calon_ukb_pipeline\alphafold\analysis\ukb_carriers_with_sss.csv,D:\CALON_FH_PORTABLE\data\alphafold\analysis\ukb_carriers_with_sss.csv,copy,2206048,d051e5260e8f0dcdff11d6743e62be494bcbdc4d98cb58edfbb910abb2daa48e,ok
C:\Users\nader\Downloads\calon_ukb_pipeline\alphafold\analysis\ukb_clinvar_classifications.csv,D:\CALON_FH_PORTABLE\data\alphafold\analysis\ukb_clinvar_classifications.csv,copy,120,d8e8b9a780043db6bad6361125cbeb6a2126fca669225b3d0a534512e969c3ec,ok
C:\Users\nader\Downloads\calon_ukb_pipeline\alphafold\analysis\ukb_clinvar_full.csv,D:\CALON_FH_PORTABLE\data\alphafold\analysis\ukb_clinvar_full.csv,copy,23108,df98e37fd46c6b929be4f4974c51e0be6986bec130db850cb31a3b561a779a24,ok
C:\Users\nader\Downloads\calon_ukb_pipeline\alphafold\analysis\ukb_external_validation_sss.csv,D:\CALON_FH_PORTABLE\data\alphafold\analysis\ukb_external_validation_sss.csv,copy,41782,df3b5ac915fbdfd242d7974a6e38b65d14d686c70cd4caa5d7ed0bb628acd8db,ok
C:\Users\nader\Downloads\calon_ukb_pipeline\alphafold\analysis\ukb_gpos_to_sss.csv,D:\CALON_FH_PORTABLE\data\alphafold\analysis\ukb_gpos_to_sss.csv,copy,18083,799f68c79646a532d32e2f96ca8dd657dc4acec51fe9956c44da471f51dee048,ok
C:\Users\nader\Downloads\calon_ukb_pipeline\alphafold\analysis\ukb_ldlr_vep_annotations.csv,D:\CALON_FH_PORTABLE\data\alphafold\analysis\ukb_ldlr_vep_annotations.csv,copy,54116,5929ee64b518154a857efec975821ccc3507a808fec78edc25c8ae10a905e851,ok
C:\Users\nader\Downloads\calon_ukb_pipeline\alphafold\analysis\variants_mapped_to_structure.csv,D:\CALON_FH_PORTABLE\data\alphafold\analysis\variants_mapped_to_structure.csv,copy,2856,0d25628201d9e598cf8eb4f1a4171c4aa8f6e9bc815530454ba796981b608b5f,ok
C:\Users\nader\Downloads\calon_ukb_pipeline\alphafold\analysis\variant_llt_response.csv,D:\CALON_FH_PORTABLE\data\alphafold\analysis\variant_llt_response.csv,copy,116709,6a91c29d522699934a02cf1c4aabaac5a4daa779b63acf8b027dcf8fb26f74b9,ok
C:\Users\nader\Downloads\calon_ukb_pipeline\alphafold\analysis\vus_reclassification.csv,D:\CALON_FH_PORTABLE\data\alphafold\analysis\vus_reclassification.csv,copy,158752,d5ad3849d75c49f61a8463983dacd981caadcba050dca692c5686c6d82696c70,ok
C:\Users\nader\Downloads\calon_ukb_pipeline\alphafold\analysis\vus_reclassification_results.csv,D:\CALON_FH_PORTABLE\data\alphafold\analysis\vus_reclassification_results.csv,copy,3668,d37ed2208eace4c3d75a40c430dd6659ff497366f452b7cd22d3e6657ffcafe3,ok
C:\Users\nader\Downloads\calon_ukb_pipeline\alphafold\analysis\af3_mutant_sequences\af3_complex_A50V_PCSK9.json,D:\CALON_FH_PORTABLE\assets\alphafold\analysis\af3_mutant_sequences\af3_complex_A50V_PCSK9.json,copy,1883,3f130d023289ce7a6b5ae764ed41b87558763a022f057b35f982f23a0ecb6b14,ok
C:\Users\nader\Downloads\calon_ukb_pipeline\alphafold\analysis\af3_mutant_sequences\af3_complex_C148Y_PCSK9.json,D:\CALON_FH_PORTABLE\assets\alphafold\analysis\af3_mutant_sequences\af3_complex_C148Y_PCSK9.json,copy,1884,c451a29b321ab1fe1aff6c710cc8edd6a43f6053ec322283d4a6e834e068c021,ok
C:\Users\nader\Downloads\calon_ukb_pipeline\alphafold\analysis\af3_mutant_sequences\af3_complex_C184Y_PCSK9.json,D:\CALON_FH_PORTABLE\assets\alphafold\analysis\af3_mutant_sequences\af3_complex_C184Y_PCSK9.json,copy,1884,84b71b3b96faba04aac2a2a75ed4e133ccadad21993a02c16723506bfd735451,ok
C:\Users\nader\Downloads\calon_ukb_pipeline\alphafold\analysis\af3_mutant_sequences\af3_complex_C261Y_PCSK9.json,D:\CALON_FH_PORTABLE\assets\alphafold\analysis\af3_mutant_sequences\af3_complex_C261Y_PCSK9.json,copy,1884,55324211053c7b482e59482cf44eba1172f45243e497ffd2fb44e1b8da91ba23,ok
C:\Users\nader\Downloads\calon_ukb_pipeline\alphafold\analysis\af3_mutant_sequences\af3_complex_C352Y_PCSK9.json,D:\CALON_FH_PORTABLE\assets\alphafold\analysis\af3_mutant_sequences\af3_complex_C352Y_PCSK9.json,copy,1884,275fb4addcf18dac81f85b7b5676034e5e45c08e5f68b7cde4e355aa039a20eb,ok
C:\Users\nader\Downloads\calon_ukb_pipeline\alphafold\analysis\af3_mutant_sequences\af3_complex_C46G_PCSK9.json,D:\CALON_FH_PORTABLE\assets\alphafold\analysis\af3_mutant_sequences\af3_complex_C46G_PCSK9.json,copy,1883,773f248cc490196abcefd74f879b2dd2b6345664a44531d27a78e64a6f74c00e,ok
C:\Users\nader\Downloads\calon_ukb_pipeline\alphafold\analysis\af3_mutant_sequences\af3_complex_D227W_PCSK9.json,D:\CALON_FH_PORTABLE\assets\alphafold\analysis\af3_mutant_sequences\af3_complex_D227W_PCSK9.json,copy,1884,ab2f51e82250c3f67d41f67d8b631a834c823f578ff07a9486f108023111535c,ok
C:\Users\nader\Downloads\calon_ukb_pipeline\alphafold\analysis\af3_mutant_sequences\af3_complex_D25N_PCSK9.json,D:\CALON_FH_PORTABLE\assets\alphafold\analysis\af3_mutant_sequences\af3_complex_D25N_PCSK9.json,copy,1883,24538ad9f2a98eaacda5e84823de858688743cc127c4bd7ad117daf1f3db23b8,ok
C:\Users\nader\Downloads\calon_ukb_pipeline\alphafold\analysis\af3_mutant_sequences\af3_complex_E58K_PCSK9.json,D:\CALON_FH_PORTABLE\assets\alphafold\analysis\af3_mutant_sequences\af3_complex_E58K_PCSK9.json,copy,1883,6b80716f11a889475b0c560f2031acc17189ba310ce7843730084015de930f2d,ok
C:\Users\nader\Downloads\calon_ukb_pipeline\alphafold\analysis\af3_mutant_sequences\af3_complex_E61K_PCSK9.json,D:\CALON_FH_PORTABLE\assets\alphafold\analysis\af3_mutant_sequences\af3_complex_E61K_PCSK9.json,copy,1883,131438bd4f984f645726ffffb05db48cdebff23efd86809fc809e110371fba83,ok
C:\Users\nader\Downloads\calon_ukb_pipeline\alphafold\analysis\af3_mutant_sequences\af3_complex_G323C_PCSK9.json,D:\CALON_FH_PORTABLE\assets\alphafold\analysis\af3_mutant_sequences\af3_complex_G323C_PCSK9.json,copy,1884,4df7c5c9397a84f954b5548023f8b4ed18b43f96c6951ca928c730b00e91fce6,ok
C:\Users\nader\Downloads\calon_ukb_pipeline\alphafold\analysis\af3_mutant_sequences\af3_complex_G343S_PCSK9.json,D:\CALON_FH_PORTABLE\assets\alphafold\analysis\af3_mutant_sequences\af3_complex_G343S_PCSK9.json,copy,1884,3eeb80bb9d7d297f1489daee53ccc76ddad2436651c463b607872401d299e20b,ok
C:\Users\nader\Downloads\calon_ukb_pipeline\alphafold\analysis\af3_mutant_sequences\af3_complex_G374D_PCSK9.json,D:\CALON_FH_PORTABLE\assets\alphafold\analysis\af3_mutant_sequences\af3_complex_G374D_PCSK9.json,copy,1884,674c90903f828976a983fb0fb148b1c884621a058b91aeb62b488c530e29358c,ok
C:\Users\nader\Downloads\calon_ukb_pipeline\alphafold\analysis\af3_mutant_sequences\af3_complex_Q35P_PCSK9.json,D:\CALON_FH_PORTABLE\assets\alphafold\analysis\af3_mutant_sequences\af3_complex_Q35P_PCSK9.json,copy,1883,2ff3cb2447f326f7a8a293ce67193113eb8c2cf161b9e385bbfc08524f6bf347,ok
C:\Users\nader\Downloads\calon_ukb_pipeline\alphafold\analysis\af3_mutant_sequences\af3_complex_Q53P_PCSK9.json,D:\CALON_FH_PORTABLE\assets\alphafold\analysis\af3_mutant_sequences\af3_complex_Q53P_PCSK9.json,copy,1883,d200d5e86cd6de3e4eaed0d871f130b2989fc5688099ec285470f439b6ff5118,ok
C:\Users\nader\Downloads\calon_ukb_pipeline\alphafold\analysis\af3_mutant_sequences\af3_complex_Q60P_PCSK9.json,D:\CALON_FH_PORTABLE\assets\alphafold\analysis\af3_mutant_sequences\af3_complex_Q60P_PCSK9.json,copy,1883,d3eb047c9342d5c9cd106f4ad23f4bb17893174791e67effb6b5e4d06499ef15,ok
C:\Users\nader\Downloads\calon_ukb_pipeline\alphafold\analysis\af3_mutant_sequences\af3_complex_R78C_PCSK9.json,D:\CALON_FH_PORTABLE\assets\alphafold\analysis\af3_mutant_sequences\af3_complex_R78C_PCSK9.json,copy,1883,73e6318736ac4bb11586e8d8006859fc6eb19fd5118d01eb20174e0208ab0049,ok
C:\Users\nader\Downloads\calon_ukb_pipeline\alphafold\analysis\af3_mutant_sequences\af3_complex_S59F_PCSK9.json,D:\CALON_FH_PORTABLE\assets\alphafold\analysis\af3_mutant_sequences\af3_complex_S59F_PCSK9.json,copy,1883,e1cfa515583a09d2ae33b929a211f9e9df7cbb2b6d3c0fc8008275340c40340f,ok
C:\Users\nader\Downloads\calon_ukb_pipeline\alphafold\analysis\af3_mutant_sequences\af3_complex_T274I_PCSK9.json,D:\CALON_FH_PORTABLE\assets\alphafold\analysis\af3_mutant_sequences\af3_complex_T274I_PCSK9.json,copy,1884,ece51df07b8441e500db55cdd520d63d7b972dd9b5d0f42c3daf5e50e2e15326,ok
C:\Users\nader\Downloads\calon_ukb_pipeline\alphafold\analysis\af3_mutant_sequences\af3_complex_V79M_PCSK9.json,D:\CALON_FH_PORTABLE\assets\alphafold\analysis\af3_mutant_sequences\af3_complex_V79M_PCSK9.json,copy,1883,504fae5f7af559efc4a0fd66abc9bc263d2933e3210b8f650447370a6b24d055,ok
C:\Users\nader\Downloads\calon_ukb_pipeline\alphafold\analysis\af3_mutant_sequences\af3_job_A431T.json,D:\CALON_FH_PORTABLE\assets\alphafold\analysis\af3_mutant_sequences\af3_job_A431T.json,copy,1078,cb885787c2c8322c67de0c8bfa97eeac158f7e677b4bb94537e838c73c8e0020,ok
C:\Users\nader\Downloads\calon_ukb_pipeline\alphafold\analysis\af3_mutant_sequences\af3_job_A50V.json,D:\CALON_FH_PORTABLE\assets\alphafold\analysis\af3_mutant_sequences\af3_job_A50V.json,copy,1077,a32ad41fe13ecb3a1e4692c5e06c422cd5822aaa4147c255ac855dd6db265fe3,ok
C:\Users\nader\Downloads\calon_ukb_pipeline\alphafold\analysis\af3_mutant_sequences\af3_job_A540K.json,D:\CALON_FH_PORTABLE\assets\alphafold\analysis\af3_mutant_sequences\af3_job_A540K.json,copy,1078,852513284c20800395c54911759341da88d7586f685fc446e8a6fa7c8a4f1a10,ok
C:\Users\nader\Downloads\calon_ukb_pipeline\alphafold\analysis\af3_mutant_sequences\af3_job_A606C.json,D:\CALON_FH_PORTABLE\assets\alphafold\analysis\af3_mutant_sequences\af3_job_A606C.json,copy,1078,4eeeae34fe3494b58cd5d96df718f2e956a598407c1b1ffb0b36ebb25390f4aa,ok
C:\Users\nader\Downloads\calon_ukb_pipeline\alphafold\analysis\af3_mutant_sequences\af3_job_A771V.json,D:\CALON_FH_PORTABLE\assets\alphafold\analysis\af3_mutant_sequences\af3_job_A771V.json,copy,1078,3e0966425743963fee71d0b71b503f822b98f4de0427379320871ef74bc155fa,ok
C:\Users\nader\Downloads\calon_ukb_pipeline\alphafold\analysis\af3_mutant_sequences\af3_job_A860V.json,D:\CALON_FH_PORTABLE\assets\alphafold\analysis\af3_mutant_sequences\af3_job_A860V.json,copy,1078,4c395a5fc42b92f815b63d34966fb612ceb9b45b042a59c5e18aeca963acea08,ok
C:\Users\nader\Downloads\calon_ukb_pipeline\alphafold\analysis\af3_mutant_sequences\af3_job_C148Y.json,D:\CALON_FH_PORTABLE\assets\alphafold\analysis\af3_mutant_sequences\af3_job_C148Y.json,copy,1078,8bd0bf1fd6f5a3dde2846fb16d4e6dd294c3c6597264fcded34491ea9d476974,ok
C:\Users\nader\Downloads\calon_ukb_pipeline\alphafold\analysis\af3_mutant_sequences\af3_job_C184Y.json,D:\CALON_FH_PORTABLE\assets\alphafold\analysis\af3_mutant_sequences\af3_job_C184Y.json,copy,1078,300194a1a5b481fbe0b69f334f85f999c7a2fc05edda821df36e17583760a295,ok
C:\Users\nader\Downloads\calon_ukb_pipeline\alphafold\analysis\af3_mutant_sequences\af3_job_C261Y.json,D:\CALON_FH_PORTABLE\assets\alphafold\analysis\af3_mutant_sequences\af3_job_C261Y.json,copy,1078,fd2bc349220a591a667c11629f19fd04d9077f2000ed5debc227e9b709cc2887,ok
C:\Users\nader\Downloads\calon_ukb_pipeline\alphafold\analysis\af3_mutant_sequences\af3_job_C276Y.json,D:\CALON_FH_PORTABLE\assets\alphafold\analysis\af3_mutant_sequences\af3_job_C276Y.json,copy,1078,939c3b2eb4825bd760aa40c5fc6970b2315498564193aff74d3749ef68a97dae,ok
C:\Users\nader\Downloads\calon_ukb_pipeline\alphafold\analysis\af3_mutant_sequences\af3_job_C340N.json,D:\CALON_FH_PORTABLE\assets\alphafold\analysis\af3_mutant_sequences\af3_job_C340N.json,copy,1078,25272b075cf5365e66d6765fa2a8b46fc307f8ccb23af0cd4f4135bb86409878,ok
C:\Users\nader\Downloads\calon_ukb_pipeline\alphafold\analysis\af3_mutant_sequences\af3_job_C352Y.json,D:\CALON_FH_PORTABLE\assets\alphafold\analysis\af3_mutant_sequences\af3_job_C352Y.json,copy,1078,502aaffe298dcf1fb5e0a42ab57b30ae1e4a603f59df69ae38614c4a38cf7d40,ok
C:\Users\nader\Downloads\calon_ukb_pipeline\alphafold\analysis\af3_mutant_sequences\af3_job_C46G.json,D:\CALON_FH_PORTABLE\assets\alphafold\analysis\af3_mutant_sequences\af3_job_C46G.json,copy,1077,8fbfb1acbb9d7b8a06b7e56ee13135874f36a83723731f18f1f1bee80487aaab,ok
C:\Users\nader\Downloads\calon_ukb_pipeline\alphafold\analysis\af3_mutant_sequences\af3_job_C681T.json,D:\CALON_FH_PORTABLE\assets\alphafold\analysis\af3_mutant_sequences\af3_job_C681T.json,copy,1078,81a63ef73c8a27374d48585dfe01ad521ebc4feae41b80ae4048e81a709dd3ec,ok
C:\Users\nader\Downloads\calon_ukb_pipeline\alphafold\analysis\af3_mutant_sequences\af3_job_D227W.json,D:\CALON_FH_PORTABLE\assets\alphafold\analysis\af3_mutant_sequences\af3_job_D227W.json,copy,1078,f017c3920a9f500cccb133f191f969ea6558c49151c9b791bfa55c442c9fe939,ok
C:\Users\nader\Downloads\calon_ukb_pipeline\alphafold\analysis\af3_mutant_sequences\af3_job_D25N.json,D:\CALON_FH_PORTABLE\assets\alphafold\analysis\af3_mutant_sequences\af3_job_D25N.json,copy,1077,94b46f33b088886d4d4d60135b79a28d102cdfe02d40bee1369db6b189e5e0e9,ok
C:\Users\nader\Downloads\calon_ukb_pipeline\alphafold\analysis\af3_mutant_sequences\af3_job_D301A.json,D:\CALON_FH_PORTABLE\assets\alphafold\analysis\af3_mutant_sequences\af3_job_D301A.json,copy,1078,14c2cfbf131ed32d41d287833ad0d883d6b72c9d7414c83febd67179b365df35,ok
C:\Users\nader\Downloads\calon_ukb_pipeline\alphafold\analysis\af3_mutant_sequences\af3_job_D492R.json,D:\CALON_FH_PORTABLE\assets\alphafold\analysis\af3_mutant_sequences\af3_job_D492R.json,copy,1078,3f2cbc768f7018d01a6e3141e1e0739144c2539a7e0cb9eeb44ea8c861895845,ok
C:\Users\nader\Downloads\calon_ukb_pipeline\alphafold\analysis\af3_mutant_sequences\af3_job_E101S.json,D:\CALON_FH_PORTABLE\assets\alphafold\analysis\af3_mutant_sequences\af3_job_E101S.json,copy,1078,ce5ef00d2d9307dd62da13d702e2cfd89390aa559da6ae90bb54ff4d417fb147,ok
C:\Users\nader\Downloads\calon_ukb_pipeline\alphafold\analysis\af3_mutant_sequences\af3_job_E113S.json,D:\CALON_FH_PORTABLE\assets\alphafold\analysis\af3_mutant_sequences\af3_job_E113S.json,copy,1078,12994ac280ba91b30ae6aa6a3757548e3aaaca072a9857a15f41aab031876aab,ok
C:\Users\nader\Downloads\calon_ukb_pipeline\alphafold\analysis\af3_mutant_sequences\af3_job_E58K.json,D:\CALON_FH_PORTABLE\assets\alphafold\analysis\af3_mutant_sequences\af3_job_E58K.json,copy,1077,e2abf0586471ddf194ad1d6e42ac093a54d533c889839d739c3af3202a9bb959,ok
C:\Users\nader\Downloads\calon_ukb_pipeline\alphafold\analysis\af3_mutant_sequences\af3_job_E61K.json,D:\CALON_FH_PORTABLE\assets\alphafold\analysis\af3_mutant_sequences\af3_job_E61K.json,copy,1077,bec3e413eb923bf23dbe40eb5c4c8ec47f2f9a49b0fcce2f10d908e55ed78d7d,ok
C:\Users\nader\Downloads\calon_ukb_pipeline\alphafold\analysis\af3_mutant_sequences\af3_job_G176V.json,D:\CALON_FH_PORTABLE\assets\alphafold\analysis\af3_mutant_sequences\af3_job_G176V.json,copy,1078,05e2866904d4e9726356e5f0f4e412b3df8d84ae8963359480c451985c79b97b,ok
C:\Users\nader\Downloads\calon_ukb_pipeline\alphafold\analysis\af3_mutant_sequences\af3_job_G323C.json,D:\CALON_FH_PORTABLE\assets\alphafold\analysis\af3_mutant_sequences\af3_job_G323C.json,copy,1078,6078d043fdc7083d941ab99e7d416a69a56b1f1cc681d24797325ec5c4e4a9a0,ok
C:\Users\nader\Downloads\calon_ukb_pipeline\alphafold\analysis\af3_mutant_sequences\af3_job_G343S.json,D:\CALON_FH_PORTABLE\assets\alphafold\analysis\af3_mutant_sequences\af3_job_G343S.json,copy,1078,2b0186f2d087c09ae70d3a5df853089c6883e11a5d0c9d3476268097393c4484,ok
C:\Users\nader\Downloads\calon_ukb_pipeline\alphafold\analysis\af3_mutant_sequences\af3_job_G374D.json,D:\CALON_FH_PORTABLE\assets\alphafold\analysis\af3_mutant_sequences\af3_job_G374D.json,copy,1078,71e9668f0a0ab41b28363e38a03752b4031b132e7b59a943852fcd9b50fb0519,ok
C:\Users\nader\Downloads\calon_ukb_pipeline\alphafold\analysis\af3_mutant_sequences\af3_job_G505D.json,D:\CALON_FH_PORTABLE\assets\alphafold\analysis\af3_mutant_sequences\af3_job_G505D.json,copy,1078,f78901b4ba48447e913d77fe1b2710b6cd452fa566d3755363aeecf8c1bb53a5,ok
C:\Users\nader\Downloads\calon_ukb_pipeline\alphafold\analysis\af3_mutant_sequences\af3_job_G675S.json,D:\CALON_FH_PORTABLE\assets\alphafold\analysis\af3_mutant_sequences\af3_job_G675S.json,copy,1078,dc1080a9296c8fcc228e6a1d629d8d4919153ecf9643d0092e42cddb0b4dee2c,ok
C:\Users\nader\Downloads\calon_ukb_pipeline\alphafold\analysis\af3_mutant_sequences\af3_job_H656Y.json,D:\CALON_FH_PORTABLE\assets\alphafold\analysis\af3_mutant_sequences\af3_job_H656Y.json,copy,1078,5c1aee099c5425e7c9241f927ad9454a28a8d8cf6a2f30726587572d92939e2f,ok
C:\Users\nader\Downloads\calon_ukb_pipeline\alphafold\analysis\af3_mutant_sequences\af3_job_L164P.json,D:\CALON_FH_PORTABLE\assets\alphafold\analysis\af3_mutant_sequences\af3_job_L164P.json,copy,1078,38c46527907a35d3cfedd27349191f6e94b555b8b98f96e390e011a5ab28a2e9,ok
C:\Users\nader\Downloads\calon_ukb_pipeline\alphafold\analysis\af3_mutant_sequences\af3_job_L339P.json,D:\CALON_FH_PORTABLE\assets\alphafold\analysis\af3_mutant_sequences\af3_job_L339P.json,copy,1078,95438e93ee718b7f96b7577529d33f0cf35c6cc36fd09e1af20dfb0802b6e9be,ok
C:\Users\nader\Downloads\calon_ukb_pipeline\alphafold\analysis\af3_mutant_sequences\af3_job_L479A.json,D:\CALON_FH_PORTABLE\assets\alphafold\analysis\af3_mutant_sequences\af3_job_L479A.json,copy,1078,df0778ce2ba5a99b8f58fd03688e3a0f4efbc5b5eda38ef93b7dd373f621d01f,ok
C:\Users\nader\Downloads\calon_ukb_pipeline\alphafold\analysis\af3_mutant_sequences\af3_job_L568P.json,D:\CALON_FH_PORTABLE\assets\alphafold\analysis\af3_mutant_sequences\af3_job_L568P.json,copy,1078,557fba493e6d115fbd8df9f9de7dc385a97437b7416612291ce9345e2075ebf5,ok
C:\Users\nader\Downloads\calon_ukb_pipeline\alphafold\analysis\af3_mutant_sequences\af3_job_L582S.json,D:\CALON_FH_PORTABLE\assets\alphafold\analysis\af3_mutant_sequences\af3_job_L582S.json,copy,1078,6eadfe944a555f8d1e7823aa0ca52a6c715ab05d146685c92ac2e1a33aab9367,ok
C:\Users\nader\Downloads\calon_ukb_pipeline\alphafold\analysis\af3_mutant_sequences\af3_job_L605F.json,D:\CALON_FH_PORTABLE\assets\alphafold\analysis\af3_mutant_sequences\af3_job_L605F.json,copy,1078,de0a8d2dbcfb568513268576a5e2a46a48bd4e30edcf3b215f708eeed0424dd0,ok
C:\Users\nader\Downloads\calon_ukb_pipeline\alphafold\analysis\af3_mutant_sequences\af3_job_M1L.json,D:\CALON_FH_PORTABLE\assets\alphafold\analysis\af3_mutant_sequences\af3_job_M1L.json,copy,1076,abb0b05d4382eed4613d63abc25da82ef281dfa8150a053aaa329613dc772ba1,ok
C:\Users\nader\Downloads\calon_ukb_pipeline\alphafold\analysis\af3_mutant_sequences\af3_job_P685I.json,D:\CALON_FH_PORTABLE\assets\alphafold\analysis\af3_mutant_sequences\af3_job_P685I.json,copy,1078,02d530b5b2e8d34915578016734ee821d68788f0da243f3e4107b98b947eedb1,ok
C:\Users\nader\Downloads\calon_ukb_pipeline\alphafold\analysis\af3_mutant_sequences\af3_job_P699L.json,D:\CALON_FH_PORTABLE\assets\alphafold\analysis\af3_mutant_sequences\af3_job_P699L.json,copy,1078,a01e6c0c4f0e9f9d76d974db861f19b5e29a6c0fb1b6432600778d1332bb8b12,ok
C:\Users\nader\Downloads\calon_ukb_pipeline\alphafold\analysis\af3_mutant_sequences\af3_job_Q35P.json,D:\CALON_FH_PORTABLE\assets\alphafold\analysis\af3_mutant_sequences\af3_job_Q35P.json,copy,1077,ba3e04085617583a5e986052b213301c80351d4ba2e7213a95a64f5e3013480a,ok
C:\Users\nader\Downloads\calon_ukb_pipeline\alphafold\analysis\af3_mutant_sequences\af3_job_Q378P.json,D:\CALON_FH_PORTABLE\assets\alphafold\analysis\af3_mutant_sequences\af3_job_Q378P.json,copy,1078,d0734b2f09b5fca972386343628bf92036c5b8be33e78d62dea7cf9e20296833,ok
C:\Users\nader\Downloads\calon_ukb_pipeline\alphafold\analysis\af3_mutant_sequences\af3_job_Q53P.json,D:\CALON_FH_PORTABLE\assets\alphafold\analysis\af3_mutant_sequences\af3_job_Q53P.json,copy,1077,4dcc30cb2aeec38e96473cd846d469a3d66cea62620999658f78aeec607daed7,ok
C:\Users\nader\Downloads\calon_ukb_pipeline\alphafold\analysis\af3_mutant_sequences\af3_job_Q60P.json,D:\CALON_FH_PORTABLE\assets\alphafold\analysis\af3_mutant_sequences\af3_job_Q60P.json,copy,1077,fe43d5855b5b30e37542a7bf122058e14505c752489f1e5f6b161395e09564e5,ok
C:\Users\nader\Downloads\calon_ukb_pipeline\alphafold\analysis\af3_mutant_sequences\af3_job_R350W.json,D:\CALON_FH_PORTABLE\assets\alphafold\analysis\af3_mutant_sequences\af3_job_R350W.json,copy,1078,9b8122e4e61d114f816970ed3b712779052353d3018394caf82b9a525632e163,ok
C:\Users\nader\Downloads\calon_ukb_pipeline\alphafold\analysis\af3_mutant_sequences\af3_job_R406T.json,D:\CALON_FH_PORTABLE\assets\alphafold\analysis\af3_mutant_sequences\af3_job_R406T.json,copy,1078,ff095ea39a411f08861c1a77e4d97c5094b5e2912baa4f01f6cbc60b91cdef4f,ok
C:\Users\nader\Downloads\calon_ukb_pipeline\alphafold\analysis\af3_mutant_sequences\af3_job_R633W.json,D:\CALON_FH_PORTABLE\assets\alphafold\analysis\af3_mutant_sequences\af3_job_R633W.json,copy,1078,569827ad89b76e2e30681c3873a7c3882a079edd466ead713df8865784e563df,ok
C:\Users\nader\Downloads\calon_ukb_pipeline\alphafold\analysis\af3_mutant_sequences\af3_job_R78C.json,D:\CALON_FH_PORTABLE\assets\alphafold\analysis\af3_mutant_sequences\af3_job_R78C.json,copy,1077,3b9cbe6d3d43de8e1fd1ed948384bab1365058f2ddaa2f5fb5b4dffac3a5f7e5,ok
C:\Users\nader\Downloads\calon_ukb_pipeline\alphafold\analysis\af3_mutant_sequences\af3_job_S59F.json,D:\CALON_FH_PORTABLE\assets\alphafold\analysis\af3_mutant_sequences\af3_job_S59F.json,copy,1077,a10fcd1a276fe80a5fa48d3bc388f3d9baab2d1d2e7a5c87de0fa139e44bab5c,ok
C:\Users\nader\Downloads\calon_ukb_pipeline\alphafold\analysis\af3_mutant_sequences\af3_job_T274I.json,D:\CALON_FH_PORTABLE\assets\alphafold\analysis\af3_mutant_sequences\af3_job_T274I.json,copy,1078,534f6dc5e52fcce85ff6248b5343551d9615e9578d79c373861f98fcd0f47a16,ok
C:\Users\nader\Downloads\calon_ukb_pipeline\alphafold\analysis\af3_mutant_sequences\af3_job_T497P.json,D:\CALON_FH_PORTABLE\assets\alphafold\analysis\af3_mutant_sequences\af3_job_T497P.json,copy,1078,239820443723c4bc5625b31ba391594a71e20c8be06a0e11453d777462a36027,ok
C:\Users\nader\Downloads\calon_ukb_pipeline\alphafold\analysis\af3_mutant_sequences\af3_job_V429T.json,D:\CALON_FH_PORTABLE\assets\alphafold\analysis\af3_mutant_sequences\af3_job_V429T.json,copy,1078,2fafc8e6f71f0b11c7a4f5856f7c1fe1d3a96d7594644f96a0867f56868f936b,ok
C:\Users\nader\Downloads\calon_ukb_pipeline\alphafold\analysis\af3_mutant_sequences\af3_job_V79M.json,D:\CALON_FH_PORTABLE\assets\alphafold\analysis\af3_mutant_sequences\af3_job_V79M.json,copy,1077,1d8bca34a5d20b43e46db9e961ec41996b10a2bae18bb72b434493b170296980,ok
C:\Users\nader\Downloads\calon_ukb_pipeline\alphafold\analysis\af3_mutant_sequences\af3_job_W483H.json,D:\CALON_FH_PORTABLE\assets\alphafold\analysis\af3_mutant_sequences\af3_job_W483H.json,copy,1078,33dc95550e5e5e1adfbb4be5fe4154a9f2d48b734280ed9bdbd5b85b59f98d01,ok
C:\Users\nader\Downloads\calon_ukb_pipeline\alphafold\analysis\af3_mutant_sequences\LDLR_A431T.fasta,D:\CALON_FH_PORTABLE\assets\alphafold\analysis\af3_mutant_sequences\LDLR_A431T.fasta,copy,966,d6382baed6272a7c13fa59cf105c30acd3ff40cc191aa6599f2bc0d53c9730ad,ok
C:\Users\nader\Downloads\calon_ukb_pipeline\alphafold\analysis\af3_mutant_sequences\LDLR_A50V.fasta,D:\CALON_FH_PORTABLE\assets\alphafold\analysis\af3_mutant_sequences\LDLR_A50V.fasta,copy,965,3d09c019fee972284e12eea3020e0370b6d8240e1c660d9e718f9681af4fe538,ok
C:\Users\nader\Downloads\calon_ukb_pipeline\alphafold\analysis\af3_mutant_sequences\LDLR_A540K.fasta,D:\CALON_FH_PORTABLE\assets\alphafold\analysis\af3_mutant_sequences\LDLR_A540K.fasta,copy,972,23e999f019a792268b18ce163bf8eaa13c022a2c5accef1f914361a7b613c51a,ok
C:\Users\nader\Downloads\calon_ukb_pipeline\alphafold\analysis\af3_mutant_sequences\LDLR_A606C.fasta,D:\CALON_FH_PORTABLE\assets\alphafold\analysis\af3_mutant_sequences\LDLR_A606C.fasta,copy,966,355f702ceb16a1a22432fd95cf4c680759c084e2abe16c441858ba42fc8febb9,ok
C:\Users\nader\Downloads\calon_ukb_pipeline\alphafold\analysis\af3_mutant_sequences\LDLR_A771V.fasta,D:\CALON_FH_PORTABLE\assets\alphafold\analysis\af3_mutant_sequences\LDLR_A771V.fasta,copy,972,5d1766571b71d84f7fb122ceb41fd28c66dd833e521f2105efc327741bc7d995,ok
C:\Users\nader\Downloads\calon_ukb_pipeline\alphafold\analysis\af3_mutant_sequences\LDLR_A860V.fasta,D:\CALON_FH_PORTABLE\assets\alphafold\analysis\af3_mutant_sequences\LDLR_A860V.fasta,copy,968,45fb3bee0cf37317930ccd0817886dd44483a04924f374d799bc56ebcde47b7a,ok
C:\Users\nader\Downloads\calon_ukb_pipeline\alphafold\analysis\af3_mutant_sequences\LDLR_C148Y.fasta,D:\CALON_FH_PORTABLE\assets\alphafold\analysis\af3_mutant_sequences\LDLR_C148Y.fasta,copy,980,2c8b72846b5099f2325fb3d56b44899f5dacefadf48efb9606878bbde8d6c906,ok
C:\Users\nader\Downloads\calon_ukb_pipeline\alphafold\analysis\af3_mutant_sequences\LDLR_C184Y.fasta,D:\CALON_FH_PORTABLE\assets\alphafold\analysis\af3_mutant_sequences\LDLR_C184Y.fasta,copy,980,232f8cf32fde276ee137adf559571b2eff75fca48dbb9991e1f83046f401c377,ok
C:\Users\nader\Downloads\calon_ukb_pipeline\alphafold\analysis\af3_mutant_sequences\LDLR_C261Y.fasta,D:\CALON_FH_PORTABLE\assets\alphafold\analysis\af3_mutant_sequences\LDLR_C261Y.fasta,copy,975,9db30b4144d542297532805b2247b46d61f42444888d35ab184d4c08decf7faa,ok
C:\Users\nader\Downloads\calon_ukb_pipeline\alphafold\analysis\af3_mutant_sequences\LDLR_C276Y.fasta,D:\CALON_FH_PORTABLE\assets\alphafold\analysis\af3_mutant_sequences\LDLR_C276Y.fasta,copy,980,a108b56974539a67cbbe2467b7d2bd05b5054f294eaee42e3a3ab1b96971f9f0,ok
C:\Users\nader\Downloads\calon_ukb_pipeline\alphafold\analysis\af3_mutant_sequences\LDLR_C340N.fasta,D:\CALON_FH_PORTABLE\assets\alphafold\analysis\af3_mutant_sequences\LDLR_C340N.fasta,copy,962,8a3d70ba243ab2ab78d9b8f83af066f676630a164501abf6dec4430435d264d5,ok
C:\Users\nader\Downloads\calon_ukb_pipeline\alphafold\analysis\af3_mutant_sequences\LDLR_C352Y.fasta,D:\CALON_FH_PORTABLE\assets\alphafold\analysis\af3_mutant_sequences\LDLR_C352Y.fasta,copy,968,462171cfe22bad31aceb3bd4edf4807494feec5ddec7d90a28de236145c5531e,ok
C:\Users\nader\Downloads\calon_ukb_pipeline\alphafold\analysis\af3_mutant_sequences\LDLR_C46G.fasta,D:\CALON_FH_PORTABLE\assets\alphafold\analysis\af3_mutant_sequences\LDLR_C46G.fasta,copy,978,f3d2e00ec1e16d6fe7b8c0b9c5018075cf67e9ed2fc5a44a5511324b59553fb4,ok
C:\Users\nader\Downloads\calon_ukb_pipeline\alphafold\analysis\af3_mutant_sequences\LDLR_C681T.fasta,D:\CALON_FH_PORTABLE\assets\alphafold\analysis\af3_mutant_sequences\LDLR_C681T.fasta,copy,981,2a444aaaf61be35aeae3f8a89b5180f860e6656e8da403d83de6fb4dbeef79f1,ok
C:\Users\nader\Downloads\calon_ukb_pipeline\alphafold\analysis\af3_mutant_sequences\LDLR_D227W.fasta,D:\CALON_FH_PORTABLE\assets\alphafold\analysis\af3_mutant_sequences\LDLR_D227W.fasta,copy,976,1bce7fab8deb9ac07a50adc34712953c0cdbf3ff38c712b7223411c7482e78f5,ok
C:\Users\nader\Downloads\calon_ukb_pipeline\alphafold\analysis\af3_mutant_sequences\LDLR_D25N.fasta,D:\CALON_FH_PORTABLE\assets\alphafold\analysis\af3_mutant_sequences\LDLR_D25N.fasta,copy,965,5884b6709e064e2f02e8a7393027ef8572cfe9f90b9ae2fde4d99fb60468723b,ok
C:\Users\nader\Downloads\calon_ukb_pipeline\alphafold\analysis\af3_mutant_sequences\LDLR_D301A.fasta,D:\CALON_FH_PORTABLE\assets\alphafold\analysis\af3_mutant_sequences\LDLR_D301A.fasta,copy,977,baf92a5bdab2c098e83407e702d3f281150e7dea026512a99b52b328c31d6900,ok
C:\Users\nader\Downloads\calon_ukb_pipeline\alphafold\analysis\af3_mutant_sequences\LDLR_D492R.fasta,D:\CALON_FH_PORTABLE\assets\alphafold\analysis\af3_mutant_sequences\LDLR_D492R.fasta,copy,972,ab3365b6ab74f399302c9cd54a5ea57fa7e1e767d260ff9e4fa7dad12f3ad523,ok
C:\Users\nader\Downloads\calon_ukb_pipeline\alphafold\analysis\af3_mutant_sequences\LDLR_E101S.fasta,D:\CALON_FH_PORTABLE\assets\alphafold\analysis\af3_mutant_sequences\LDLR_E101S.fasta,copy,980,575e6e368f9ce36742674f5b26a27fd28db0a7d0e33919dd336175658d643bf3,ok
C:\Users\nader\Downloads\calon_ukb_pipeline\alphafold\analysis\af3_mutant_sequences\LDLR_E113S.fasta,D:\CALON_FH_PORTABLE\assets\alphafold\analysis\af3_mutant_sequences\LDLR_E113S.fasta,copy,969,ce931a729fa04e5e88a41ecee1b450e640358a5ca401de32120c039caafe6529,ok
C:\Users\nader\Downloads\calon_ukb_pipeline\alphafold\analysis\af3_mutant_sequences\LDLR_E58K.fasta,D:\CALON_FH_PORTABLE\assets\alphafold\analysis\af3_mutant_sequences\LDLR_E58K.fasta,copy,965,20a760da2c5e29ccad5cdea8c5fa8727c5111ebd14ef9d980f88327048467587,ok
C:\Users\nader\Downloads\calon_ukb_pipeline\alphafold\analysis\af3_mutant_sequences\LDLR_E61K.fasta,D:\CALON_FH_PORTABLE\assets\alphafold\analysis\af3_mutant_sequences\LDLR_E61K.fasta,copy,965,b4e6103619aa71a1332fb7b4fac971ef23cb0e3c852a180296315a1bfe09dfd0,ok
C:\Users\nader\Downloads\calon_ukb_pipeline\alphafold\analysis\af3_mutant_sequences\LDLR_G176V.fasta,D:\CALON_FH_PORTABLE\assets\alphafold\analysis\af3_mutant_sequences\LDLR_G176V.fasta,copy,977,c80a36548203fa9af4a6cdb080300140c470808e4a0844594008a79fe2b7c7b0,ok
C:\Users\nader\Downloads\calon_ukb_pipeline\alphafold\analysis\af3_mutant_sequences\LDLR_G323C.fasta,D:\CALON_FH_PORTABLE\assets\alphafold\analysis\af3_mutant_sequences\LDLR_G323C.fasta,copy,966,ff731346eed2b3c0721ef604094c98a8a279e53ba6cd0429c81b0b86e09e3008,ok
C:\Users\nader\Downloads\calon_ukb_pipeline\alphafold\analysis\af3_mutant_sequences\LDLR_G343S.fasta,D:\CALON_FH_PORTABLE\assets\alphafold\analysis\af3_mutant_sequences\LDLR_G343S.fasta,copy,970,e6931f51f99c1c9e238563f38661712688c90530f2edf3a994609bc84d0d3877,ok
C:\Users\nader\Downloads\calon_ukb_pipeline\alphafold\analysis\af3_mutant_sequences\LDLR_G374D.fasta,D:\CALON_FH_PORTABLE\assets\alphafold\analysis\af3_mutant_sequences\LDLR_G374D.fasta,copy,966,e45999781acb6b544f9578e7b69b2e05a459c65a9df472a0bbc7e5f442eb158b,ok
C:\Users\nader\Downloads\calon_ukb_pipeline\alphafold\analysis\af3_mutant_sequences\LDLR_G505D.fasta,D:\CALON_FH_PORTABLE\assets\alphafold\analysis\af3_mutant_sequences\LDLR_G505D.fasta,copy,974,3db931e7a7e66ee6ec08096ffec0aa3e90a6d3358b090cbe41a91bec546db721,ok
C:\Users\nader\Downloads\calon_ukb_pipeline\alphafold\analysis\af3_mutant_sequences\LDLR_G675S.fasta,D:\CALON_FH_PORTABLE\assets\alphafold\analysis\af3_mutant_sequences\LDLR_G675S.fasta,copy,992,d61699691f08304611220684af4a2270ee6e0995db557693eb3417356067122f,ok
C:\Users\nader\Downloads\calon_ukb_pipeline\alphafold\analysis\af3_mutant_sequences\LDLR_H656Y.fasta,D:\CALON_FH_PORTABLE\assets\alphafold\analysis\af3_mutant_sequences\LDLR_H656Y.fasta,copy,962,5b042329df137682f8c1dee9f3e33184cd56c7906c63c674c5940eb0da5e20e0,ok
C:\Users\nader\Downloads\calon_ukb_pipeline\alphafold\analysis\af3_mutant_sequences\LDLR_L164P.fasta,D:\CALON_FH_PORTABLE\assets\alphafold\analysis\af3_mutant_sequences\LDLR_L164P.fasta,copy,977,371c4218b9d602a24b4d5bced52ed8834073811328b2327f2c70d07c713ecb46,ok
C:\Users\nader\Downloads\calon_ukb_pipeline\alphafold\analysis\af3_mutant_sequences\LDLR_L339P.fasta,D:\CALON_FH_PORTABLE\assets\alphafold\analysis\af3_mutant_sequences\LDLR_L339P.fasta,copy,970,256e919e5da71d37406af0be23c847bb19f23de2594f425fc2975bc5eb856551,ok
C:\Users\nader\Downloads\calon_ukb_pipeline\alphafold\analysis\af3_mutant_sequences\LDLR_L479A.fasta,D:\CALON_FH_PORTABLE\assets\alphafold\analysis\af3_mutant_sequences\LDLR_L479A.fasta,copy,972,0c15c7613d6f5907e33d51698098736f3130f281e7a4ac1d9d25da48c72384bc,ok
C:\Users\nader\Downloads\calon_ukb_pipeline\alphafold\analysis\af3_mutant_sequences\LDLR_L568P.fasta,D:\CALON_FH_PORTABLE\assets\alphafold\analysis\af3_mutant_sequences\LDLR_L568P.fasta,copy,974,1a8990afd01caa4997a900ea76b383fcc7263fcfb0563d22655571ef9689277f,ok
C:\Users\nader\Downloads\calon_ukb_pipeline\alphafold\analysis\af3_mutant_sequences\LDLR_L582S.fasta,D:\CALON_FH_PORTABLE\assets\alphafold\analysis\af3_mutant_sequences\LDLR_L582S.fasta,copy,966,a6598f3286454e894352430e4f82bc53bb27b224abec3c9c004905cf908432a7,ok
C:\Users\nader\Downloads\calon_ukb_pipeline\alphafold\analysis\af3_mutant_sequences\LDLR_L605F.fasta,D:\CALON_FH_PORTABLE\assets\alphafold\analysis\af3_mutant_sequences\LDLR_L605F.fasta,copy,974,5c7a6003310d976ae0fe50797704f5b4b38f53052dbe69ad964807b403c5ae8d,ok
C:\Users\nader\Downloads\calon_ukb_pipeline\alphafold\analysis\af3_mutant_sequences\LDLR_M1L.fasta,D:\CALON_FH_PORTABLE\assets\alphafold\analysis\af3_mutant_sequences\LDLR_M1L.fasta,copy,970,3492eb85153ff02f90a20cb6ed6bdec1adcdf8a6f6b0cf979ea7d2ddaf64f32b,ok
C:\Users\nader\Downloads\calon_ukb_pipeline\alphafold\analysis\af3_mutant_sequences\LDLR_P685I.fasta,D:\CALON_FH_PORTABLE\assets\alphafold\analysis\af3_mutant_sequences\LDLR_P685I.fasta,copy,981,e04255b454c501f8bd657901f345c6979595071abf3a81708584b99cb1ad927f,ok
C:\Users\nader\Downloads\calon_ukb_pipeline\alphafold\analysis\af3_mutant_sequences\LDLR_P699L.fasta,D:\CALON_FH_PORTABLE\assets\alphafold\analysis\af3_mutant_sequences\LDLR_P699L.fasta,copy,974,f74c181966a17962046329c2f9c499d040729aa7422fecd69760b653e2415b6f,ok
C:\Users\nader\Downloads\calon_ukb_pipeline\alphafold\analysis\af3_mutant_sequences\LDLR_Q35P.fasta,D:\CALON_FH_PORTABLE\assets\alphafold\analysis\af3_mutant_sequences\LDLR_Q35P.fasta,copy,965,6d0af24d6710c11ff336038a5ef8d87ac54a80afed92f8f099ba09bde19d6034,ok
C:\Users\nader\Downloads\calon_ukb_pipeline\alphafold\analysis\af3_mutant_sequences\LDLR_Q378P.fasta,D:\CALON_FH_PORTABLE\assets\alphafold\analysis\af3_mutant_sequences\LDLR_Q378P.fasta,copy,968,3f4f9ba25fdaa2d9ab4dd87e2b5dc3c23eb86fc7fab089311f8a381274b3600b,ok
C:\Users\nader\Downloads\calon_ukb_pipeline\alphafold\analysis\af3_mutant_sequences\LDLR_Q53P.fasta,D:\CALON_FH_PORTABLE\assets\alphafold\analysis\af3_mutant_sequences\LDLR_Q53P.fasta,copy,965,b988841b8db62a1381a923b5c0bd8fcb93eb4ccd6479b6e47361b77394752702,ok
C:\Users\nader\Downloads\calon_ukb_pipeline\alphafold\analysis\af3_mutant_sequences\LDLR_Q60P.fasta,D:\CALON_FH_PORTABLE\assets\alphafold\analysis\af3_mutant_sequences\LDLR_Q60P.fasta,copy,965,87752759bcf1898ddde30ea3fb00951ff22a61a6bfc4721f8469c73f0481e6e3,ok
C:\Users\nader\Downloads\calon_ukb_pipeline\alphafold\analysis\af3_mutant_sequences\LDLR_R350W.fasta,D:\CALON_FH_PORTABLE\assets\alphafold\analysis\af3_mutant_sequences\LDLR_R350W.fasta,copy,962,33cdf4cec3cb0090ae49f826a9a092d9d07d3a3fe1410f38be886afaaf620dc5,ok
C:\Users\nader\Downloads\calon_ukb_pipeline\alphafold\analysis\af3_mutant_sequences\LDLR_R406T.fasta,D:\CALON_FH_PORTABLE\assets\alphafold\analysis\af3_mutant_sequences\LDLR_R406T.fasta,copy,972,20b5cc1b647cfc31d18e11ef821d1b81eb15225037d76c9e043c514b13c37303,ok
C:\Users\nader\Downloads\calon_ukb_pipeline\alphafold\analysis\af3_mutant_sequences\LDLR_R633W.fasta,D:\CALON_FH_PORTABLE\assets\alphafold\analysis\af3_mutant_sequences\LDLR_R633W.fasta,copy,966,c336b3bcddae0f9493b20f2e95c462ec73cf885456c292a996a612daa4b15782,ok
C:\Users\nader\Downloads\calon_ukb_pipeline\alphafold\analysis\af3_mutant_sequences\LDLR_R78C.fasta,D:\CALON_FH_PORTABLE\assets\alphafold\analysis\af3_mutant_sequences\LDLR_R78C.fasta,copy,965,8514ec34c98fc711dff290ad6613b63f5b9b8ee9f1275b32c00fec5af48f6d68,ok
C:\Users\nader\Downloads\calon_ukb_pipeline\alphafold\analysis\af3_mutant_sequences\LDLR_S59F.fasta,D:\CALON_FH_PORTABLE\assets\alphafold\analysis\af3_mutant_sequences\LDLR_S59F.fasta,copy,965,b464bd9e885950ac35a85f8a584297c2db083d123c607d7ef738f808bc186f74,ok
C:\Users\nader\Downloads\calon_ukb_pipeline\alphafold\analysis\af3_mutant_sequences\LDLR_T274I.fasta,D:\CALON_FH_PORTABLE\assets\alphafold\analysis\af3_mutant_sequences\LDLR_T274I.fasta,copy,980,8105b2dc74a391a24dc130508470f713708b0021ee6b92833f7247965d8e8632,ok
C:\Users\nader\Downloads\calon_ukb_pipeline\alphafold\analysis\af3_mutant_sequences\LDLR_T497P.fasta,D:\CALON_FH_PORTABLE\assets\alphafold\analysis\af3_mutant_sequences\LDLR_T497P.fasta,copy,974,e1e8ad7e3b06f27c8b18c6bf02e5c4109269ab1849cf5f06b987e372dce72354,ok
C:\Users\nader\Downloads\calon_ukb_pipeline\alphafold\analysis\af3_mutant_sequences\LDLR_V429T.fasta,D:\CALON_FH_PORTABLE\assets\alphafold\analysis\af3_mutant_sequences\LDLR_V429T.fasta,copy,974,a3812d60eba268f2fe83cf9d8a9667226cd1dc60b9775d6ffcfd46a11cb84cc8,ok
C:\Users\nader\Downloads\calon_ukb_pipeline\alphafold\analysis\af3_mutant_sequences\LDLR_V79M.fasta,D:\CALON_FH_PORTABLE\assets\alphafold\analysis\af3_mutant_sequences\LDLR_V79M.fasta,copy,965,468eb9ff488d1ab1e992edcb819906575c674f0372f4b8227c89c6f3de8e4388,ok
C:\Users\nader\Downloads\calon_ukb_pipeline\alphafold\analysis\af3_mutant_sequences\LDLR_W483H.fasta,D:\CALON_FH_PORTABLE\assets\alphafold\analysis\af3_mutant_sequences\LDLR_W483H.fasta,copy,966,653d5810808b24cf07cc93001e327b453d90704b44f8d187093168deca2ed3b3,ok
C:\Users\nader\Downloads\calon_ukb_pipeline\alphafold\analysis\brca1\alphamissense_brca1.csv,D:\CALON_FH_PORTABLE\data\alphafold\analysis\brca1\alphamissense_brca1.csv,copy,1337194,8176a11779620403a5e2f4b01649bb6bd139d39bd3f12050821142a079e1efa7,ok
C:\Users\nader\Downloads\calon_ukb_pipeline\alphafold\analysis\brca1\brca1_af.cif,D:\CALON_FH_PORTABLE\assets\alphafold\analysis\brca1\brca1_af.cif,copy,127,bde9c2949e64d059c18d8f93566a64dafc6d2e8e259a70322fb804831dfd0b5b,ok
C:\Users\nader\Downloads\calon_ukb_pipeline\alphafold\analysis\brca1\brca1_af.pdb,D:\CALON_FH_PORTABLE\assets\alphafold\analysis\brca1\brca1_af.pdb,copy,1194182,181a841307cebb0cd57b534b0599b5e92df4f826e636c897ace78e82041f0ad5,ok
C:\Users\nader\Downloads\calon_ukb_pipeline\alphafold\analysis\brca1\brca1_alphafold.pdb,D:\CALON_FH_PORTABLE\assets\alphafold\analysis\brca1\brca1_alphafold.pdb,copy,127,bde9c2949e64d059c18d8f93566a64dafc6d2e8e259a70322fb804831dfd0b5b,ok
C:\Users\nader\Downloads\calon_ukb_pipeline\alphafold\analysis\brca1\brca1_functional_scores.csv,D:\CALON_FH_PORTABLE\data\alphafold\analysis\brca1\brca1_functional_scores.csv,copy,337082,ff8b03d9c41590fe2fa0daf2c85db934333f387fab36f8dc5141bab2bac73555,ok
C:\Users\nader\Downloads\calon_ukb_pipeline\alphafold\analysis\brca1\brca1_generalisability_results.csv,D:\CALON_FH_PORTABLE\data\alphafold\analysis\brca1\brca1_generalisability_results.csv,copy,229,48c368ebf3b0eaccc8142aae37fc8769e7d55850856209c0bbd692b8c80588cb,ok
C:\Users\nader\Downloads\calon_ukb_pipeline\alphafold\analysis\brca1\clinvar_brca1_missense.csv,D:\CALON_FH_PORTABLE\data\alphafold\analysis\brca1\clinvar_brca1_missense.csv,copy,1584153,9c11f8720e68568c39f4a462d4cc835355897dd03d1a7acad9fd6228866c32d7,ok
C:\Users\nader\Downloads\calon_ukb_pipeline\alphafold\analysis\brca1\download_alphamissense_brca1.py,D:\CALON_FH_PORTABLE\code\python\alphafold\analysis\brca1\download_alphamissense_brca1.py,copy,4970,97d0b8c237faebbfd4b62c6b83eb83d7823e00627a5c94bb89a7d978f044e0b6,ok
C:\Users\nader\Downloads\calon_ukb_pipeline\alphafold\analysis\brca1\download_brca1_sge.py,D:\CALON_FH_PORTABLE\code\python\alphafold\analysis\brca1\download_brca1_sge.py,copy,10964,03d7f3c3271957a529b97e9b32b764aa0d9b0d00cd76fba65ac32fb9dc7501bb,ok
C:\Users\nader\Downloads\calon_ukb_pipeline\alphafold\analysis\figures\Figure_Ancestry_Paradox.png,D:\CALON_FH_PORTABLE\assets\alphafold\analysis\figures\Figure_Ancestry_Paradox.png,copy,334187,915f6dceab3340281f7cdd5c7e48e0dcc5bfa01e5ae10f1e19dd9a51bd04b890,ok
C:\Users\nader\Downloads\calon_ukb_pipeline\alphafold\analysis\figures\Figure_Aortic_Phenotype_Panel.png,D:\CALON_FH_PORTABLE\assets\alphafold\analysis\figures\Figure_Aortic_Phenotype_Panel.png,copy,596180,7b62206e72a8be5c0e364bebeb9cbc1c7a83f3dfc05b3cb07fe6350eea0d5879,ok
C:\Users\nader\Downloads\calon_ukb_pipeline\alphafold\analysis\figures\Figure_ApoB_Discordance_FH_vs_Matched.png,D:\CALON_FH_PORTABLE\assets\alphafold\analysis\figures\Figure_ApoB_Discordance_FH_vs_Matched.png,copy,704481,2d5abd8104bd95d97b97eba9232de0977e24342ae4af745fe6d44332bf06aab5,ok
C:\Users\nader\Downloads\calon_ukb_pipeline\alphafold\analysis\figures\Figure_BRCA1_Generalisability.png,D:\CALON_FH_PORTABLE\assets\alphafold\analysis\figures\Figure_BRCA1_Generalisability.png,copy,799585,414731edde667e934e1bf7c20d1fac39ba9729f30269cd5e04096d6148c5577a,ok
C:\Users\nader\Downloads\calon_ukb_pipeline\alphafold\analysis\figures\Figure_calibration.png,D:\CALON_FH_PORTABLE\assets\alphafold\analysis\figures\Figure_calibration.png,copy,128714,8dcd73e844892dab08924be59548c63cafe70571c78ab0ef5260ecca0025c3c9,ok
C:\Users\nader\Downloads\calon_ukb_pipeline\alphafold\analysis\figures\Figure_Cardiac_MRI_Domains.png,D:\CALON_FH_PORTABLE\assets\alphafold\analysis\figures\Figure_Cardiac_MRI_Domains.png,copy,504897,310cb14927bc95c7afb70d2e1a5901380845e67411da51116cf1605ee967500d,ok
C:\Users\nader\Downloads\calon_ukb_pipeline\alphafold\analysis\figures\Figure_ClinVar_MegaValidation.png,D:\CALON_FH_PORTABLE\assets\alphafold\analysis\figures\Figure_ClinVar_MegaValidation.png,copy,496889,5a0365d40b5647b6a131b6efc1a7e3ab87e2ee386b053ac01e2bb42674f4fcb5,ok
C:\Users\nader\Downloads\calon_ukb_pipeline\alphafold\analysis\figures\Figure_ClinVar_Validation.png,D:\CALON_FH_PORTABLE\assets\alphafold\analysis\figures\Figure_ClinVar_Validation.png,copy,471076,cc1874c8c010b6dba5828329fa25d556ba23995f30751a8d90a3b14a2a976576,ok
C:\Users\nader\Downloads\calon_ukb_pipeline\alphafold\analysis\figures\Figure_DCA.png,D:\CALON_FH_PORTABLE\assets\alphafold\analysis\figures\Figure_DCA.png,copy,154443,26022d8e5eecc5018bdd3c96f8bf82b9c3577ece843e205b06eecd0df3ddb274,ok
C:\Users\nader\Downloads\calon_ukb_pipeline\alphafold\analysis\figures\Figure_DCA_v2.png,D:\CALON_FH_PORTABLE\assets\alphafold\analysis\figures\Figure_DCA_v2.png,copy,195049,841145ec1fe3c832985d6ea1836bcb70494dcb9b3749c064f03edeeba50be758,ok
C:\Users\nader\Downloads\calon_ukb_pipeline\alphafold\analysis\figures\Figure_ddG_clinical.png,D:\CALON_FH_PORTABLE\assets\alphafold\analysis\figures\Figure_ddG_clinical.png,copy,311000,20950bb65202cf5b6a8a44c6fac0eacd6f13d2dc3fa4936fa9bc236716ca1765,ok
C:\Users\nader\Downloads\calon_ukb_pipeline\alphafold\analysis\figures\Figure_forest_SSS.png,D:\CALON_FH_PORTABLE\assets\alphafold\analysis\figures\Figure_forest_SSS.png,copy,236508,49a72c77e03fe5b545d2984ae2e9aa9584cfb12096a48bd78cb0ba56427307b7,ok
C:\Users\nader\Downloads\calon_ukb_pipeline\alphafold\analysis\figures\Figure_HeadToHead_Definitive.png,D:\CALON_FH_PORTABLE\assets\alphafold\analysis\figures\Figure_HeadToHead_Definitive.png,copy,770404,2ce0967b94571f4a3e59dca3186d89ce57a2fa35e62fdacb09651ded13f0a681,ok
C:\Users\nader\Downloads\calon_ukb_pipeline\alphafold\analysis\figures\Figure_Lpa_Adjusted_Mutation_Level.png,D:\CALON_FH_PORTABLE\assets\alphafold\analysis\figures\Figure_Lpa_Adjusted_Mutation_Level.png,copy,521757,cba28ecff1bee6aaf438a549a694404dd57dcd13ec22f4ac70b2a6c1d688aadf,ok
C:\Users\nader\Downloads\calon_ukb_pipeline\alphafold\analysis\figures\Figure_Lpa_by_Mutation.png,D:\CALON_FH_PORTABLE\assets\alphafold\analysis\figures\Figure_Lpa_by_Mutation.png,copy,430104,45e48fb2f561cb209632432faed2688f322bb908b75cfe4f10e634ca3c01cf2c,ok
C:\Users\nader\Downloads\calon_ukb_pipeline\alphafold\analysis\figures\Figure_Lpa_Corrected_TUDOR.png,D:\CALON_FH_PORTABLE\assets\alphafold\analysis\figures\Figure_Lpa_Corrected_TUDOR.png,copy,650920,66a330e2dba71eae3ac048390fcb975efb75bd39614a2d430b031ac8f5c45f04,ok
C:\Users\nader\Downloads\calon_ukb_pipeline\alphafold\analysis\figures\Figure_Nature_Gaps.png,D:\CALON_FH_PORTABLE\assets\alphafold\analysis\figures\Figure_Nature_Gaps.png,copy,480473,69de24d0ca302f32a8afdbdd4d29d14e50b0b2ea67406c0fb2abe94903df8294,ok
C:\Users\nader\Downloads\calon_ukb_pipeline\alphafold\analysis\figures\Figure_Pathogenicity_HeadToHead.png,D:\CALON_FH_PORTABLE\assets\alphafold\analysis\figures\Figure_Pathogenicity_HeadToHead.png,copy,105153,5a138630a98ab38d846a5a917a6bdfa5a2fa63053924b84e2439af081336502d,ok
C:\Users\nader\Downloads\calon_ukb_pipeline\alphafold\analysis\figures\Figure_PseudoFH_NMR.png,D:\CALON_FH_PORTABLE\assets\alphafold\analysis\figures\Figure_PseudoFH_NMR.png,copy,337509,218925b774afbce61a5256e3c8ad6619576893858d59e47bb0e645b3f079ab2b,ok
C:\Users\nader\Downloads\calon_ukb_pipeline\alphafold\analysis\figures\Figure_ROC_validation.png,D:\CALON_FH_PORTABLE\assets\alphafold\analysis\figures\Figure_ROC_validation.png,copy,308739,8a5429adb7e7a4bf2b649feb328547e3d5adf78bea4456ca77fecb48adde6bfa,ok
C:\Users\nader\Downloads\calon_ukb_pipeline\alphafold\analysis\figures\Figure_SplitCohort_Validation.png,D:\CALON_FH_PORTABLE\assets\alphafold\analysis\figures\Figure_SplitCohort_Validation.png,copy,413411,47c51e3b23831eec57eb5a3f8a8e3f99f4dd8ace2a82e71a710b386fad267c51,ok
C:\Users\nader\Downloads\calon_ukb_pipeline\alphafold\analysis\figures\Figure_Structural_Pharmacogenomics.png,D:\CALON_FH_PORTABLE\assets\alphafold\analysis\figures\Figure_Structural_Pharmacogenomics.png,copy,411104,5cd791df384f284c8a5c3a95810bc18fa332d8099aba9ff1e1e17148eac111e8,ok
C:\Users\nader\Downloads\calon_ukb_pipeline\alphafold\analysis\figures\Figure_treatment_response.png,D:\CALON_FH_PORTABLE\assets\alphafold\analysis\figures\Figure_treatment_response.png,copy,189795,fedcebf02d15a36798b7444cfbacd93a18bbf1cf126d47ea028242140a253365,ok
C:\Users\nader\Downloads\calon_ukb_pipeline\alphafold\analysis\figures\Figure_Treatment_Selection.png,D:\CALON_FH_PORTABLE\assets\alphafold\analysis\figures\Figure_Treatment_Selection.png,copy,221932,6c11c4d161e7c249fc928c256f45c2687d7a5dd6d6109907af5b1ab31fa6108f,ok
C:\Users\nader\Downloads\calon_ukb_pipeline\alphafold\analysis\figures\Figure_VUS_Reclassification.png,D:\CALON_FH_PORTABLE\assets\alphafold\analysis\figures\Figure_VUS_Reclassification.png,copy,279276,d9232ece6cdbce2ba8d652d5520a59c9286e4ae31e27390e5de3b447be032da5,ok
C:\Users\nader\Downloads\calon_ukb_pipeline\alphafold\analysis\figures\ukb_external_validation_results.csv,D:\CALON_FH_PORTABLE\data\alphafold\analysis\figures\ukb_external_validation_results.csv,copy,818,47c3e7e8b1f8e24360457135af967ddcaad47b850c67bd44e5799264c51c2f5f,ok
C:\Users\nader\Downloads\calon_ukb_pipeline\alphafold\analysis\figures\validation_model_comparison.csv,D:\CALON_FH_PORTABLE\data\alphafold\analysis\figures\validation_model_comparison.csv,copy,1595,8dc9c4c24133bdd4b640eaa2743d2d8d0039c2238c2ae9c3055632690f3d7f9a,ok
C:\Users\nader\Downloads\calon_ukb_pipeline\alphafold\analysis\figures\chimerax\domain_penetrance.defattr,D:\CALON_FH_PORTABLE\assets\alphafold\analysis\figures\chimerax\domain_penetrance.defattr,copy,14539,08a15f99920948eed2e2224db936cc62ef15dc9dd7f13c1ac6e6ad6d094102fb,ok
C:\Users\nader\Downloads\calon_ukb_pipeline\alphafold\analysis\figures\chimerax\drug_target_category.defattr,D:\CALON_FH_PORTABLE\assets\alphafold\analysis\figures\chimerax\drug_target_category.defattr,copy,33786,1499f98221543e23a1d805a1e437cc6d8d2bbea3fb176f10a6a07707ad95035b,ok
C:\Users\nader\Downloads\calon_ukb_pipeline\alphafold\analysis\figures\chimerax\figure_CX01.cxc,D:\CALON_FH_PORTABLE\assets\alphafold\analysis\figures\chimerax\figure_CX01.cxc,copy,4820,0a45a425250fb77a4d022ba62f3b46dbdeb8c87bd88f7be13e6394771cda89e5,ok
C:\Users\nader\Downloads\calon_ukb_pipeline\alphafold\analysis\figures\chimerax\Figure_CX01_risk_atlas.png,D:\CALON_FH_PORTABLE\assets\alphafold\analysis\figures\chimerax\Figure_CX01_risk_atlas.png,copy,803082,bf4ef79e744bd7786833894771c2a1d953933ca22b22bc6122966c1c87c0fdff,ok
C:\Users\nader\Downloads\calon_ukb_pipeline\alphafold\analysis\figures\chimerax\figure_CX02.cxc,D:\CALON_FH_PORTABLE\assets\alphafold\analysis\figures\chimerax\figure_CX02.cxc,copy,4185,583706eeba1de9f9b3a6894a97fd3143361a5591cacdb7b0fd6365f84cbfcdce,ok
C:\Users\nader\Downloads\calon_ukb_pipeline\alphafold\analysis\figures\chimerax\Figure_CX02_pLDDT.png,D:\CALON_FH_PORTABLE\assets\alphafold\analysis\figures\chimerax\Figure_CX02_pLDDT.png,copy,936071,7d93c0c2968280fff121c39fe124f27516aa3f9f76f73b68111029544636c485,ok
C:\Users\nader\Downloads\calon_ukb_pipeline\alphafold\analysis\figures\chimerax\Figure_CX02_pLDDT_side.png,D:\CALON_FH_PORTABLE\assets\alphafold\analysis\figures\chimerax\Figure_CX02_pLDDT_side.png,copy,883172,f4bd9e9633a2e592bd9a2f47ab3061127814fbbb7ae54b066db8ac9d3ad866b1,ok
C:\Users\nader\Downloads\calon_ukb_pipeline\alphafold\analysis\figures\chimerax\figure_CX03.cxc,D:\CALON_FH_PORTABLE\assets\alphafold\analysis\figures\chimerax\figure_CX03.cxc,copy,1542,a185219abc10b611e6d94fcac498be0fe01a9b4dc2fa6553a41cf56dab061321,ok
C:\Users\nader\Downloads\calon_ukb_pipeline\alphafold\analysis\figures\chimerax\Figure_CX03_PCSK9_interface.png,D:\CALON_FH_PORTABLE\assets\alphafold\analysis\figures\chimerax\Figure_CX03_PCSK9_interface.png,copy,1541399,2a209106a2261ea3791047a6bf2cd9eebc7b36e1b6332c8da4e0aa9f1a9b8aa9,ok
C:\Users\nader\Downloads\calon_ukb_pipeline\alphafold\analysis\figures\chimerax\figure_CX04.cxc,D:\CALON_FH_PORTABLE\assets\alphafold\analysis\figures\chimerax\figure_CX04.cxc,copy,1584,17b41e5adba87d522f823249e83a87c484f510359dcf399d919e1123a2a60835,ok
C:\Users\nader\Downloads\calon_ukb_pipeline\alphafold\analysis\figures\chimerax\Figure_CX04_ApoB_interface.png,D:\CALON_FH_PORTABLE\assets\alphafold\analysis\figures\chimerax\Figure_CX04_ApoB_interface.png,copy,890707,219cd482a5f3a7ad46ac11073f0e31c3f97f3a17eedbff164114eba199696e24,ok
C:\Users\nader\Downloads\calon_ukb_pipeline\alphafold\analysis\figures\chimerax\figure_CX05.cxc,D:\CALON_FH_PORTABLE\assets\alphafold\analysis\figures\chimerax\figure_CX05.cxc,copy,1439,22549a2c33aedcb5b14c03986eab2bf834247753ea128cf8b3ca785f8ad67d93,ok
C:\Users\nader\Downloads\calon_ukb_pipeline\alphafold\analysis\figures\chimerax\Figure_CX05_zero_overlap.png,D:\CALON_FH_PORTABLE\assets\alphafold\analysis\figures\chimerax\Figure_CX05_zero_overlap.png,copy,926246,1ba653488e24ba72638fee582d35b1629ff74e30d3dcbee15c5a11bac47f13cf,ok
C:\Users\nader\Downloads\calon_ukb_pipeline\alphafold\analysis\figures\chimerax\figure_CX06.cxc,D:\CALON_FH_PORTABLE\assets\alphafold\analysis\figures\chimerax\figure_CX06.cxc,copy,1858,3e0b06826c5ef34c5691ce5f5df7b2fb5af8088203bb35856469bdc6aecf5c1f,ok
C:\Users\nader\Downloads\calon_ukb_pipeline\alphafold\analysis\figures\chimerax\Figure_CX06_domains.png,D:\CALON_FH_PORTABLE\assets\alphafold\analysis\figures\chimerax\Figure_CX06_domains.png,copy,942694,69927fa0e7835f66d6bf727212ef21ffc9dd89a245d96194be73fba0ff1dd9d5,ok
C:\Users\nader\Downloads\calon_ukb_pipeline\alphafold\analysis\figures\chimerax\figure_CX07.cxc,D:\CALON_FH_PORTABLE\assets\alphafold\analysis\figures\chimerax\figure_CX07.cxc,copy,2390,b9cd19f50afbe647d18d1299301312e8120a80efee233ff51f85f867646d3a5c,ok
C:\Users\nader\Downloads\calon_ukb_pipeline\alphafold\analysis\figures\chimerax\Figure_CX07_critical.png,D:\CALON_FH_PORTABLE\assets\alphafold\analysis\figures\chimerax\Figure_CX07_critical.png,copy,761226,540cccf3d0e1a78b41e04219022210322a56d110d113b346c2e27715079646b0,ok
C:\Users\nader\Downloads\calon_ukb_pipeline\alphafold\analysis\figures\chimerax\figure_CX08.cxc,D:\CALON_FH_PORTABLE\assets\alphafold\analysis\figures\chimerax\figure_CX08.cxc,copy,3961,67b12d9dc24b8d1f7273f9f99742bb9843d2fa0fd1f2bbbbb2e3e78d1a2d30a9,ok
C:\Users\nader\Downloads\calon_ukb_pipeline\alphafold\analysis\figures\chimerax\Figure_CX08_hotspots.png,D:\CALON_FH_PORTABLE\assets\alphafold\analysis\figures\chimerax\Figure_CX08_hotspots.png,copy,647870,92a6391daceaa3cd5e511cc0f904f5073fa5db63c33113210e410b4786dae776,ok
C:\Users\nader\Downloads\calon_ukb_pipeline\alphafold\analysis\figures\chimerax\figure_CX09.cxc,D:\CALON_FH_PORTABLE\assets\alphafold\analysis\figures\chimerax\figure_CX09.cxc,copy,6874,f3af0409c82bd80bd98aceb5f536ecb8254aa831642c96a072296cf092fbbcd8,ok
C:\Users\nader\Downloads\calon_ukb_pipeline\alphafold\analysis\figures\chimerax\Figure_CX09_ddG.png,D:\CALON_FH_PORTABLE\assets\alphafold\analysis\figures\chimerax\Figure_CX09_ddG.png,copy,831462,a081ce359a85538540bc5cddb84d797c5495fb6f1d95d85aa1016a5cb4d40ef8,ok
C:\Users\nader\Downloads\calon_ukb_pipeline\alphafold\analysis\figures\chimerax\figure_CX10.cxc,D:\CALON_FH_PORTABLE\assets\alphafold\analysis\figures\chimerax\figure_CX10.cxc,copy,5012,94210edb0ba0162b66eba400559418e794f1c42a7d2a30df40bbb3ed0a59fdfd,ok
C:\Users\nader\Downloads\calon_ukb_pipeline\alphafold\analysis\figures\chimerax\Figure_CX10_drug_targets.png,D:\CALON_FH_PORTABLE\assets\alphafold\analysis\figures\chimerax\Figure_CX10_drug_targets.png,copy,939045,696fcd2935b373960ff0016651a6dbbd6eb430cc54f54962cc7e4f9c07ef3e48,ok
C:\Users\nader\Downloads\calon_ukb_pipeline\alphafold\analysis\figures\chimerax\n_patients.defattr,D:\CALON_FH_PORTABLE\assets\alphafold\analysis\figures\chimerax\n_patients.defattr,copy,13767,ea2b1475f640956aeb2b3d3851a31a06a59bd240c66c0055045de7e67277268a,ok
C:\Users\nader\Downloads\calon_ukb_pipeline\alphafold\analysis\figures\chimerax\observed_max_ddG.defattr,D:\CALON_FH_PORTABLE\assets\alphafold\analysis\figures\chimerax\observed_max_ddG.defattr,copy,2292,148db45011a0227741866ad6e63f59278a6389fd77e0803db7f2a92850d331cf,ok
C:\Users\nader\Downloads\calon_ukb_pipeline\alphafold\analysis\figures\chimerax\plddt_confidence.defattr,D:\CALON_FH_PORTABLE\assets\alphafold\analysis\figures\chimerax\plddt_confidence.defattr,copy,14571,403e167e3f58bd2f2602a8f5553b773d5eddfe36e1ba1ba8a8d71f73cce35621,ok
C:\Users\nader\Downloads\calon_ukb_pipeline\alphafold\analysis\figures\chimerax\risk_classification.defattr,D:\CALON_FH_PORTABLE\assets\alphafold\analysis\figures\chimerax\risk_classification.defattr,copy,13613,7bbd1d09591956c0703b099cb35547ec79c1be944255dd2864b8ef78041ccffd,ok
C:\Users\nader\Downloads\calon_ukb_pipeline\alphafold\analysis\figures\chimerax\run_all_figures.cxc,D:\CALON_FH_PORTABLE\assets\alphafold\analysis\figures\chimerax\run_all_figures.cxc,copy,10469,171e3a44b84cc06abe09631690591829a6cd5db5933667113d0a5a90054e93b4,ok
C:\Users\nader\Downloads\calon_ukb_pipeline\alphafold\analysis\figures\chimerax\run_remaining.cxc,D:\CALON_FH_PORTABLE\assets\alphafold\analysis\figures\chimerax\run_remaining.cxc,copy,3758,3b0b4b313dfc4a4a964a1d2aace670fb0a876b9c689498b7bf9a4f8437d1dd7c,ok
C:\Users\nader\Downloads\calon_ukb_pipeline\alphafold\analysis\nature_validation\nature_subgroup_results.csv,D:\CALON_FH_PORTABLE\data\alphafold\analysis\nature_validation\nature_subgroup_results.csv,copy,2118,7161ab323a1683c4a475b7cf5212a66db742c86820f11b020fd12f2e0ec640f4,ok
C:\Users\nader\Downloads\calon_ukb_pipeline\alphafold\analysis\nature_validation\nature_validation_results.csv,D:\CALON_FH_PORTABLE\data\alphafold\analysis\nature_validation\nature_validation_results.csv,copy,1953,b4374018c6cfefcd5769fd7e5a52fe5b32ec285e133a0146a0c6de3747cb4e98,ok
C:\Users\nader\Downloads\calon_ukb_pipeline\alphafold\analysis\tables\Table1_Baseline_Characteristics.csv,D:\CALON_FH_PORTABLE\data\alphafold\analysis\tables\Table1_Baseline_Characteristics.csv,copy,2380,8246c35196fd00da4e45f770254bade6d794a386f0c0ddd928bb7f262133fe71,ok
C:\Users\nader\Downloads\calon_ukb_pipeline\alphafold\analysis\tables\Table2_Top30_Variant_Catalogue.csv,D:\CALON_FH_PORTABLE\data\alphafold\analysis\tables\Table2_Top30_Variant_Catalogue.csv,copy,2748,a861c425f59762012ba5c31fa0dc12283c74a2e909362955937116d1fe6b517f,ok
C:\Users\nader\Downloads\calon_ukb_pipeline\alphafold\analysis\tables\Table3_Domain_Specific_Phenotypes.csv,D:\CALON_FH_PORTABLE\data\alphafold\analysis\tables\Table3_Domain_Specific_Phenotypes.csv,copy,2004,ea940b923651a9c2ab99e75f4c86119207a9d0ab29b4b3646bf2aadd81a2c11f,ok
C:\Users\nader\Downloads\calon_ukb_pipeline\alphafold\analysis\tables\Table4_Nested_Logistic_Regression.csv,D:\CALON_FH_PORTABLE\data\alphafold\analysis\tables\Table4_Nested_Logistic_Regression.csv,copy,1235,ac19f0d3d8a7111d0ef9c4934f38927b7e49c654689ea19f4cbf7798315cf3e1,ok
C:\Users\nader\Downloads\calon_ukb_pipeline\alphafold\analysis\tables\Table5_LOCO_CV_Results.csv,D:\CALON_FH_PORTABLE\data\alphafold\analysis\tables\Table5_LOCO_CV_Results.csv,copy,243,26ffe57992aee9b1e733575e8bdfa07f8e71119f65db350ab27ac62f8eb8172b,ok
C:\Users\nader\Downloads\calon_ukb_pipeline\alphafold\analysis\tables\Table6_NMR_Metabolomic_Profile.csv,D:\CALON_FH_PORTABLE\data\alphafold\analysis\tables\Table6_NMR_Metabolomic_Profile.csv,copy,2005,0db3525a3b0f690cc2a12b692b3c10d4a01461bab7df48eec344dc366a687f19,ok
C:\Users\nader\Downloads\calon_ukb_pipeline\alphafold\analysis\tables\Table7_Treatment_Resistant_Variants.csv,D:\CALON_FH_PORTABLE\data\alphafold\analysis\tables\Table7_Treatment_Resistant_Variants.csv,copy,1483,73d0fa80634c9c6e661bf3ff56618da5b8de2684ddd02fde1887bbb6d133180d,ok
C:\Users\nader\Downloads\calon_ukb_pipeline\alphafold\foldx\ApoB_RBD_wt_Repair.pdb,D:\CALON_FH_PORTABLE\assets\alphafold\foldx\ApoB_RBD_wt_Repair.pdb,copy,127598,d94d2d3430c9ed5f945c717f2376103b4def33525eafdeb0d6d9c174ec3a06b1,ok
C:\Users\nader\Downloads\calon_ukb_pipeline\alphafold\foldx\foldx_mutation_list.csv,D:\CALON_FH_PORTABLE\data\alphafold\foldx\foldx_mutation_list.csv,copy,1562,846a57a4f0c8db4eeb93fd84518d70e2dfa418a3d5cd01d99145c3535b1ae12e,ok
C:\Users\nader\Downloads\calon_ukb_pipeline\alphafold\foldx\individual_list.txt,D:\CALON_FH_PORTABLE\assets\alphafold\foldx\individual_list.txt,copy,27,06efb26e09fc341756c0715842de621fdec3c70c13e50d9e5841c69bea4cec07,ok
C:\Users\nader\Downloads\calon_ukb_pipeline\alphafold\foldx\LDLR_ApoB_complex_Repair.pdb,D:\CALON_FH_PORTABLE\assets\alphafold\foldx\LDLR_ApoB_complex_Repair.pdb,copy,521323,9d9e528646ee9807691e4c465dc49d77ebcd783af30f640d86fffdd6516c162a,ok
C:\Users\nader\Downloads\calon_ukb_pipeline\alphafold\foldx\LDLR_PCSK9_complex_v2.pdb,D:\CALON_FH_PORTABLE\assets\alphafold\foldx\LDLR_PCSK9_complex_v2.pdb,copy,891822,b315b5bd739f2774b5d75db251f8daea2776ea868444e09be6a24b132f17c4b0,ok
C:\Users\nader\Downloads\calon_ukb_pipeline\alphafold\foldx\LDLR_wt_Repair.pdb,D:\CALON_FH_PORTABLE\assets\alphafold\foldx\LDLR_wt_Repair.pdb,copy,452298,e542aa3d7d94ad21e97091d8b91373c8ada190de97216c585d3813e12ded0f10,ok
C:\Users\nader\Downloads\calon_ukb_pipeline\alphafold\foldx\PCSK9_wt_Repair.pdb,D:\CALON_FH_PORTABLE\assets\alphafold\foldx\PCSK9_wt_Repair.pdb,copy,354854,a548a48367186d5e186713f5eec6c94a94948d2fa16cff7f0d07c08e70c152d4,ok
C:\Users\nader\Downloads\calon_ukb_pipeline\alphafold\foldx\rotabase.txt,D:\CALON_FH_PORTABLE\assets\alphafold\foldx\rotabase.txt,copy,2573870,df27cbf44b8732f819236bd0eb3e5e66b9f9562d0b0c31363de28e5a847030f2,ok
C:\Users\nader\Downloads\calon_ukb_pipeline\alphafold\foldx\lpa\chimerax_lpa_visualisation.cxc,D:\CALON_FH_PORTABLE\assets\alphafold\foldx\lpa\chimerax_lpa_visualisation.cxc,copy,1748,46342b5b77a69ed188df7b7969def22ca8794a3cc72bacf5a31892f417ced277,ok
C:\Users\nader\Downloads\calon_ukb_pipeline\alphafold\foldx\lpa\foldx_kiv10_log.txt,D:\CALON_FH_PORTABLE\assets\alphafold\foldx\lpa\foldx_kiv10_log.txt,copy,2673,d3bc537d786330ff73602b54c0f8c81c4ea96574fb2588827bfdae0cbfeb2036,ok
C:\Users\nader\Downloads\calon_ukb_pipeline\alphafold\foldx\lpa\foldx_kiv78_log.txt,D:\CALON_FH_PORTABLE\assets\alphafold\foldx\lpa\foldx_kiv78_log.txt,copy,2643,5396353bdb4a708ee03001ff88f4c9c57c98bc93b19ec85b4285d359725e99d6,ok
C:\Users\nader\Downloads\calon_ukb_pipeline\alphafold\foldx\lpa\individual_list.txt,D:\CALON_FH_PORTABLE\assets\alphafold\foldx\lpa\individual_list.txt,copy,9,5074ea31e8706dae0322e6bafe85402329aefd7443445dc997fc41e37f5f84d0,ok
C:\Users\nader\Downloads\calon_ukb_pipeline\alphafold\foldx\lpa\individual_list_KIV10.txt,D:\CALON_FH_PORTABLE\assets\alphafold\foldx\lpa\individual_list_KIV10.txt,copy,41,73b6738a7ebc4072c802b07ba6f7e83ca2777912550e7435ee787dce0321e9d7,ok
C:\Users\nader\Downloads\calon_ukb_pipeline\alphafold\foldx\lpa\individual_list_KIV78.txt,D:\CALON_FH_PORTABLE\assets\alphafold\foldx\lpa\individual_list_KIV78.txt,copy,44,5a783df8d2b6522b7e33c3c477d7bde4a8bb44eb9ad256b07e46d2c1ce7b50f9,ok
C:\Users\nader\Downloads\calon_ukb_pipeline\alphafold\foldx\lpa\LPA_KIV10_ApoB.pdb,D:\CALON_FH_PORTABLE\assets\alphafold\foldx\lpa\LPA_KIV10_ApoB.pdb,copy,104988,fd9a846320240fc6d481ac382ec46c6e51d256747f962983a9f58650bbff9f47,ok
C:\Users\nader\Downloads\calon_ukb_pipeline\alphafold\foldx\lpa\LPA_KIV10_LDLR.pdb,D:\CALON_FH_PORTABLE\assets\alphafold\foldx\lpa\LPA_KIV10_LDLR.pdb,copy,85548,07c956f45417317977562270d1ee3b8e249ee2abd6429e2407d31db00409a20a,ok
C:\Users\nader\Downloads\calon_ukb_pipeline\alphafold\foldx\lpa\LPA_KIV10_Protease.pdb,D:\CALON_FH_PORTABLE\assets\alphafold\foldx\lpa\LPA_KIV10_Protease.pdb,copy,413677,5bba6dca65d9f30452691456a9d6c12c380f1bc4503bb34a566287f148d709ee,ok
C:\Users\nader\Downloads\calon_ukb_pipeline\alphafold\foldx\lpa\LPA_KIV10_Protease_1_0.pdb,D:\CALON_FH_PORTABLE\assets\alphafold\foldx\lpa\LPA_KIV10_Protease_1_0.pdb,copy,347270,cf7c8237d339aa714c4c7b72f4bf010879a2ed21f96b67526675b76a9fdb024a,ok
C:\Users\nader\Downloads\calon_ukb_pipeline\alphafold\foldx\lpa\LPA_KIV10_Protease_1_1.pdb,D:\CALON_FH_PORTABLE\assets\alphafold\foldx\lpa\LPA_KIV10_Protease_1_1.pdb,copy,347270,048cfdada7545e61256bac8ecd59c9b0af67a9b5e5796ae8f30aa85dc01150e3,ok
C:\Users\nader\Downloads\calon_ukb_pipeline\alphafold\foldx\lpa\LPA_KIV10_Protease_1_2.pdb,D:\CALON_FH_PORTABLE\assets\alphafold\foldx\lpa\LPA_KIV10_Protease_1_2.pdb,copy,347270,9f9d0379313f74de9cc663d323ca38e310566bef1300768ff913515f983d6442,ok
C:\Users\nader\Downloads\calon_ukb_pipeline\alphafold\foldx\lpa\LPA_KIV10_Protease_2_0.pdb,D:\CALON_FH_PORTABLE\assets\alphafold\foldx\lpa\LPA_KIV10_Protease_2_0.pdb,copy,347270,08608d470ad607416465e060f3561546d1a12634f8fb7a67eb65aa7a68d6d1e2,ok
C:\Users\nader\Downloads\calon_ukb_pipeline\alphafold\foldx\lpa\LPA_KIV10_Protease_2_1.pdb,D:\CALON_FH_PORTABLE\assets\alphafold\foldx\lpa\LPA_KIV10_Protease_2_1.pdb,copy,347270,4ad82331d56e2937e277007bf522d64cad94aefdb3707094cefa451ae467b7e7,ok
C:\Users\nader\Downloads\calon_ukb_pipeline\alphafold\foldx\lpa\LPA_KIV10_Protease_2_2.pdb,D:\CALON_FH_PORTABLE\assets\alphafold\foldx\lpa\LPA_KIV10_Protease_2_2.pdb,copy,347270,ebe75e72315e7751a1c3079178370a3a78753d363d068a1bf686ba6cb12cc472,ok
C:\Users\nader\Downloads\calon_ukb_pipeline\alphafold\foldx\lpa\LPA_KIV10_Protease_3_0.pdb,D:\CALON_FH_PORTABLE\assets\alphafold\foldx\lpa\LPA_KIV10_Protease_3_0.pdb,copy,347270,401f74d4db965052388408fcb88550c9a6afd7860aa98b00bd9ea79fc34da92e,ok
C:\Users\nader\Downloads\calon_ukb_pipeline\alphafold\foldx\lpa\LPA_KIV10_Protease_3_1.pdb,D:\CALON_FH_PORTABLE\assets\alphafold\foldx\lpa\LPA_KIV10_Protease_3_1.pdb,copy,347270,e7c14aa81db455448f6f9c7bfe548fe2d8a610625083422a1bd5ffeede5263f1,ok
C:\Users\nader\Downloads\calon_ukb_pipeline\alphafold\foldx\lpa\LPA_KIV10_Protease_3_2.pdb,D:\CALON_FH_PORTABLE\assets\alphafold\foldx\lpa\LPA_KIV10_Protease_3_2.pdb,copy,347270,702a1979726bd4a8c4308367fa2e11354639ecde4b53da6f48dacb29f951f90e,ok
C:\Users\nader\Downloads\calon_ukb_pipeline\alphafold\foldx\lpa\LPA_KIV10_Protease_4_0.pdb,D:\CALON_FH_PORTABLE\assets\alphafold\foldx\lpa\LPA_KIV10_Protease_4_0.pdb,copy,347270,1f129fa3a04ffe9a6c438bd30660b23acb5c78437a44ced6b5fbdaf1b663d599,ok
C:\Users\nader\Downloads\calon_ukb_pipeline\alphafold\foldx\lpa\LPA_KIV10_Protease_4_1.pdb,D:\CALON_FH_PORTABLE\assets\alphafold\foldx\lpa\LPA_KIV10_Protease_4_1.pdb,copy,347270,b4fdb75c9f3a96accb1fc2f3b571dfb702301bf58e1c48b6233b802d29b9f7ae,ok
C:\Users\nader\Downloads\calon_ukb_pipeline\alphafold\foldx\lpa\LPA_KIV10_Protease_4_2.pdb,D:\CALON_FH_PORTABLE\assets\alphafold\foldx\lpa\LPA_KIV10_Protease_4_2.pdb,copy,347270,86df13123be52e4a8e1784ef5984fd143e931aef1b710320b6b28ef6f3baf7e1,ok
C:\Users\nader\Downloads\calon_ukb_pipeline\alphafold\foldx\lpa\LPA_KIV10_Protease_5_0.pdb,D:\CALON_FH_PORTABLE\assets\alphafold\foldx\lpa\LPA_KIV10_Protease_5_0.pdb,copy,347270,d0f565d9c7eb493b9c34063ada4d4eff6d60dfd2a966030b093912b9cadb5515,ok
C:\Users\nader\Downloads\calon_ukb_pipeline\alphafold\foldx\lpa\LPA_KIV10_Protease_5_1.pdb,D:\CALON_FH_PORTABLE\assets\alphafold\foldx\lpa\LPA_KIV10_Protease_5_1.pdb,copy,347270,d78936bd69621645b0d1fde50f0123e949c8ec56e22568fbed2dd09a33d817b7,ok
C:\Users\nader\Downloads\calon_ukb_pipeline\alphafold\foldx\lpa\LPA_KIV10_Protease_5_2.pdb,D:\CALON_FH_PORTABLE\assets\alphafold\foldx\lpa\LPA_KIV10_Protease_5_2.pdb,copy,347270,e995e91f13a1a3c38446ca38c3bd9d46e95ec8110e00ca6f6bca773625002464,ok
C:\Users\nader\Downloads\calon_ukb_pipeline\alphafold\foldx\lpa\LPA_KIV10_Protease_6_0.pdb,D:\CALON_FH_PORTABLE\assets\alphafold\foldx\lpa\LPA_KIV10_Protease_6_0.pdb,copy,347270,6415a81ee189da36b7d79dae14e6af99d6c090e33b0c867fc959136a0961bcef,ok
C:\Users\nader\Downloads\calon_ukb_pipeline\alphafold\foldx\lpa\LPA_KIV10_Protease_6_1.pdb,D:\CALON_FH_PORTABLE\assets\alphafold\foldx\lpa\LPA_KIV10_Protease_6_1.pdb,copy,347270,7fdc971eb7175987e68cc96cb2d12012578a4924aa4c82990edf2772ad3c220b,ok
C:\Users\nader\Downloads\calon_ukb_pipeline\alphafold\foldx\lpa\LPA_KIV10_Protease_6_2.pdb,D:\CALON_FH_PORTABLE\assets\alphafold\foldx\lpa\LPA_KIV10_Protease_6_2.pdb,copy,347270,5522dd73912977280f8c6372c9206015813e1fef1a4cc5d14a1dbaafbbacc28e,ok
C:\Users\nader\Downloads\calon_ukb_pipeline\alphafold\foldx\lpa\LPA_KIV10_Protease_individual_list.txt,D:\CALON_FH_PORTABLE\assets\alphafold\foldx\lpa\LPA_KIV10_Protease_individual_list.txt,copy,41,73b6738a7ebc4072c802b07ba6f7e83ca2777912550e7435ee787dce0321e9d7,ok
C:\Users\nader\Downloads\calon_ukb_pipeline\alphafold\foldx\lpa\LPA_KIV78.pdb,D:\CALON_FH_PORTABLE\assets\alphafold\foldx\lpa\LPA_KIV78.pdb,copy,101584,170b6c04c26ba824b783366d6bc211c7707321a1c7d083149be5dc4a9669fed1,ok
C:\Users\nader\Downloads\calon_ukb_pipeline\alphafold\foldx\lpa\LPA_KIV78_individual_list.txt,D:\CALON_FH_PORTABLE\assets\alphafold\foldx\lpa\LPA_KIV78_individual_list.txt,copy,44,5a783df8d2b6522b7e33c3c477d7bde4a8bb44eb9ad256b07e46d2c1ce7b50f9,ok
C:\Users\nader\Downloads\calon_ukb_pipeline\alphafold\foldx\lpa\LPA_KIV78_Repair.fxout,D:\CALON_FH_PORTABLE\assets\alphafold\foldx\lpa\LPA_KIV78_Repair.fxout,copy,0,e3b0c44298fc1c149afbf4c8996fb92427ae41e4649b934ca495991b7852b855,ok
C:\Users\nader\Downloads\calon_ukb_pipeline\alphafold\foldx\lpa\LPA_wildtype.pdb,D:\CALON_FH_PORTABLE\assets\alphafold\foldx\lpa\LPA_wildtype.pdb,copy,1132390,7b0a462db420a528b3326fe51272a496f928a965c5c01f98420a21782afd3065,ok
C:\Users\nader\Downloads\calon_ukb_pipeline\alphafold\foldx\lpa\LPA_wildtype_individual_list.txt,D:\CALON_FH_PORTABLE\assets\alphafold\foldx\lpa\LPA_wildtype_individual_list.txt,copy,16,1abf5a54abe4fa9608a777389d0926113595615149c77703dd4b18423e2b5f98,ok
C:\Users\nader\Downloads\calon_ukb_pipeline\alphafold\foldx\lpa\results_KIV78_local.txt,D:\CALON_FH_PORTABLE\assets\alphafold\foldx\lpa\results_KIV78_local.txt,copy,375439,a7910cd0de9e2427bd9175eb3a1b4a5bf9dd16d087b9fef58daf1a5d865b05d9,ok
C:\Users\nader\Downloads\calon_ukb_pipeline\alphafold\foldx\lpa\rotabase.txt,D:\CALON_FH_PORTABLE\assets\alphafold\foldx\lpa\rotabase.txt,copy,4849106,40af0e81535a0e1a750309a981c34738f4d31484751e693e8ee55a15b4011321,ok
C:\Users\nader\Downloads\calon_ukb_pipeline\alphafold\foldx\lpa\run_foldx_buildmodel.sh,D:\CALON_FH_PORTABLE\code\shell\alphafold\foldx\lpa\run_foldx_buildmodel.sh,copy,1602,0ff0028118cad44abd2525e1b5260218484c0a958cdb98cb149ec1d0c8a7e29f,ok
C:\Users\nader\Downloads\calon_ukb_pipeline\alphafold\foldx\lpa\run_foldx_repair.sh,D:\CALON_FH_PORTABLE\code\shell\alphafold\foldx\lpa\run_foldx_repair.sh,copy,727,952b8e52fbed8fff259474a1fbc45820adabef1a9694fccf3a3cb0007cce0642,ok
C:\Users\nader\Downloads\calon_ukb_pipeline\alphafold\foldx\lpa\run_local_saturation.sh,D:\CALON_FH_PORTABLE\code\shell\alphafold\foldx\lpa\run_local_saturation.sh,copy,827,cc85d1a3c089a911cd555758ea8c1f219976cd5bf025f3273514301100e258aa,ok
C:\Users\nader\Downloads\calon_ukb_pipeline\alphafold\foldx\lpa\saturation_progress.log,D:\CALON_FH_PORTABLE\assets\alphafold\foldx\lpa\saturation_progress.log,copy,92094,ad42af89262f5273975030d4989b077e286eb3a3d3491b5762252977f198b23f,ok
C:\Users\nader\Downloads\calon_ukb_pipeline\alphafold\foldx\lpa\sat_KIV-10_assembly_list.txt,D:\CALON_FH_PORTABLE\assets\alphafold\foldx\lpa\sat_KIV-10_assembly_list.txt,copy,0,e3b0c44298fc1c149afbf4c8996fb92427ae41e4649b934ca495991b7852b855,ok
C:\Users\nader\Downloads\calon_ukb_pipeline\alphafold\foldx\lpa\sat_KIV-7_lysine_binding_list.txt,D:\CALON_FH_PORTABLE\assets\alphafold\foldx\lpa\sat_KIV-7_lysine_binding_list.txt,copy,0,e3b0c44298fc1c149afbf4c8996fb92427ae41e4649b934ca495991b7852b855,ok
C:\Users\nader\Downloads\calon_ukb_pipeline\alphafold\foldx\lpa\sat_KIV-8_lysine_binding_list.txt,D:\CALON_FH_PORTABLE\assets\alphafold\foldx\lpa\sat_KIV-8_lysine_binding_list.txt,copy,0,e3b0c44298fc1c149afbf4c8996fb92427ae41e4649b934ca495991b7852b855,ok
C:\Users\nader\Downloads\calon_ukb_pipeline\alphafold\foldx\lpa\sat_KIV10_list.txt,D:\CALON_FH_PORTABLE\assets\alphafold\foldx\lpa\sat_KIV10_list.txt,copy,11989,ad36494c137e15df3479ef89c9d1cf9eec124790c170c77549812fb567afac2f,ok
C:\Users\nader\Downloads\calon_ukb_pipeline\alphafold\foldx\lpa\sat_KIV78_list.txt,D:\CALON_FH_PORTABLE\assets\alphafold\foldx\lpa\sat_KIV78_list.txt,copy,25308,68ab1ae34b8e2223cf7dbe6fcc5e816a10ae3f298f54fb6367703a3298a163a0,ok
C:\Users\nader\Downloads\calon_ukb_pipeline\alphafold\foldx\lpa\sat_Protease_domain_list.txt,D:\CALON_FH_PORTABLE\assets\alphafold\foldx\lpa\sat_Protease_domain_list.txt,copy,0,e3b0c44298fc1c149afbf4c8996fb92427ae41e4649b934ca495991b7852b855,ok
C:\Users\nader\Downloads\calon_ukb_pipeline\alphafold\foldx\lpa\sat_Protease_list.txt,D:\CALON_FH_PORTABLE\assets\alphafold\foldx\lpa\sat_Protease_list.txt,copy,41724,6600f6102104e554b0045c9efe28cc59944b90af602570cf0b53466497419543,ok
C:\Users\nader\Downloads\calon_ukb_pipeline\alphafold\foldx\lpa\WT_LPA_KIV10_Protease_1_0.pdb,D:\CALON_FH_PORTABLE\assets\alphafold\foldx\lpa\WT_LPA_KIV10_Protease_1_0.pdb,copy,347270,3a3ffe76b91b1ebeaf433b779e61317e09bc576cb9194cd14683feb31fe10c8d,ok
C:\Users\nader\Downloads\calon_ukb_pipeline\alphafold\foldx\lpa\WT_LPA_KIV10_Protease_1_1.pdb,D:\CALON_FH_PORTABLE\assets\alphafold\foldx\lpa\WT_LPA_KIV10_Protease_1_1.pdb,copy,347270,cfd996cb8c8d87e8ce8e3865ad3885633d2d2a99f496edaa459530ebd2c08e07,ok
C:\Users\nader\Downloads\calon_ukb_pipeline\alphafold\foldx\lpa\WT_LPA_KIV10_Protease_1_2.pdb,D:\CALON_FH_PORTABLE\assets\alphafold\foldx\lpa\WT_LPA_KIV10_Protease_1_2.pdb,copy,347270,b77b34593fd6549dae1db89dd52a5817c44b96e4c412cae76480636bf2362df5,ok
C:\Users\nader\Downloads\calon_ukb_pipeline\alphafold\foldx\lpa\WT_LPA_KIV10_Protease_2_0.pdb,D:\CALON_FH_PORTABLE\assets\alphafold\foldx\lpa\WT_LPA_KIV10_Protease_2_0.pdb,copy,347270,03fd182f941fa05d544ec42970b99d1523696c6dbc7f26df6ff2982953e67e01,ok
C:\Users\nader\Downloads\calon_ukb_pipeline\alphafold\foldx\lpa\WT_LPA_KIV10_Protease_2_1.pdb,D:\CALON_FH_PORTABLE\assets\alphafold\foldx\lpa\WT_LPA_KIV10_Protease_2_1.pdb,copy,347270,3eb72a72f93582d6ed890a5fb91f8eac742165f28dca7468d1b18e64c482f1b0,ok
C:\Users\nader\Downloads\calon_ukb_pipeline\alphafold\foldx\lpa\WT_LPA_KIV10_Protease_2_2.pdb,D:\CALON_FH_PORTABLE\assets\alphafold\foldx\lpa\WT_LPA_KIV10_Protease_2_2.pdb,copy,347270,83036b53cf0a590b02987acca020e470eed8807804f0b7f482eaa76c7a17f1ef,ok
C:\Users\nader\Downloads\calon_ukb_pipeline\alphafold\foldx\lpa\WT_LPA_KIV10_Protease_3_0.pdb,D:\CALON_FH_PORTABLE\assets\alphafold\foldx\lpa\WT_LPA_KIV10_Protease_3_0.pdb,copy,347270,b13b840f7ef6a50fb6393d56776d591067166b1918b77659333a1016f959ee70,ok
C:\Users\nader\Downloads\calon_ukb_pipeline\alphafold\foldx\lpa\WT_LPA_KIV10_Protease_3_1.pdb,D:\CALON_FH_PORTABLE\assets\alphafold\foldx\lpa\WT_LPA_KIV10_Protease_3_1.pdb,copy,347270,e34b48a075c5675cad545b7b6b9fb17c0cb8001d8fb33f3246a2b35dfbe1301e,ok
C:\Users\nader\Downloads\calon_ukb_pipeline\alphafold\foldx\lpa\WT_LPA_KIV10_Protease_3_2.pdb,D:\CALON_FH_PORTABLE\assets\alphafold\foldx\lpa\WT_LPA_KIV10_Protease_3_2.pdb,copy,347270,ac59a99026315154076e8c5b9b9722f2ba77ce925f986c61153f16fa532341ea,ok
C:\Users\nader\Downloads\calon_ukb_pipeline\alphafold\foldx\lpa\WT_LPA_KIV10_Protease_4_0.pdb,D:\CALON_FH_PORTABLE\assets\alphafold\foldx\lpa\WT_LPA_KIV10_Protease_4_0.pdb,copy,347270,83364d1baf083e51440c69e3e6827c26acffc898c323d4c4077315ff484dbc96,ok
C:\Users\nader\Downloads\calon_ukb_pipeline\alphafold\foldx\lpa\WT_LPA_KIV10_Protease_4_1.pdb,D:\CALON_FH_PORTABLE\assets\alphafold\foldx\lpa\WT_LPA_KIV10_Protease_4_1.pdb,copy,347270,b521b09a10a76892899d935e4101d3fdaa4f9be6cbb1588a1ce1381bb34e4a2a,ok
C:\Users\nader\Downloads\calon_ukb_pipeline\alphafold\foldx\lpa\WT_LPA_KIV10_Protease_4_2.pdb,D:\CALON_FH_PORTABLE\assets\alphafold\foldx\lpa\WT_LPA_KIV10_Protease_4_2.pdb,copy,347270,d175f8921dff5cf28df989397c8d73e4ee38f134c59cd2a4006d98c9e465d6b1,ok
C:\Users\nader\Downloads\calon_ukb_pipeline\alphafold\foldx\lpa\WT_LPA_KIV10_Protease_5_0.pdb,D:\CALON_FH_PORTABLE\assets\alphafold\foldx\lpa\WT_LPA_KIV10_Protease_5_0.pdb,copy,347270,a951c488f37153e766c53853749bce691a5776873412c93017fc02efc3d7e5c1,ok
C:\Users\nader\Downloads\calon_ukb_pipeline\alphafold\foldx\lpa\WT_LPA_KIV10_Protease_5_1.pdb,D:\CALON_FH_PORTABLE\assets\alphafold\foldx\lpa\WT_LPA_KIV10_Protease_5_1.pdb,copy,347270,154425c6d286e1b26dc1b78f7e686a15622df4bb49bc41019f0030c2d5604f81,ok
C:\Users\nader\Downloads\calon_ukb_pipeline\alphafold\foldx\lpa\WT_LPA_KIV10_Protease_5_2.pdb,D:\CALON_FH_PORTABLE\assets\alphafold\foldx\lpa\WT_LPA_KIV10_Protease_5_2.pdb,copy,347270,7f1964ed00687e3550c63bc9f40abbdec956a63e0c44e7cf853264c22046a1cd,ok
C:\Users\nader\Downloads\calon_ukb_pipeline\alphafold\foldx\lpa\WT_LPA_KIV10_Protease_6_0.pdb,D:\CALON_FH_PORTABLE\assets\alphafold\foldx\lpa\WT_LPA_KIV10_Protease_6_0.pdb,copy,347270,3da8089a2df6a1a9bb459a5ffd0314e78db36ca88bdb5c5d345d11951031d450,ok
C:\Users\nader\Downloads\calon_ukb_pipeline\alphafold\foldx\lpa\WT_LPA_KIV10_Protease_6_1.pdb,D:\CALON_FH_PORTABLE\assets\alphafold\foldx\lpa\WT_LPA_KIV10_Protease_6_1.pdb,copy,347270,122bc335d7e6ed16370d161b6cc980582d88a7ccfed3c41b0c877d179b866a78,ok
C:\Users\nader\Downloads\calon_ukb_pipeline\alphafold\foldx\lpa\WT_LPA_KIV10_Protease_6_2.pdb,D:\CALON_FH_PORTABLE\assets\alphafold\foldx\lpa\WT_LPA_KIV10_Protease_6_2.pdb,copy,347270,3d3c7eecd5924fd86712f12d9100466b2a326012556186c44092e7d9a2afd702,ok
C:\Users\nader\Downloads\calon_ukb_pipeline\alphafold\foldx\lpa\WT_LPA_KIV78_1.pdb,D:\CALON_FH_PORTABLE\assets\alphafold\foldx\lpa\WT_LPA_KIV78_1.pdb,copy,85266,cd28e428c978e8293bc2901e811c418099c352ebf82ddd3338b91dbdc42b0254,ok
C:\Users\nader\Downloads\calon_ukb_pipeline\alphafold\foldx\lpa\WT_LPA_KIV78_1_0.pdb,D:\CALON_FH_PORTABLE\assets\alphafold\foldx\lpa\WT_LPA_KIV78_1_0.pdb,copy,85266,cd28e428c978e8293bc2901e811c418099c352ebf82ddd3338b91dbdc42b0254,ok
C:\Users\nader\Downloads\calon_ukb_pipeline\alphafold\foldx\lpa\WT_LPA_KIV78_1_1.pdb,D:\CALON_FH_PORTABLE\assets\alphafold\foldx\lpa\WT_LPA_KIV78_1_1.pdb,copy,85266,cc810bd7fa0bd80594c59a035176499b56d9f5b5baa55e01eadd56c8bf162d57,ok
C:\Users\nader\Downloads\calon_ukb_pipeline\alphafold\foldx\lpa\WT_LPA_KIV78_1_2.pdb,D:\CALON_FH_PORTABLE\assets\alphafold\foldx\lpa\WT_LPA_KIV78_1_2.pdb,copy,85266,807fd71b738199fbf548f40531177387d04c8aecdb92c0d2ca66b2b6063aad56,ok
C:\Users\nader\Downloads\calon_ukb_pipeline\alphafold\foldx\lpa\WT_LPA_KIV78_2_0.pdb,D:\CALON_FH_PORTABLE\assets\alphafold\foldx\lpa\WT_LPA_KIV78_2_0.pdb,copy,85266,162caca1ff12f212cccba2074a3d91d730ce5a3950898b2a425fc887ffc5213b,ok
C:\Users\nader\Downloads\calon_ukb_pipeline\alphafold\foldx\lpa\WT_LPA_KIV78_2_1.pdb,D:\CALON_FH_PORTABLE\assets\alphafold\foldx\lpa\WT_LPA_KIV78_2_1.pdb,copy,85266,b4a23d0203fbd38120f7347bca7b3a298d1a95be02b2356cb719a4c1e15a4457,ok
C:\Users\nader\Downloads\calon_ukb_pipeline\alphafold\foldx\lpa\WT_LPA_KIV78_2_2.pdb,D:\CALON_FH_PORTABLE\assets\alphafold\foldx\lpa\WT_LPA_KIV78_2_2.pdb,copy,85266,0fdcc3fbd7a31960aa6bdfb79053f8c27d239374181aecc794d2137554e43817,ok
C:\Users\nader\Downloads\calon_ukb_pipeline\alphafold\foldx\lpa\WT_LPA_KIV78_3_0.pdb,D:\CALON_FH_PORTABLE\assets\alphafold\foldx\lpa\WT_LPA_KIV78_3_0.pdb,copy,85266,7a7a18075e20517ca18cef05645e9d86404222de77daa16a963dd5b683419fc4,ok
C:\Users\nader\Downloads\calon_ukb_pipeline\alphafold\foldx\lpa\WT_LPA_KIV78_3_1.pdb,D:\CALON_FH_PORTABLE\assets\alphafold\foldx\lpa\WT_LPA_KIV78_3_1.pdb,copy,85266,f925cb2990b3bd87daa1d842e0582e7fbd733956594953efda626dbd3dc95bed,ok
C:\Users\nader\Downloads\calon_ukb_pipeline\alphafold\foldx\lpa\WT_LPA_KIV78_3_2.pdb,D:\CALON_FH_PORTABLE\assets\alphafold\foldx\lpa\WT_LPA_KIV78_3_2.pdb,copy,85266,609fbadd8ac3b7b22a1338d256215ba7721f086123d0818bff32e45812c37f25,ok
C:\Users\nader\Downloads\calon_ukb_pipeline\alphafold\foldx\lpa\WT_LPA_KIV78_4_0.pdb,D:\CALON_FH_PORTABLE\assets\alphafold\foldx\lpa\WT_LPA_KIV78_4_0.pdb,copy,85266,ed57809bcf28cb0bb06348ba85aedcf8b353111c4edebbd8e153825e69565a6c,ok
C:\Users\nader\Downloads\calon_ukb_pipeline\alphafold\foldx\lpa\WT_LPA_KIV78_4_1.pdb,D:\CALON_FH_PORTABLE\assets\alphafold\foldx\lpa\WT_LPA_KIV78_4_1.pdb,copy,85266,2087e4a3c483d9ace590f51a6bd2d4ef0619b62e89db94fe2eaae22a52d2dd76,ok
C:\Users\nader\Downloads\calon_ukb_pipeline\alphafold\foldx\lpa\WT_LPA_KIV78_4_2.pdb,D:\CALON_FH_PORTABLE\assets\alphafold\foldx\lpa\WT_LPA_KIV78_4_2.pdb,copy,85266,deda60c9c62da16720f1770180bb8188ce10c6a628ad408231fd08d5c4e8c6dc,ok
C:\Users\nader\Downloads\calon_ukb_pipeline\alphafold\foldx\lpa\WT_LPA_KIV78_5_0.pdb,D:\CALON_FH_PORTABLE\assets\alphafold\foldx\lpa\WT_LPA_KIV78_5_0.pdb,copy,85266,9721b1b5b2c613d6d5432cfa7f60a2902a682f642a45021bd6fc25bc3e183200,ok
C:\Users\nader\Downloads\calon_ukb_pipeline\alphafold\foldx\lpa\WT_LPA_KIV78_5_1.pdb,D:\CALON_FH_PORTABLE\assets\alphafold\foldx\lpa\WT_LPA_KIV78_5_1.pdb,copy,85266,4f7cd2ff942ccb5ad68259ec565417f602f33501d80c7520ce2f01ae6e53ccd2,ok
C:\Users\nader\Downloads\calon_ukb_pipeline\alphafold\foldx\lpa\WT_LPA_KIV78_5_2.pdb,D:\CALON_FH_PORTABLE\assets\alphafold\foldx\lpa\WT_LPA_KIV78_5_2.pdb,copy,85266,e8f9aad815c5c1fcdd05fe4d416153780d6eb7e57b072a068584ed1e9b7413e8,ok
C:\Users\nader\Downloads\calon_ukb_pipeline\alphafold\foldx\lpa\WT_LPA_KIV78_6_0.pdb,D:\CALON_FH_PORTABLE\assets\alphafold\foldx\lpa\WT_LPA_KIV78_6_0.pdb,copy,85266,0118e6be93a56b2702799c7798edec4a8c0bb133cd5b2a79ed33cd6a6bb54701,ok
C:\Users\nader\Downloads\calon_ukb_pipeline\alphafold\foldx\lpa\WT_LPA_KIV78_6_1.pdb,D:\CALON_FH_PORTABLE\assets\alphafold\foldx\lpa\WT_LPA_KIV78_6_1.pdb,copy,85266,2e9816ff5947456bd507d3a58bb52944872922849db533952ef8f5f586df886f,ok
C:\Users\nader\Downloads\calon_ukb_pipeline\alphafold\foldx\lpa\WT_LPA_KIV78_6_2.pdb,D:\CALON_FH_PORTABLE\assets\alphafold\foldx\lpa\WT_LPA_KIV78_6_2.pdb,copy,85266,341b5bb3addf7a6a9b40bdc0779d0d167ecd67fc38de77d3395b92b6d82569f6,ok
C:\Users\nader\Downloads\calon_ukb_pipeline\alphafold\structures\lpa\figure1\terms_of_use.md,D:\CALON_FH_PORTABLE\docs_md\alphafold\structures\lpa\figure1\terms_of_use.md,copy,7458,1ae90834413742f5185041af2e1bc7982321e2938b3b0c5367e00edd34c61df4,ok
C:\Users\nader\Downloads\calon_ukb_pipeline\alphafold\structures\lpa\figure1\fig1a_ldlr_apoa_kiv10_complex\fold_fig1a_ldlr_apoa_kiv10_complex_full_data_0.json,D:\CALON_FH_PORTABLE\assets\alphafold\structures\lpa\figure1\fig1a_ldlr_apoa_kiv10_complex\fold_fig1a_ldlr_apoa_kiv10_complex_full_data_0.json,copy,5196886,974ff7e97b55b69f8cd0661fb298b6ba5fc19d38725f9c83954af1b0a78b3898,ok
C:\Users\nader\Downloads\calon_ukb_pipeline\alphafold\structures\lpa\figure1\fig1a_ldlr_apoa_kiv10_complex\fold_fig1a_ldlr_apoa_kiv10_complex_full_data_1.json,D:\CALON_FH_PORTABLE\assets\alphafold\structures\lpa\figure1\fig1a_ldlr_apoa_kiv10_complex\fold_fig1a_ldlr_apoa_kiv10_complex_full_data_1.json,copy,5197405,22b7d020342350e65ed842bf53897b789d6e50474928b61fd706019375a7197d,ok
C:\Users\nader\Downloads\calon_ukb_pipeline\alphafold\structures\lpa\figure1\fig1a_ldlr_apoa_kiv10_complex\fold_fig1a_ldlr_apoa_kiv10_complex_full_data_2.json,D:\CALON_FH_PORTABLE\assets\alphafold\structures\lpa\figure1\fig1a_ldlr_apoa_kiv10_complex\fold_fig1a_ldlr_apoa_kiv10_complex_full_data_2.json,copy,5197068,ac8e540c559f90ad3025669fcbf989536cd703424834c5195866a747e387ade8,ok
C:\Users\nader\Downloads\calon_ukb_pipeline\alphafold\structures\lpa\figure1\fig1a_ldlr_apoa_kiv10_complex\fold_fig1a_ldlr_apoa_kiv10_complex_full_data_3.json,D:\CALON_FH_PORTABLE\assets\alphafold\structures\lpa\figure1\fig1a_ldlr_apoa_kiv10_complex\fold_fig1a_ldlr_apoa_kiv10_complex_full_data_3.json,copy,5198380,a025ac9a14126c2160ec1216ccb0c923763fee7848135fb3756781f22dba42f7,ok
C:\Users\nader\Downloads\calon_ukb_pipeline\alphafold\structures\lpa\figure1\fig1a_ldlr_apoa_kiv10_complex\fold_fig1a_ldlr_apoa_kiv10_complex_full_data_4.json,D:\CALON_FH_PORTABLE\assets\alphafold\structures\lpa\figure1\fig1a_ldlr_apoa_kiv10_complex\fold_fig1a_ldlr_apoa_kiv10_complex_full_data_4.json,copy,5197956,229f5b7560db53aa6024be0c7c35f0c5b48e968b4a635ecef2d67efad8e8913e,ok
C:\Users\nader\Downloads\calon_ukb_pipeline\alphafold\structures\lpa\figure1\fig1a_ldlr_apoa_kiv10_complex\fold_fig1a_ldlr_apoa_kiv10_complex_job_request.json,D:\CALON_FH_PORTABLE\assets\alphafold\structures\lpa\figure1\fig1a_ldlr_apoa_kiv10_complex\fold_fig1a_ldlr_apoa_kiv10_complex_job_request.json,copy,1109,ff28cbd84bf2a0df74a91e83c530017a7b19cf0f6eb4bab3ce3d811398145491,ok
C:\Users\nader\Downloads\calon_ukb_pipeline\alphafold\structures\lpa\figure1\fig1a_ldlr_apoa_kiv10_complex\fold_fig1a_ldlr_apoa_kiv10_complex_model_0.cif,D:\CALON_FH_PORTABLE\assets\alphafold\structures\lpa\figure1\fig1a_ldlr_apoa_kiv10_complex\fold_fig1a_ldlr_apoa_kiv10_complex_model_0.cif,copy,485134,d17697059e1afd9a882bc6e2a0cfa5e4bbe5ac55950b2e2ce7df523ac00a0775,ok
C:\Users\nader\Downloads\calon_ukb_pipeline\alphafold\structures\lpa\figure1\fig1a_ldlr_apoa_kiv10_complex\fold_fig1a_ldlr_apoa_kiv10_complex_model_1.cif,D:\CALON_FH_PORTABLE\assets\alphafold\structures\lpa\figure1\fig1a_ldlr_apoa_kiv10_complex\fold_fig1a_ldlr_apoa_kiv10_complex_model_1.cif,copy,485134,de76f73f825358cd61ab49fd654c2c6426cd0186a229d411e83cda547ea1ba11,ok
C:\Users\nader\Downloads\calon_ukb_pipeline\alphafold\structures\lpa\figure1\fig1a_ldlr_apoa_kiv10_complex\fold_fig1a_ldlr_apoa_kiv10_complex_model_2.cif,D:\CALON_FH_PORTABLE\assets\alphafold\structures\lpa\figure1\fig1a_ldlr_apoa_kiv10_complex\fold_fig1a_ldlr_apoa_kiv10_complex_model_2.cif,copy,485134,05cd2552d0b3d23791acd0810f949f002fae5f7dab556dba8d53d27f743a5e52,ok
C:\Users\nader\Downloads\calon_ukb_pipeline\alphafold\structures\lpa\figure1\fig1a_ldlr_apoa_kiv10_complex\fold_fig1a_ldlr_apoa_kiv10_complex_model_3.cif,D:\CALON_FH_PORTABLE\assets\alphafold\structures\lpa\figure1\fig1a_ldlr_apoa_kiv10_complex\fold_fig1a_ldlr_apoa_kiv10_complex_model_3.cif,copy,485134,40ac06617fb45840bb6bf6993919602db4df92ddd7fffab5df81125fbbad664d,ok
C:\Users\nader\Downloads\calon_ukb_pipeline\alphafold\structures\lpa\figure1\fig1a_ldlr_apoa_kiv10_complex\fold_fig1a_ldlr_apoa_kiv10_complex_model_4.cif,D:\CALON_FH_PORTABLE\assets\alphafold\structures\lpa\figure1\fig1a_ldlr_apoa_kiv10_complex\fold_fig1a_ldlr_apoa_kiv10_complex_model_4.cif,copy,485134,00c890c753316cb7e0ff348a0def4d04ff7b39fa1821e92556d48b0beaf9605c,ok
C:\Users\nader\Downloads\calon_ukb_pipeline\alphafold\structures\lpa\figure1\fig1a_ldlr_apoa_kiv10_complex\fold_fig1a_ldlr_apoa_kiv10_complex_summary_confidences_0.json,D:\CALON_FH_PORTABLE\assets\alphafold\structures\lpa\figure1\fig1a_ldlr_apoa_kiv10_complex\fold_fig1a_ldlr_apoa_kiv10_complex_summary_confidences_0.json,copy,357,66819bfa469446a06abdb067feac7e0be0b5a28970437d4efe8483ea2b8ff93c,ok
C:\Users\nader\Downloads\calon_ukb_pipeline\alphafold\structures\lpa\figure1\fig1a_ldlr_apoa_kiv10_complex\fold_fig1a_ldlr_apoa_kiv10_complex_summary_confidences_1.json,D:\CALON_FH_PORTABLE\assets\alphafold\structures\lpa\figure1\fig1a_ldlr_apoa_kiv10_complex\fold_fig1a_ldlr_apoa_kiv10_complex_summary_confidences_1.json,copy,357,a4d944ae5b7e72f9b4a32bb9ff275ec07266a4148ec0042162b8e3c64406c1ff,ok
C:\Users\nader\Downloads\calon_ukb_pipeline\alphafold\structures\lpa\figure1\fig1a_ldlr_apoa_kiv10_complex\fold_fig1a_ldlr_apoa_kiv10_complex_summary_confidences_2.json,D:\CALON_FH_PORTABLE\assets\alphafold\structures\lpa\figure1\fig1a_ldlr_apoa_kiv10_complex\fold_fig1a_ldlr_apoa_kiv10_complex_summary_confidences_2.json,copy,357,441d99a2d69c7f4ca5dfd68ad85415232006298331ff708473848501b614099e,ok
C:\Users\nader\Downloads\calon_ukb_pipeline\alphafold\structures\lpa\figure1\fig1a_ldlr_apoa_kiv10_complex\fold_fig1a_ldlr_apoa_kiv10_complex_summary_confidences_3.json,D:\CALON_FH_PORTABLE\assets\alphafold\structures\lpa\figure1\fig1a_ldlr_apoa_kiv10_complex\fold_fig1a_ldlr_apoa_kiv10_complex_summary_confidences_3.json,copy,357,44f023f5e8b5d45a7298c428777a0da2a381906eae641639c6d27e070f7089ad,ok
C:\Users\nader\Downloads\calon_ukb_pipeline\alphafold\structures\lpa\figure1\fig1a_ldlr_apoa_kiv10_complex\fold_fig1a_ldlr_apoa_kiv10_complex_summary_confidences_4.json,D:\CALON_FH_PORTABLE\assets\alphafold\structures\lpa\figure1\fig1a_ldlr_apoa_kiv10_complex\fold_fig1a_ldlr_apoa_kiv10_complex_summary_confidences_4.json,copy,356,aca342b4e7085b444e129b209f4c32e29d0b91539c27e5a099b925e264d633c9,ok
C:\Users\nader\Downloads\calon_ukb_pipeline\alphafold\structures\lpa\figure1\fig1a_ldlr_apoa_kiv10_complex\msas\fold_fig1a_ldlr_apoa_kiv10_complex_paired_msa_chains_a.a3m,D:\CALON_FH_PORTABLE\assets\alphafold\structures\lpa\figure1\fig1a_ldlr_apoa_kiv10_complex\msas\fold_fig1a_ldlr_apoa_kiv10_complex_paired_msa_chains_a.a3m,copy,42600059,e8ec00367514ca4ce7709b023b2dc2ec84fcc03203f72b1d95228a86a187da84,ok
C:\Users\nader\Downloads\calon_ukb_pipeline\alphafold\structures\lpa\figure1\fig1a_ldlr_apoa_kiv10_complex\msas\fold_fig1a_ldlr_apoa_kiv10_complex_paired_msa_chains_b.a3m,D:\CALON_FH_PORTABLE\assets\alphafold\structures\lpa\figure1\fig1a_ldlr_apoa_kiv10_complex\msas\fold_fig1a_ldlr_apoa_kiv10_complex_paired_msa_chains_b.a3m,copy,74,6daf3b37da864ac49c67265800f3b180298c273cd4a59354777f26dfdedb9551,ok
C:\Users\nader\Downloads\calon_ukb_pipeline\alphafold\structures\lpa\figure1\fig1a_ldlr_apoa_kiv10_complex\msas\fold_fig1a_ldlr_apoa_kiv10_complex_unpaired_msa_chains_a.a3m,D:\CALON_FH_PORTABLE\assets\alphafold\structures\lpa\figure1\fig1a_ldlr_apoa_kiv10_complex\msas\fold_fig1a_ldlr_apoa_kiv10_complex_unpaired_msa_chains_a.a3m,copy,13902174,3d727863ab63dd6c7979e0320e9c5b18961a72e43ffee81445986a6fcaa0fcb7,ok
C:\Users\nader\Downloads\calon_ukb_pipeline\alphafold\structures\lpa\figure1\fig1a_ldlr_apoa_kiv10_complex\msas\fold_fig1a_ldlr_apoa_kiv10_complex_unpaired_msa_chains_b.a3m,D:\CALON_FH_PORTABLE\assets\alphafold\structures\lpa\figure1\fig1a_ldlr_apoa_kiv10_complex\msas\fold_fig1a_ldlr_apoa_kiv10_complex_unpaired_msa_chains_b.a3m,copy,554,02df2d1251057c5183fad68e7a07bf17ffd48da4c51636737f6a0b44d7116b01,ok
C:\Users\nader\Downloads\calon_ukb_pipeline\alphafold\structures\lpa\figure1\fig1a_ldlr_apoa_kiv10_complex\templates\fold_fig1a_ldlr_apoa_kiv10_complex_template_hits_chains_a_query_to_hit.json,D:\CALON_FH_PORTABLE\assets\alphafold\structures\lpa\figure1\fig1a_ldlr_apoa_kiv10_complex\templates\fold_fig1a_ldlr_apoa_kiv10_complex_template_hits_chains_a_query_to_hit.json,copy,22831,c730b4ac07b03e2a19d47c1af1765aebf275c1f2cc3a23629970f660cfbff65c,ok
C:\Users\nader\Downloads\calon_ukb_pipeline\alphafold\structures\lpa\figure1\fig1a_ldlr_apoa_kiv10_complex\templates\fold_fig1a_ldlr_apoa_kiv10_complex_template_hits_chains_b_query_to_hit.json,D:\CALON_FH_PORTABLE\assets\alphafold\structures\lpa\figure1\fig1a_ldlr_apoa_kiv10_complex\templates\fold_fig1a_ldlr_apoa_kiv10_complex_template_hits_chains_b_query_to_hit.json,copy,2002,de6858132986d7d081c9b90da78859abe1aca537aa5bdf11ab6c547f0a93cdce,ok
C:\Users\nader\Downloads\calon_ukb_pipeline\alphafold\structures\lpa\figure1\fig1a_ldlr_apoa_kiv10_complex\templates\fold_fig1a_ldlr_apoa_kiv10_complex_template_hit_0_chains_a.cif,D:\CALON_FH_PORTABLE\assets\alphafold\structures\lpa\figure1\fig1a_ldlr_apoa_kiv10_complex\templates\fold_fig1a_ldlr_apoa_kiv10_complex_template_hit_0_chains_a.cif,copy,425863,74325fc9672e929f3f75b497eeb66cdcdea4c75d441514d583d62348196512ac,ok
C:\Users\nader\Downloads\calon_ukb_pipeline\alphafold\structures\lpa\figure1\fig1a_ldlr_apoa_kiv10_complex\templates\fold_fig1a_ldlr_apoa_kiv10_complex_template_hit_0_chains_b.cif,D:\CALON_FH_PORTABLE\assets\alphafold\structures\lpa\figure1\fig1a_ldlr_apoa_kiv10_complex\templates\fold_fig1a_ldlr_apoa_kiv10_complex_template_hit_0_chains_b.cif,copy,244851,15c9467d125099fc5c0f96366e00dea8b3a00f103ffdee5140cbd8ac29098271,ok
C:\Users\nader\Downloads\calon_ukb_pipeline\alphafold\structures\lpa\figure1\fig1a_ldlr_apoa_kiv10_complex\templates\fold_fig1a_ldlr_apoa_kiv10_complex_template_hit_1_chains_a.cif,D:\CALON_FH_PORTABLE\assets\alphafold\structures\lpa\figure1\fig1a_ldlr_apoa_kiv10_complex\templates\fold_fig1a_ldlr_apoa_kiv10_complex_template_hit_1_chains_a.cif,copy,414254,d61d15308953bbed9977abbebae827a38131806cb7eac8c1c44be6f90d54a15e,ok
C:\Users\nader\Downloads\calon_ukb_pipeline\alphafold\structures\lpa\figure1\fig1a_ldlr_apoa_kiv10_complex\templates\fold_fig1a_ldlr_apoa_kiv10_complex_template_hit_1_chains_b.cif,D:\CALON_FH_PORTABLE\assets\alphafold\structures\lpa\figure1\fig1a_ldlr_apoa_kiv10_complex\templates\fold_fig1a_ldlr_apoa_kiv10_complex_template_hit_1_chains_b.cif,copy,140309,ee9490339570976aa7a71094396bab829fd637ff55c579484cf1bd15b9e8b6ae,ok
C:\Users\nader\Downloads\calon_ukb_pipeline\alphafold\structures\lpa\figure1\fig1a_ldlr_apoa_kiv10_complex\templates\fold_fig1a_ldlr_apoa_kiv10_complex_template_hit_2_chains_a.cif,D:\CALON_FH_PORTABLE\assets\alphafold\structures\lpa\figure1\fig1a_ldlr_apoa_kiv10_complex\templates\fold_fig1a_ldlr_apoa_kiv10_complex_template_hit_2_chains_a.cif,copy,414254,d61d15308953bbed9977abbebae827a38131806cb7eac8c1c44be6f90d54a15e,ok
C:\Users\nader\Downloads\calon_ukb_pipeline\alphafold\structures\lpa\figure1\fig1a_ldlr_apoa_kiv10_complex\templates\fold_fig1a_ldlr_apoa_kiv10_complex_template_hit_2_chains_b.cif,D:\CALON_FH_PORTABLE\assets\alphafold\structures\lpa\figure1\fig1a_ldlr_apoa_kiv10_complex\templates\fold_fig1a_ldlr_apoa_kiv10_complex_template_hit_2_chains_b.cif,copy,160890,8c899aaf1a2fd70478284ba99025704d8feef33c144cd3e1cb18aea71b8361cd,ok
C:\Users\nader\Downloads\calon_ukb_pipeline\alphafold\structures\lpa\figure1\fig1a_ldlr_apoa_kiv10_complex\templates\fold_fig1a_ldlr_apoa_kiv10_complex_template_hit_3_chains_a.cif,D:\CALON_FH_PORTABLE\assets\alphafold\structures\lpa\figure1\fig1a_ldlr_apoa_kiv10_complex\templates\fold_fig1a_ldlr_apoa_kiv10_complex_template_hit_3_chains_a.cif,copy,425063,c15eae627e7c0322c2b76163d2f53b13b041643a206a49636e62345a21a0ff4f,ok
C:\Users\nader\Downloads\calon_ukb_pipeline\alphafold\structures\lpa\figure1\fig1a_ldlr_apoa_kiv10_complex\templates\fold_fig1a_ldlr_apoa_kiv10_complex_template_hit_3_chains_b.cif,D:\CALON_FH_PORTABLE\assets\alphafold\structures\lpa\figure1\fig1a_ldlr_apoa_kiv10_complex\templates\fold_fig1a_ldlr_apoa_kiv10_complex_template_hit_3_chains_b.cif,copy,258744,d2941847d11f33b4c955a2939d14012aae8530dd13341d6c884e965d9c09e178,ok
C:\Users\nader\Downloads\calon_ukb_pipeline\alphafold\structures\lpa\figure1\fig1b_ldlr_apob_rbd_complex\fold_fig1b_ldlr_apob_rbd_complex_job_request.json,D:\CALON_FH_PORTABLE\assets\alphafold\structures\lpa\figure1\fig1b_ldlr_apob_rbd_complex\fold_fig1b_ldlr_apob_rbd_complex_job_request.json,copy,1065,b5a5ad8bfee1b86a0ca3c14a3552d1bedd997d65006a534cabe56d22647bbd50,ok
C:\Users\nader\Downloads\calon_ukb_pipeline\alphafold\structures\lpa\figure1\fig1b_ldlr_apob_rbd_complex\msas\fold_fig1b_ldlr_apob_rbd_complex_paired_msa_chains_a.a3m,D:\CALON_FH_PORTABLE\assets\alphafold\structures\lpa\figure1\fig1b_ldlr_apob_rbd_complex\msas\fold_fig1b_ldlr_apob_rbd_complex_paired_msa_chains_a.a3m,copy,458752,4df9b599d3ae6af65e262b1876c24a8e9257635c4959b6f9731f5a2749526e23,ok
C:\Users\nader\Downloads\calon_ukb_pipeline\alphafold\structures\lpa\figure1\fig1b_ldlr_apob_rbd_complex\msas\fold_fig1b_ldlr_apob_rbd_complex_paired_msa_chains_b.a3m,D:\CALON_FH_PORTABLE\assets\alphafold\structures\lpa\figure1\fig1b_ldlr_apob_rbd_complex\msas\fold_fig1b_ldlr_apob_rbd_complex_paired_msa_chains_b.a3m,copy,42597,e9b16df8caaaf821c230bf3bb1c6bcb29df85e4d30a7a51c0b8a54995613ad43,ok
C:\Users\nader\Downloads\calon_ukb_pipeline\alphafold\structures\lpa\figure1\fig1b_v2\fold_fig1b_ldlr_apob_rbd_v2_full_data_0.json,D:\CALON_FH_PORTABLE\assets\alphafold\structures\lpa\figure1\fig1b_v2\fold_fig1b_ldlr_apob_rbd_v2_full_data_0.json,copy,9635209,7c92cb421c639ded7fd5e41f16e2661ce0d951e5b870db2ccfd2895ddf06df31,ok
C:\Users\nader\Downloads\calon_ukb_pipeline\alphafold\structures\lpa\figure1\fig1b_v2\fold_fig1b_ldlr_apob_rbd_v2_full_data_1.json,D:\CALON_FH_PORTABLE\assets\alphafold\structures\lpa\figure1\fig1b_v2\fold_fig1b_ldlr_apob_rbd_v2_full_data_1.json,copy,9635684,7fead597b4a9437e2cd1b5885fed7423194ff3b918c785ed9559560be97e73ec,ok
C:\Users\nader\Downloads\calon_ukb_pipeline\alphafold\structures\lpa\figure1\fig1b_v2\fold_fig1b_ldlr_apob_rbd_v2_full_data_2.json,D:\CALON_FH_PORTABLE\assets\alphafold\structures\lpa\figure1\fig1b_v2\fold_fig1b_ldlr_apob_rbd_v2_full_data_2.json,copy,9635562,5ca889a2b34aa01496c80ab66b9877ca0ae2fa8dcac7ff495d072f6876063018,ok
C:\Users\nader\Downloads\calon_ukb_pipeline\alphafold\structures\lpa\figure1\fig1b_v2\fold_fig1b_ldlr_apob_rbd_v2_full_data_3.json,D:\CALON_FH_PORTABLE\assets\alphafold\structures\lpa\figure1\fig1b_v2\fold_fig1b_ldlr_apob_rbd_v2_full_data_3.json,copy,9636145,11e146b03d34bdab3faf2308e83960ac80ec416925f45e8613b06e66f20a12a4,ok
C:\Users\nader\Downloads\calon_ukb_pipeline\alphafold\structures\lpa\figure1\fig1b_v2\fold_fig1b_ldlr_apob_rbd_v2_full_data_4.json,D:\CALON_FH_PORTABLE\assets\alphafold\structures\lpa\figure1\fig1b_v2\fold_fig1b_ldlr_apob_rbd_v2_full_data_4.json,copy,9635380,6201636be6025914d65742657d3a3abab12883d430c9ac00134ce312be5bee5b,ok
C:\Users\nader\Downloads\calon_ukb_pipeline\alphafold\structures\lpa\figure1\fig1b_v2\fold_fig1b_ldlr_apob_rbd_v2_job_request.json,D:\CALON_FH_PORTABLE\assets\alphafold\structures\lpa\figure1\fig1b_v2\fold_fig1b_ldlr_apob_rbd_v2_job_request.json,copy,1373,3aa726318dda29b5484edd5044fbe5a94606fce2359503d865b6dd9330fc79e9,ok
C:\Users\nader\Downloads\calon_ukb_pipeline\alphafold\structures\lpa\figure1\fig1b_v2\fold_fig1b_ldlr_apob_rbd_v2_model_0.cif,D:\CALON_FH_PORTABLE\assets\alphafold\structures\lpa\figure1\fig1b_v2\fold_fig1b_ldlr_apob_rbd_v2_model_0.cif,copy,663554,dbda297a4bec05c2418cf5bbea2a0452f35e4a1034b34d13b2e479f1d8dfd8cc,ok
C:\Users\nader\Downloads\calon_ukb_pipeline\alphafold\structures\lpa\figure1\fig1b_v2\fold_fig1b_ldlr_apob_rbd_v2_model_1.cif,D:\CALON_FH_PORTABLE\assets\alphafold\structures\lpa\figure1\fig1b_v2\fold_fig1b_ldlr_apob_rbd_v2_model_1.cif,copy,663554,1f87f00f9596cec1854408435bbc47c309d44e3a79e5da273921d9bd7aa66015,ok
C:\Users\nader\Downloads\calon_ukb_pipeline\alphafold\structures\lpa\figure1\fig1b_v2\fold_fig1b_ldlr_apob_rbd_v2_model_2.cif,D:\CALON_FH_PORTABLE\assets\alphafold\structures\lpa\figure1\fig1b_v2\fold_fig1b_ldlr_apob_rbd_v2_model_2.cif,copy,663554,f2f45582a0ab72b9926185d34c22b3b8fa83e4716d2adacbed30534903e67bae,ok
C:\Users\nader\Downloads\calon_ukb_pipeline\alphafold\structures\lpa\figure1\fig1b_v2\fold_fig1b_ldlr_apob_rbd_v2_model_3.cif,D:\CALON_FH_PORTABLE\assets\alphafold\structures\lpa\figure1\fig1b_v2\fold_fig1b_ldlr_apob_rbd_v2_model_3.cif,copy,663554,8161307fd9ec6cb9e6ec4006d4dbe73d02cc5e7bcd664f35e8fc7e418eee030b,ok
C:\Users\nader\Downloads\calon_ukb_pipeline\alphafold\structures\lpa\figure1\fig1b_v2\fold_fig1b_ldlr_apob_rbd_v2_model_4.cif,D:\CALON_FH_PORTABLE\assets\alphafold\structures\lpa\figure1\fig1b_v2\fold_fig1b_ldlr_apob_rbd_v2_model_4.cif,copy,663554,b17e567703af6c5c445235a74142cc4686c6a66aba2e50a19b8b35a0f16e67db,ok
C:\Users\nader\Downloads\calon_ukb_pipeline\alphafold\structures\lpa\figure1\fig1b_v2\fold_fig1b_ldlr_apob_rbd_v2_summary_confidences_0.json,D:\CALON_FH_PORTABLE\assets\alphafold\structures\lpa\figure1\fig1b_v2\fold_fig1b_ldlr_apob_rbd_v2_summary_confidences_0.json,copy,357,1cbb39471388de29456a54200416f75d9e85d263bb9c7bc5eba27d908008f21f,ok
C:\Users\nader\Downloads\calon_ukb_pipeline\alphafold\structures\lpa\figure1\fig1b_v2\fold_fig1b_ldlr_apob_rbd_v2_summary_confidences_1.json,D:\CALON_FH_PORTABLE\assets\alphafold\structures\lpa\figure1\fig1b_v2\fold_fig1b_ldlr_apob_rbd_v2_summary_confidences_1.json,copy,357,b21698d6a0466aeab69bdb0346e0f18bec4bb2537ff1ec2b079b134982a546d3,ok
C:\Users\nader\Downloads\calon_ukb_pipeline\alphafold\structures\lpa\figure1\fig1b_v2\fold_fig1b_ldlr_apob_rbd_v2_summary_confidences_2.json,D:\CALON_FH_PORTABLE\assets\alphafold\structures\lpa\figure1\fig1b_v2\fold_fig1b_ldlr_apob_rbd_v2_summary_confidences_2.json,copy,357,72b39c1143f4973113fd9877d115bfd5b0928a956b7a75de80217d8256b89eb8,ok
C:\Users\nader\Downloads\calon_ukb_pipeline\alphafold\structures\lpa\figure1\fig1b_v2\fold_fig1b_ldlr_apob_rbd_v2_summary_confidences_3.json,D:\CALON_FH_PORTABLE\assets\alphafold\structures\lpa\figure1\fig1b_v2\fold_fig1b_ldlr_apob_rbd_v2_summary_confidences_3.json,copy,355,871e0fa65417693b2b0a8d87b1517854c56cafe632bfb5923fbd282189fd8c89,ok
C:\Users\nader\Downloads\calon_ukb_pipeline\alphafold\structures\lpa\figure1\fig1b_v2\fold_fig1b_ldlr_apob_rbd_v2_summary_confidences_4.json,D:\CALON_FH_PORTABLE\assets\alphafold\structures\lpa\figure1\fig1b_v2\fold_fig1b_ldlr_apob_rbd_v2_summary_confidences_4.json,copy,353,0f5f3f4387a4196933348a61949b6aadb8a8f0afe7464df7c749dac054e79a7f,ok
C:\Users\nader\Downloads\calon_ukb_pipeline\alphafold\structures\lpa\figure1\fig1b_v2\terms_of_use.md,D:\CALON_FH_PORTABLE\docs_md\alphafold\structures\lpa\figure1\fig1b_v2\terms_of_use.md,copy,7458,1ae90834413742f5185041af2e1bc7982321e2938b3b0c5367e00edd34c61df4,ok
C:\Users\nader\Downloads\calon_ukb_pipeline\alphafold\structures\lpa\figure1\fig1b_v2\msas\fold_fig1b_ldlr_apob_rbd_v2_paired_msa_chains_a.a3m,D:\CALON_FH_PORTABLE\assets\alphafold\structures\lpa\figure1\fig1b_v2\msas\fold_fig1b_ldlr_apob_rbd_v2_paired_msa_chains_a.a3m,copy,42600059,e8ec00367514ca4ce7709b023b2dc2ec84fcc03203f72b1d95228a86a187da84,ok
C:\Users\nader\Downloads\calon_ukb_pipeline\alphafold\structures\lpa\figure1\fig1b_v2\msas\fold_fig1b_ldlr_apob_rbd_v2_paired_msa_chains_b.a3m,D:\CALON_FH_PORTABLE\assets\alphafold\structures\lpa\figure1\fig1b_v2\msas\fold_fig1b_ldlr_apob_rbd_v2_paired_msa_chains_b.a3m,copy,434464,a2d489aee2c85eee291efd0e03ebc87695eb4d500803a7ba1e7bf8ec3a292de2,ok
C:\Users\nader\Downloads\calon_ukb_pipeline\alphafold\structures\lpa\figure1\fig1b_v2\msas\fold_fig1b_ldlr_apob_rbd_v2_unpaired_msa_chains_a.a3m,D:\CALON_FH_PORTABLE\assets\alphafold\structures\lpa\figure1\fig1b_v2\msas\fold_fig1b_ldlr_apob_rbd_v2_unpaired_msa_chains_a.a3m,copy,13902174,3d727863ab63dd6c7979e0320e9c5b18961a72e43ffee81445986a6fcaa0fcb7,ok
C:\Users\nader\Downloads\calon_ukb_pipeline\alphafold\structures\lpa\figure1\fig1b_v2\msas\fold_fig1b_ldlr_apob_rbd_v2_unpaired_msa_chains_b.a3m,D:\CALON_FH_PORTABLE\assets\alphafold\structures\lpa\figure1\fig1b_v2\msas\fold_fig1b_ldlr_apob_rbd_v2_unpaired_msa_chains_b.a3m,copy,126912,b877bb40ac841bbae91377e9ec27c1e793e1d964e7131c77f25b196a7fde8d08,ok
C:\Users\nader\Downloads\calon_ukb_pipeline\alphafold\structures\lpa\figure1\fig1b_v2\templates\fold_fig1b_ldlr_apob_rbd_v2_template_hits_chains_a_query_to_hit.json,D:\CALON_FH_PORTABLE\assets\alphafold\structures\lpa\figure1\fig1b_v2\templates\fold_fig1b_ldlr_apob_rbd_v2_template_hits_chains_a_query_to_hit.json,copy,22803,d7a97437ed5ae7e7947a98166a234b49c86a094aaa4620366a12aa2993b47f8e,ok
C:\Users\nader\Downloads\calon_ukb_pipeline\alphafold\structures\lpa\figure1\fig1b_v2\templates\fold_fig1b_ldlr_apob_rbd_v2_template_hits_chains_b_query_to_hit.json,D:\CALON_FH_PORTABLE\assets\alphafold\structures\lpa\figure1\fig1b_v2\templates\fold_fig1b_ldlr_apob_rbd_v2_template_hits_chains_b_query_to_hit.json,copy,4049,921c2dcdd001f6d850306b93e236786cb0db6819a432f3ffd856db7d9ceeed5d,ok
C:\Users\nader\Downloads\calon_ukb_pipeline\alphafold\structures\lpa\figure1\fig1b_v2\templates\fold_fig1b_ldlr_apob_rbd_v2_template_hit_0_chains_a.cif,D:\CALON_FH_PORTABLE\assets\alphafold\structures\lpa\figure1\fig1b_v2\templates\fold_fig1b_ldlr_apob_rbd_v2_template_hit_0_chains_a.cif,copy,425863,74325fc9672e929f3f75b497eeb66cdcdea4c75d441514d583d62348196512ac,ok
C:\Users\nader\Downloads\calon_ukb_pipeline\alphafold\structures\lpa\figure1\fig1b_v2\templates\fold_fig1b_ldlr_apob_rbd_v2_template_hit_0_chains_b.cif,D:\CALON_FH_PORTABLE\assets\alphafold\structures\lpa\figure1\fig1b_v2\templates\fold_fig1b_ldlr_apob_rbd_v2_template_hit_0_chains_b.cif,copy,218673,da0c9e11e5b2d219073dff6a6e127322f24bbd9b5f3dbe32aadc18df7c43216f,ok
C:\Users\nader\Downloads\calon_ukb_pipeline\alphafold\structures\lpa\figure1\fig1b_v2\templates\fold_fig1b_ldlr_apob_rbd_v2_template_hit_1_chains_a.cif,D:\CALON_FH_PORTABLE\assets\alphafold\structures\lpa\figure1\fig1b_v2\templates\fold_fig1b_ldlr_apob_rbd_v2_template_hit_1_chains_a.cif,copy,414254,d61d15308953bbed9977abbebae827a38131806cb7eac8c1c44be6f90d54a15e,ok
C:\Users\nader\Downloads\calon_ukb_pipeline\alphafold\structures\lpa\figure1\fig1b_v2\templates\fold_fig1b_ldlr_apob_rbd_v2_template_hit_1_chains_b.cif,D:\CALON_FH_PORTABLE\assets\alphafold\structures\lpa\figure1\fig1b_v2\templates\fold_fig1b_ldlr_apob_rbd_v2_template_hit_1_chains_b.cif,copy,226768,24d9885e1502d5c83cf90b84c9a884b5f387287c703a770c71b6399d3403dd66,ok
C:\Users\nader\Downloads\calon_ukb_pipeline\alphafold\structures\lpa\figure1\fig1b_v2\templates\fold_fig1b_ldlr_apob_rbd_v2_template_hit_2_chains_a.cif,D:\CALON_FH_PORTABLE\assets\alphafold\structures\lpa\figure1\fig1b_v2\templates\fold_fig1b_ldlr_apob_rbd_v2_template_hit_2_chains_a.cif,copy,414254,d61d15308953bbed9977abbebae827a38131806cb7eac8c1c44be6f90d54a15e,ok
C:\Users\nader\Downloads\calon_ukb_pipeline\alphafold\structures\lpa\figure1\fig1b_v2\templates\fold_fig1b_ldlr_apob_rbd_v2_template_hit_2_chains_b.cif,D:\CALON_FH_PORTABLE\assets\alphafold\structures\lpa\figure1\fig1b_v2\templates\fold_fig1b_ldlr_apob_rbd_v2_template_hit_2_chains_b.cif,copy,74859,5fca96662a6a86b3a1054061326d6e232253e75688f11b3d9d883091810ebd5e,ok
C:\Users\nader\Downloads\calon_ukb_pipeline\alphafold\structures\lpa\figure1\fig1b_v2\templates\fold_fig1b_ldlr_apob_rbd_v2_template_hit_3_chains_a.cif,D:\CALON_FH_PORTABLE\assets\alphafold\structures\lpa\figure1\fig1b_v2\templates\fold_fig1b_ldlr_apob_rbd_v2_template_hit_3_chains_a.cif,copy,425063,c15eae627e7c0322c2b76163d2f53b13b041643a206a49636e62345a21a0ff4f,ok
C:\Users\nader\Downloads\calon_ukb_pipeline\alphafold\structures\lpa\figure1\fig1b_v2\templates\fold_fig1b_ldlr_apob_rbd_v2_template_hit_3_chains_b.cif,D:\CALON_FH_PORTABLE\assets\alphafold\structures\lpa\figure1\fig1b_v2\templates\fold_fig1b_ldlr_apob_rbd_v2_template_hit_3_chains_b.cif,copy,129126,38497f6367dbf400895188b64b6b850d1d193b7474b0e36767f5d7cc23d90306,ok
C:\Users\nader\Downloads\calon_ukb_pipeline\alphafold\structures\lpa\figure1\fig1c_ldlr_pcsk9_complex\fold_fig1c_ldlr_pcsk9_complex_full_data_0.json,D:\CALON_FH_PORTABLE\assets\alphafold\structures\lpa\figure1\fig1c_ldlr_pcsk9_complex\fold_fig1c_ldlr_pcsk9_complex_full_data_0.json,copy,16377836,0f0df4230ba4c677c168c2edb24fd247804bf19caf6c19502aa1d295522f5210,ok
C:\Users\nader\Downloads\calon_ukb_pipeline\alphafold\structures\lpa\figure1\fig1c_ldlr_pcsk9_complex\fold_fig1c_ldlr_pcsk9_complex_full_data_1.json,D:\CALON_FH_PORTABLE\assets\alphafold\structures\lpa\figure1\fig1c_ldlr_pcsk9_complex\fold_fig1c_ldlr_pcsk9_complex_full_data_1.json,copy,16367940,2826055610c942f6f96930ebf9cb5745c23c6a554ad6d32b0c6a4ea3523e25a0,ok
C:\Users\nader\Downloads\calon_ukb_pipeline\alphafold\structures\lpa\figure1\fig1c_ldlr_pcsk9_complex\fold_fig1c_ldlr_pcsk9_complex_full_data_2.json,D:\CALON_FH_PORTABLE\assets\alphafold\structures\lpa\figure1\fig1c_ldlr_pcsk9_complex\fold_fig1c_ldlr_pcsk9_complex_full_data_2.json,copy,16385002,1b0774e372fe827a550167c7c8bedbc597b0f1c749e3d0e1921ee239b65007cf,ok
C:\Users\nader\Downloads\calon_ukb_pipeline\alphafold\structures\lpa\figure1\fig1c_ldlr_pcsk9_complex\fold_fig1c_ldlr_pcsk9_complex_full_data_3.json,D:\CALON_FH_PORTABLE\assets\alphafold\structures\lpa\figure1\fig1c_ldlr_pcsk9_complex\fold_fig1c_ldlr_pcsk9_complex_full_data_3.json,copy,16386853,1b2af7a719cd35e5f9b30a667364653150c40979e4f9ab92fa5edb5b0a4b3d09,ok
C:\Users\nader\Downloads\calon_ukb_pipeline\alphafold\structures\lpa\figure1\fig1c_ldlr_pcsk9_complex\fold_fig1c_ldlr_pcsk9_complex_full_data_4.json,D:\CALON_FH_PORTABLE\assets\alphafold\structures\lpa\figure1\fig1c_ldlr_pcsk9_complex\fold_fig1c_ldlr_pcsk9_complex_full_data_4.json,copy,16389589,95e28d7bc84e96404d5b0b5f64d9ab7f2a6f483ec4ba7399fd0271770580eb36,ok
C:\Users\nader\Downloads\calon_ukb_pipeline\alphafold\structures\lpa\figure1\fig1c_ldlr_pcsk9_complex\fold_fig1c_ldlr_pcsk9_complex_job_request.json,D:\CALON_FH_PORTABLE\assets\alphafold\structures\lpa\figure1\fig1c_ldlr_pcsk9_complex\fold_fig1c_ldlr_pcsk9_complex_job_request.json,copy,1700,b41c137e1edf691243061e4dc7c4995716d6cb281cb2f081035a7213571cca31,ok
C:\Users\nader\Downloads\calon_ukb_pipeline\alphafold\structures\lpa\figure1\fig1c_ldlr_pcsk9_complex\fold_fig1c_ldlr_pcsk9_complex_model_0.cif,D:\CALON_FH_PORTABLE\assets\alphafold\structures\lpa\figure1\fig1c_ldlr_pcsk9_complex\fold_fig1c_ldlr_pcsk9_complex_model_0.cif,copy,859204,940b5cbbd8c5425c1267b07ac470299a53adebec262c7174ba0829f5e4412246,ok
C:\Users\nader\Downloads\calon_ukb_pipeline\alphafold\structures\lpa\figure1\fig1c_ldlr_pcsk9_complex\fold_fig1c_ldlr_pcsk9_complex_model_1.cif,D:\CALON_FH_PORTABLE\assets\alphafold\structures\lpa\figure1\fig1c_ldlr_pcsk9_complex\fold_fig1c_ldlr_pcsk9_complex_model_1.cif,copy,859204,38e658b075464c92d66a7a7f25853c69e10ee052e70d4c51de2125ec412e4683,ok
C:\Users\nader\Downloads\calon_ukb_pipeline\alphafold\structures\lpa\figure1\fig1c_ldlr_pcsk9_complex\fold_fig1c_ldlr_pcsk9_complex_model_2.cif,D:\CALON_FH_PORTABLE\assets\alphafold\structures\lpa\figure1\fig1c_ldlr_pcsk9_complex\fold_fig1c_ldlr_pcsk9_complex_model_2.cif,copy,859204,ccdf153effc66d5ea88b9c478da0ca63b2f6f2b95d24bc69d6b7a1719a17b392,ok
C:\Users\nader\Downloads\calon_ukb_pipeline\alphafold\structures\lpa\figure1\fig1c_ldlr_pcsk9_complex\fold_fig1c_ldlr_pcsk9_complex_model_3.cif,D:\CALON_FH_PORTABLE\assets\alphafold\structures\lpa\figure1\fig1c_ldlr_pcsk9_complex\fold_fig1c_ldlr_pcsk9_complex_model_3.cif,copy,859204,d97c4f04b641c1a5ae6a57498dfddc4e1839dec4b7af1a8e33c1545aabbf1820,ok
C:\Users\nader\Downloads\calon_ukb_pipeline\alphafold\structures\lpa\figure1\fig1c_ldlr_pcsk9_complex\fold_fig1c_ldlr_pcsk9_complex_model_4.cif,D:\CALON_FH_PORTABLE\assets\alphafold\structures\lpa\figure1\fig1c_ldlr_pcsk9_complex\fold_fig1c_ldlr_pcsk9_complex_model_4.cif,copy,859204,3c4a367a28ffdb1d00b4b2e387c736c1bf3346080290863be567579b963f4c09,ok
C:\Users\nader\Downloads\calon_ukb_pipeline\alphafold\structures\lpa\figure1\fig1c_ldlr_pcsk9_complex\fold_fig1c_ldlr_pcsk9_complex_summary_confidences_0.json,D:\CALON_FH_PORTABLE\assets\alphafold\structures\lpa\figure1\fig1c_ldlr_pcsk9_complex\fold_fig1c_ldlr_pcsk9_complex_summary_confidences_0.json,copy,353,e16ae12eb788dbf96d94de35f4d1bec6b09ebdf75f897add2a5422e038f7193d,ok
C:\Users\nader\Downloads\calon_ukb_pipeline\alphafold\structures\lpa\figure1\fig1c_ldlr_pcsk9_complex\fold_fig1c_ldlr_pcsk9_complex_summary_confidences_1.json,D:\CALON_FH_PORTABLE\assets\alphafold\structures\lpa\figure1\fig1c_ldlr_pcsk9_complex\fold_fig1c_ldlr_pcsk9_complex_summary_confidences_1.json,copy,353,e918ec7ba7d6d1d638b2ae50543dd88e4ea9b5fefeb6da60f9b636d7f83a0204,ok
C:\Users\nader\Downloads\calon_ukb_pipeline\alphafold\structures\lpa\figure1\fig1c_ldlr_pcsk9_complex\fold_fig1c_ldlr_pcsk9_complex_summary_confidences_2.json,D:\CALON_FH_PORTABLE\assets\alphafold\structures\lpa\figure1\fig1c_ldlr_pcsk9_complex\fold_fig1c_ldlr_pcsk9_complex_summary_confidences_2.json,copy,353,5159f06d229fa39da212f010d2ff73df8460c7d1b82fd7ffeb167b30295ea2d1,ok
C:\Users\nader\Downloads\calon_ukb_pipeline\alphafold\structures\lpa\figure1\fig1c_ldlr_pcsk9_complex\fold_fig1c_ldlr_pcsk9_complex_summary_confidences_3.json,D:\CALON_FH_PORTABLE\assets\alphafold\structures\lpa\figure1\fig1c_ldlr_pcsk9_complex\fold_fig1c_ldlr_pcsk9_complex_summary_confidences_3.json,copy,352,3e36b3dbecad1c7545846e20b36c87c2bc41afba9db9447f2f23e9794be4c638,ok
C:\Users\nader\Downloads\calon_ukb_pipeline\alphafold\structures\lpa\figure1\fig1c_ldlr_pcsk9_complex\fold_fig1c_ldlr_pcsk9_complex_summary_confidences_4.json,D:\CALON_FH_PORTABLE\assets\alphafold\structures\lpa\figure1\fig1c_ldlr_pcsk9_complex\fold_fig1c_ldlr_pcsk9_complex_summary_confidences_4.json,copy,354,57ada8032775cf71ca89e1a6d739f62ebad3553f4c195930f5a1b7d699f22b24,ok
C:\Users\nader\Downloads\calon_ukb_pipeline\alphafold\structures\lpa\figure1\fig1c_ldlr_pcsk9_complex\msas\fold_fig1c_ldlr_pcsk9_complex_paired_msa_chains_a.a3m,D:\CALON_FH_PORTABLE\assets\alphafold\structures\lpa\figure1\fig1c_ldlr_pcsk9_complex\msas\fold_fig1c_ldlr_pcsk9_complex_paired_msa_chains_a.a3m,copy,42600059,e8ec00367514ca4ce7709b023b2dc2ec84fcc03203f72b1d95228a86a187da84,ok
C:\Users\nader\Downloads\calon_ukb_pipeline\alphafold\structures\lpa\figure1\fig1c_ldlr_pcsk9_complex\msas\fold_fig1c_ldlr_pcsk9_complex_paired_msa_chains_b.a3m,D:\CALON_FH_PORTABLE\assets\alphafold\structures\lpa\figure1\fig1c_ldlr_pcsk9_complex\msas\fold_fig1c_ldlr_pcsk9_complex_paired_msa_chains_b.a3m,copy,38300743,18f188b93909ad256839ffe789d11a7064ea23ff70f6de1aa368cb61577e2ab0,ok
C:\Users\nader\Downloads\calon_ukb_pipeline\alphafold\structures\lpa\figure1\fig1c_ldlr_pcsk9_complex\msas\fold_fig1c_ldlr_pcsk9_complex_unpaired_msa_chains_a.a3m,D:\CALON_FH_PORTABLE\assets\alphafold\structures\lpa\figure1\fig1c_ldlr_pcsk9_complex\msas\fold_fig1c_ldlr_pcsk9_complex_unpaired_msa_chains_a.a3m,copy,13902174,3d727863ab63dd6c7979e0320e9c5b18961a72e43ffee81445986a6fcaa0fcb7,ok
C:\Users\nader\Downloads\calon_ukb_pipeline\alphafold\structures\lpa\figure1\fig1c_ldlr_pcsk9_complex\msas\fold_fig1c_ldlr_pcsk9_complex_unpaired_msa_chains_b.a3m,D:\CALON_FH_PORTABLE\assets\alphafold\structures\lpa\figure1\fig1c_ldlr_pcsk9_complex\msas\fold_fig1c_ldlr_pcsk9_complex_unpaired_msa_chains_b.a3m,copy,14859160,7e3f74c6b0ee8953ca712dff9b85b91f16c3498ab09edbc20e88cca3cc44d692,ok
C:\Users\nader\Downloads\calon_ukb_pipeline\alphafold\structures\lpa\figure1\fig1c_ldlr_pcsk9_complex\templates\fold_fig1c_ldlr_pcsk9_complex_template_hits_chains_a_query_to_hit.json,D:\CALON_FH_PORTABLE\assets\alphafold\structures\lpa\figure1\fig1c_ldlr_pcsk9_complex\templates\fold_fig1c_ldlr_pcsk9_complex_template_hits_chains_a_query_to_hit.json,copy,22811,ded7cf56cc84f22fb8f3cc80fbb1bd0004d02b48612d1134bc1441e8b5cbc588,ok
C:\Users\nader\Downloads\calon_ukb_pipeline\alphafold\structures\lpa\figure1\fig1c_ldlr_pcsk9_complex\templates\fold_fig1c_ldlr_pcsk9_complex_template_hits_chains_b_query_to_hit.json,D:\CALON_FH_PORTABLE\assets\alphafold\structures\lpa\figure1\fig1c_ldlr_pcsk9_complex\templates\fold_fig1c_ldlr_pcsk9_complex_template_hits_chains_b_query_to_hit.json,copy,33563,b52fd2125222c7132ac14e6b0f3bf716b681198a05ef996232856a59e57f0796,ok
C:\Users\nader\Downloads\calon_ukb_pipeline\alphafold\structures\lpa\figure1\fig1c_ldlr_pcsk9_complex\templates\fold_fig1c_ldlr_pcsk9_complex_template_hit_0_chains_a.cif,D:\CALON_FH_PORTABLE\assets\alphafold\structures\lpa\figure1\fig1c_ldlr_pcsk9_complex\templates\fold_fig1c_ldlr_pcsk9_complex_template_hit_0_chains_a.cif,copy,425863,74325fc9672e929f3f75b497eeb66cdcdea4c75d441514d583d62348196512ac,ok
C:\Users\nader\Downloads\calon_ukb_pipeline\alphafold\structures\lpa\figure1\fig1c_ldlr_pcsk9_complex\templates\fold_fig1c_ldlr_pcsk9_complex_template_hit_0_chains_b.cif,D:\CALON_FH_PORTABLE\assets\alphafold\structures\lpa\figure1\fig1c_ldlr_pcsk9_complex\templates\fold_fig1c_ldlr_pcsk9_complex_template_hit_0_chains_b.cif,copy,319054,2e3e9bcf58e3b40c13ed24ee622a17d8631beb15b9e6918e1403177a2784f783,ok
C:\Users\nader\Downloads\calon_ukb_pipeline\alphafold\structures\lpa\figure1\fig1c_ldlr_pcsk9_complex\templates\fold_fig1c_ldlr_pcsk9_complex_template_hit_1_chains_a.cif,D:\CALON_FH_PORTABLE\assets\alphafold\structures\lpa\figure1\fig1c_ldlr_pcsk9_complex\templates\fold_fig1c_ldlr_pcsk9_complex_template_hit_1_chains_a.cif,copy,414254,d61d15308953bbed9977abbebae827a38131806cb7eac8c1c44be6f90d54a15e,ok
C:\Users\nader\Downloads\calon_ukb_pipeline\alphafold\structures\lpa\figure1\fig1c_ldlr_pcsk9_complex\templates\fold_fig1c_ldlr_pcsk9_complex_template_hit_1_chains_b.cif,D:\CALON_FH_PORTABLE\assets\alphafold\structures\lpa\figure1\fig1c_ldlr_pcsk9_complex\templates\fold_fig1c_ldlr_pcsk9_complex_template_hit_1_chains_b.cif,copy,717251,332be990c93a9d1903b24c65fdc888e0e9b3b6c86101f8ed214f9831b36534e9,ok
C:\Users\nader\Downloads\calon_ukb_pipeline\alphafold\structures\lpa\figure1\fig1c_ldlr_pcsk9_complex\templates\fold_fig1c_ldlr_pcsk9_complex_template_hit_2_chains_a.cif,D:\CALON_FH_PORTABLE\assets\alphafold\structures\lpa\figure1\fig1c_ldlr_pcsk9_complex\templates\fold_fig1c_ldlr_pcsk9_complex_template_hit_2_chains_a.cif,copy,414254,d61d15308953bbed9977abbebae827a38131806cb7eac8c1c44be6f90d54a15e,ok
C:\Users\nader\Downloads\calon_ukb_pipeline\alphafold\structures\lpa\figure1\fig1c_ldlr_pcsk9_complex\templates\fold_fig1c_ldlr_pcsk9_complex_template_hit_2_chains_b.cif,D:\CALON_FH_PORTABLE\assets\alphafold\structures\lpa\figure1\fig1c_ldlr_pcsk9_complex\templates\fold_fig1c_ldlr_pcsk9_complex_template_hit_2_chains_b.cif,copy,316853,e3227b3c8472acf8d38fc7886114631dbf83e3124aaeb1d6157fb7a7aae765f4,ok
C:\Users\nader\Downloads\calon_ukb_pipeline\alphafold\structures\lpa\figure1\fig1c_ldlr_pcsk9_complex\templates\fold_fig1c_ldlr_pcsk9_complex_template_hit_3_chains_a.cif,D:\CALON_FH_PORTABLE\assets\alphafold\structures\lpa\figure1\fig1c_ldlr_pcsk9_complex\templates\fold_fig1c_ldlr_pcsk9_complex_template_hit_3_chains_a.cif,copy,425063,c15eae627e7c0322c2b76163d2f53b13b041643a206a49636e62345a21a0ff4f,ok
C:\Users\nader\Downloads\calon_ukb_pipeline\alphafold\structures\lpa\figure1\fig1c_ldlr_pcsk9_complex\templates\fold_fig1c_ldlr_pcsk9_complex_template_hit_3_chains_b.cif,D:\CALON_FH_PORTABLE\assets\alphafold\structures\lpa\figure1\fig1c_ldlr_pcsk9_complex\templates\fold_fig1c_ldlr_pcsk9_complex_template_hit_3_chains_b.cif,copy,288385,102977ddd54048268398bb11a03571b23cd2ff6a869e7f0856333c12666fddd9,ok
C:\Users\nader\Downloads\calon_ukb_pipeline\alphafold\structures\lpa\fold_calon_lpa_kiv10_apob_assembly\fold_calon_lpa_kiv10_apob_assembly_full_data_0.json,D:\CALON_FH_PORTABLE\assets\alphafold\structures\lpa\fold_calon_lpa_kiv10_apob_assembly\fold_calon_lpa_kiv10_apob_assembly_full_data_0.json,copy,244580,2019d849c727219c4d7d0d8ee445ae4a259dc6007d659b79f38e1eb0a5e054ba,ok
C:\Users\nader\Downloads\calon_ukb_pipeline\alphafold\structures\lpa\fold_calon_lpa_kiv10_apob_assembly\fold_calon_lpa_kiv10_apob_assembly_full_data_1.json,D:\CALON_FH_PORTABLE\assets\alphafold\structures\lpa\fold_calon_lpa_kiv10_apob_assembly\fold_calon_lpa_kiv10_apob_assembly_full_data_1.json,copy,244625,768e3d59c03d0335ee5d319603d9c691ff747d848557f64f9f1933fadb0cee28,ok
C:\Users\nader\Downloads\calon_ukb_pipeline\alphafold\structures\lpa\fold_calon_lpa_kiv10_apob_assembly\fold_calon_lpa_kiv10_apob_assembly_full_data_2.json,D:\CALON_FH_PORTABLE\assets\alphafold\structures\lpa\fold_calon_lpa_kiv10_apob_assembly\fold_calon_lpa_kiv10_apob_assembly_full_data_2.json,copy,244602,5121f15f0b96114a9e8a1994f80a3375c02b92fdd94d80b45e1b544844bca1aa,ok
C:\Users\nader\Downloads\calon_ukb_pipeline\alphafold\structures\lpa\fold_calon_lpa_kiv10_apob_assembly\fold_calon_lpa_kiv10_apob_assembly_full_data_3.json,D:\CALON_FH_PORTABLE\assets\alphafold\structures\lpa\fold_calon_lpa_kiv10_apob_assembly\fold_calon_lpa_kiv10_apob_assembly_full_data_3.json,copy,244512,b61ae69c9ac04865ddd833b085f3b7f9cf3d381e74825567d1cbc00bc296b511,ok
C:\Users\nader\Downloads\calon_ukb_pipeline\alphafold\structures\lpa\fold_calon_lpa_kiv10_apob_assembly\fold_calon_lpa_kiv10_apob_assembly_full_data_4.json,D:\CALON_FH_PORTABLE\assets\alphafold\structures\lpa\fold_calon_lpa_kiv10_apob_assembly\fold_calon_lpa_kiv10_apob_assembly_full_data_4.json,copy,244558,5f1d04f32588114743c2e03df8ed213bc96ad6f3b8656f669104c12193b80404,ok
C:\Users\nader\Downloads\calon_ukb_pipeline\alphafold\structures\lpa\fold_calon_lpa_kiv10_apob_assembly\fold_calon_lpa_kiv10_apob_assembly_job_request.json,D:\CALON_FH_PORTABLE\assets\alphafold\structures\lpa\fold_calon_lpa_kiv10_apob_assembly\fold_calon_lpa_kiv10_apob_assembly_job_request.json,copy,506,80dca7b527a2b74946565db80531a24e489a7e4d0e1def9e6b3bcccc1ce703f6,ok
C:\Users\nader\Downloads\calon_ukb_pipeline\alphafold\structures\lpa\fold_calon_lpa_kiv10_apob_assembly\fold_calon_lpa_kiv10_apob_assembly_model_0.cif,D:\CALON_FH_PORTABLE\assets\alphafold\structures\lpa\fold_calon_lpa_kiv10_apob_assembly\fold_calon_lpa_kiv10_apob_assembly_model_0.cif,copy,108798,3f8212cf19f705600a128ea6950bdda7d93d11bbb7ca776484a1d83727c8174b,ok
C:\Users\nader\Downloads\calon_ukb_pipeline\alphafold\structures\lpa\fold_calon_lpa_kiv10_apob_assembly\fold_calon_lpa_kiv10_apob_assembly_model_1.cif,D:\CALON_FH_PORTABLE\assets\alphafold\structures\lpa\fold_calon_lpa_kiv10_apob_assembly\fold_calon_lpa_kiv10_apob_assembly_model_1.cif,copy,108798,082e698f5da27faf4bca30ab7dfd510aa2eba0b0bcb34da1d113451399336580,ok
C:\Users\nader\Downloads\calon_ukb_pipeline\alphafold\structures\lpa\fold_calon_lpa_kiv10_apob_assembly\fold_calon_lpa_kiv10_apob_assembly_model_2.cif,D:\CALON_FH_PORTABLE\assets\alphafold\structures\lpa\fold_calon_lpa_kiv10_apob_assembly\fold_calon_lpa_kiv10_apob_assembly_model_2.cif,copy,108798,81676707bb8e47ef1c49f66e8debb3cecf3be1ee94f67b09d3dcd1e2c8e0b4dd,ok
C:\Users\nader\Downloads\calon_ukb_pipeline\alphafold\structures\lpa\fold_calon_lpa_kiv10_apob_assembly\fold_calon_lpa_kiv10_apob_assembly_model_3.cif,D:\CALON_FH_PORTABLE\assets\alphafold\structures\lpa\fold_calon_lpa_kiv10_apob_assembly\fold_calon_lpa_kiv10_apob_assembly_model_3.cif,copy,108798,a825376a2f12fa47b6933b43cfc19e1ac69c73aab73eb22d8365b24b7cfd330e,ok
C:\Users\nader\Downloads\calon_ukb_pipeline\alphafold\structures\lpa\fold_calon_lpa_kiv10_apob_assembly\fold_calon_lpa_kiv10_apob_assembly_model_4.cif,D:\CALON_FH_PORTABLE\assets\alphafold\structures\lpa\fold_calon_lpa_kiv10_apob_assembly\fold_calon_lpa_kiv10_apob_assembly_model_4.cif,copy,108798,8820e5c60e4cb73ba735f824b26f7048b969c397af6f57ddad050d10ead1d39c,ok
C:\Users\nader\Downloads\calon_ukb_pipeline\alphafold\structures\lpa\fold_calon_lpa_kiv10_apob_assembly\fold_calon_lpa_kiv10_apob_assembly_summary_confidences_0.json,D:\CALON_FH_PORTABLE\assets\alphafold\structures\lpa\fold_calon_lpa_kiv10_apob_assembly\fold_calon_lpa_kiv10_apob_assembly_summary_confidences_0.json,copy,355,68d68912dc5eec4e4a52a8ad33e6c11179b5fc19f608f651ce7a53c34469ad49,ok
C:\Users\nader\Downloads\calon_ukb_pipeline\alphafold\structures\lpa\fold_calon_lpa_kiv10_apob_assembly\fold_calon_lpa_kiv10_apob_assembly_summary_confidences_1.json,D:\CALON_FH_PORTABLE\assets\alphafold\structures\lpa\fold_calon_lpa_kiv10_apob_assembly\fold_calon_lpa_kiv10_apob_assembly_summary_confidences_1.json,copy,356,a7a9ccc04b76115839a7959d4ca2988f5dd9753247cb355127dc5c8490785641,ok
C:\Users\nader\Downloads\calon_ukb_pipeline\alphafold\structures\lpa\fold_calon_lpa_kiv10_apob_assembly\fold_calon_lpa_kiv10_apob_assembly_summary_confidences_2.json,D:\CALON_FH_PORTABLE\assets\alphafold\structures\lpa\fold_calon_lpa_kiv10_apob_assembly\fold_calon_lpa_kiv10_apob_assembly_summary_confidences_2.json,copy,357,4591c5578071543b6052a5190112ddc9e64c4b0f93629d63ea12214effb7ae6a,ok
C:\Users\nader\Downloads\calon_ukb_pipeline\alphafold\structures\lpa\fold_calon_lpa_kiv10_apob_assembly\fold_calon_lpa_kiv10_apob_assembly_summary_confidences_3.json,D:\CALON_FH_PORTABLE\assets\alphafold\structures\lpa\fold_calon_lpa_kiv10_apob_assembly\fold_calon_lpa_kiv10_apob_assembly_summary_confidences_3.json,copy,356,b4bda5680a288062d4ec732036d175839ded2da83b48498b8f58c9805218f17e,ok
C:\Users\nader\Downloads\calon_ukb_pipeline\alphafold\structures\lpa\fold_calon_lpa_kiv10_apob_assembly\fold_calon_lpa_kiv10_apob_assembly_summary_confidences_4.json,D:\CALON_FH_PORTABLE\assets\alphafold\structures\lpa\fold_calon_lpa_kiv10_apob_assembly\fold_calon_lpa_kiv10_apob_assembly_summary_confidences_4.json,copy,356,0b7068de4255f64bd114ca873c56f18a59f2786b7181c134d7317a4e208d7ca7,ok
C:\Users\nader\Downloads\calon_ukb_pipeline\alphafold\structures\lpa\fold_calon_lpa_kiv10_apob_assembly\terms_of_use.md,D:\CALON_FH_PORTABLE\docs_md\alphafold\structures\lpa\fold_calon_lpa_kiv10_apob_assembly\terms_of_use.md,copy,7458,1ae90834413742f5185041af2e1bc7982321e2938b3b0c5367e00edd34c61df4,ok
C:\Users\nader\Downloads\calon_ukb_pipeline\alphafold\structures\lpa\fold_calon_lpa_kiv10_apob_assembly\msas\fold_calon_lpa_kiv10_apob_assembly_paired_msa_chains_a.a3m,D:\CALON_FH_PORTABLE\assets\alphafold\structures\lpa\fold_calon_lpa_kiv10_apob_assembly\msas\fold_calon_lpa_kiv10_apob_assembly_paired_msa_chains_a.a3m,copy,5218124,b3088b3b3c6de46be1d7b863a211c659a7735f77c8b0397c26f7024650adfd02,ok
C:\Users\nader\Downloads\calon_ukb_pipeline\alphafold\structures\lpa\fold_calon_lpa_kiv10_apob_assembly\msas\fold_calon_lpa_kiv10_apob_assembly_paired_msa_chains_b.a3m,D:\CALON_FH_PORTABLE\assets\alphafold\structures\lpa\fold_calon_lpa_kiv10_apob_assembly\msas\fold_calon_lpa_kiv10_apob_assembly_paired_msa_chains_b.a3m,copy,77,7b4a5bc1fc103d62757f102a0c71007f577d420869d25368e7e19dc4c9642262,ok
C:\Users\nader\Downloads\calon_ukb_pipeline\alphafold\structures\lpa\fold_calon_lpa_kiv10_apob_assembly\msas\fold_calon_lpa_kiv10_apob_assembly_unpaired_msa_chains_a.a3m,D:\CALON_FH_PORTABLE\assets\alphafold\structures\lpa\fold_calon_lpa_kiv10_apob_assembly\msas\fold_calon_lpa_kiv10_apob_assembly_unpaired_msa_chains_a.a3m,copy,2617886,55100fbd9edfdd4248a8bef9ba6d9ae7f950a8552520223782b18c614553f2e0,ok
C:\Users\nader\Downloads\calon_ukb_pipeline\alphafold\structures\lpa\fold_calon_lpa_kiv10_apob_assembly\msas\fold_calon_lpa_kiv10_apob_assembly_unpaired_msa_chains_b.a3m,D:\CALON_FH_PORTABLE\assets\alphafold\structures\lpa\fold_calon_lpa_kiv10_apob_assembly\msas\fold_calon_lpa_kiv10_apob_assembly_unpaired_msa_chains_b.a3m,copy,421,626109f122d5c33b3fa3b4ed1e209dd0b82b9641c5fea7276ab077d97b73752b,ok
C:\Users\nader\Downloads\calon_ukb_pipeline\alphafold\structures\lpa\fold_calon_lpa_kiv10_apob_assembly\templates\fold_calon_lpa_kiv10_apob_assembly_template_hits_chains_a_query_to_hit.json,D:\CALON_FH_PORTABLE\assets\alphafold\structures\lpa\fold_calon_lpa_kiv10_apob_assembly\templates\fold_calon_lpa_kiv10_apob_assembly_template_hits_chains_a_query_to_hit.json,copy,4779,7d1c371776263bf6e53b4ba5cd2b77e034e4977776d477e5dfcf89706ea6ab6c,ok
C:\Users\nader\Downloads\calon_ukb_pipeline\alphafold\structures\lpa\fold_calon_lpa_kiv10_apob_assembly\templates\fold_calon_lpa_kiv10_apob_assembly_template_hits_chains_b_query_to_hit.json,D:\CALON_FH_PORTABLE\assets\alphafold\structures\lpa\fold_calon_lpa_kiv10_apob_assembly\templates\fold_calon_lpa_kiv10_apob_assembly_template_hits_chains_b_query_to_hit.json,copy,2413,7d0391c3f2653e619a8fb16787ea6f26c8d808bf57b0d4c370bb72d8ebf073e7,ok
C:\Users\nader\Downloads\calon_ukb_pipeline\alphafold\structures\lpa\fold_calon_lpa_kiv10_apob_assembly\templates\fold_calon_lpa_kiv10_apob_assembly_template_hit_0_chains_a.cif,D:\CALON_FH_PORTABLE\assets\alphafold\structures\lpa\fold_calon_lpa_kiv10_apob_assembly\templates\fold_calon_lpa_kiv10_apob_assembly_template_hit_0_chains_a.cif,copy,523069,84d147703378c5aa0c1385db8eb29f022705096a38fbafef1569db8a5eccf865,ok
C:\Users\nader\Downloads\calon_ukb_pipeline\alphafold\structures\lpa\fold_calon_lpa_kiv10_apob_assembly\templates\fold_calon_lpa_kiv10_apob_assembly_template_hit_0_chains_b.cif,D:\CALON_FH_PORTABLE\assets\alphafold\structures\lpa\fold_calon_lpa_kiv10_apob_assembly\templates\fold_calon_lpa_kiv10_apob_assembly_template_hit_0_chains_b.cif,copy,105252,4c21796a9443dc4537c3af69c76cabaebb86c1e1677ebeb4211ab3adf3c8026f,ok
C:\Users\nader\Downloads\calon_ukb_pipeline\alphafold\structures\lpa\fold_calon_lpa_kiv10_apob_assembly\templates\fold_calon_lpa_kiv10_apob_assembly_template_hit_1_chains_a.cif,D:\CALON_FH_PORTABLE\assets\alphafold\structures\lpa\fold_calon_lpa_kiv10_apob_assembly\templates\fold_calon_lpa_kiv10_apob_assembly_template_hit_1_chains_a.cif,copy,523069,84d147703378c5aa0c1385db8eb29f022705096a38fbafef1569db8a5eccf865,ok
C:\Users\nader\Downloads\calon_ukb_pipeline\alphafold\structures\lpa\fold_calon_lpa_kiv10_apob_assembly\templates\fold_calon_lpa_kiv10_apob_assembly_template_hit_1_chains_b.cif,D:\CALON_FH_PORTABLE\assets\alphafold\structures\lpa\fold_calon_lpa_kiv10_apob_assembly\templates\fold_calon_lpa_kiv10_apob_assembly_template_hit_1_chains_b.cif,copy,96922,c5da1ee6f55b3da29639dda325a984cf37a66d4b8dc20f0d7155f49c816d6047,ok
C:\Users\nader\Downloads\calon_ukb_pipeline\alphafold\structures\lpa\fold_calon_lpa_kiv10_apob_assembly\templates\fold_calon_lpa_kiv10_apob_assembly_template_hit_2_chains_a.cif,D:\CALON_FH_PORTABLE\assets\alphafold\structures\lpa\fold_calon_lpa_kiv10_apob_assembly\templates\fold_calon_lpa_kiv10_apob_assembly_template_hit_2_chains_a.cif,copy,523069,84d147703378c5aa0c1385db8eb29f022705096a38fbafef1569db8a5eccf865,ok
C:\Users\nader\Downloads\calon_ukb_pipeline\alphafold\structures\lpa\fold_calon_lpa_kiv10_apob_assembly\templates\fold_calon_lpa_kiv10_apob_assembly_template_hit_2_chains_b.cif,D:\CALON_FH_PORTABLE\assets\alphafold\structures\lpa\fold_calon_lpa_kiv10_apob_assembly\templates\fold_calon_lpa_kiv10_apob_assembly_template_hit_2_chains_b.cif,copy,79521,98ee346c959bbf9d6c58da51f701f3fbfaf821d0c86b7ed7a264f5076f687b3d,ok
C:\Users\nader\Downloads\calon_ukb_pipeline\alphafold\structures\lpa\fold_calon_lpa_kiv10_apob_assembly\templates\fold_calon_lpa_kiv10_apob_assembly_template_hit_3_chains_a.cif,D:\CALON_FH_PORTABLE\assets\alphafold\structures\lpa\fold_calon_lpa_kiv10_apob_assembly\templates\fold_calon_lpa_kiv10_apob_assembly_template_hit_3_chains_a.cif,copy,523069,84d147703378c5aa0c1385db8eb29f022705096a38fbafef1569db8a5eccf865,ok
C:\Users\nader\Downloads\calon_ukb_pipeline\alphafold\structures\lpa\fold_calon_lpa_kiv10_apob_assembly\templates\fold_calon_lpa_kiv10_apob_assembly_template_hit_3_chains_b.cif,D:\CALON_FH_PORTABLE\assets\alphafold\structures\lpa\fold_calon_lpa_kiv10_apob_assembly\templates\fold_calon_lpa_kiv10_apob_assembly_template_hit_3_chains_b.cif,copy,94451,103997ab35bff9ab0720ef5afb40403a3229336d9415963eacc963755ea9b557,ok
C:\Users\nader\Downloads\calon_ukb_pipeline\alphafold\structures\lpa\fold_calon_lpa_kiv10_kv_protease\fold_calon_lpa_kiv10_kv_protease_full_data_0.json,D:\CALON_FH_PORTABLE\assets\alphafold\structures\lpa\fold_calon_lpa_kiv10_kv_protease\fold_calon_lpa_kiv10_kv_protease_full_data_0.json,copy,3822994,41b982badc3df22c60ed0156511bb82b8b48c692b6578c73c9699623e84bb3bb,ok
C:\Users\nader\Downloads\calon_ukb_pipeline\alphafold\structures\lpa\fold_calon_lpa_kiv10_kv_protease\fold_calon_lpa_kiv10_kv_protease_full_data_1.json,D:\CALON_FH_PORTABLE\assets\alphafold\structures\lpa\fold_calon_lpa_kiv10_kv_protease\fold_calon_lpa_kiv10_kv_protease_full_data_1.json,copy,3822958,1650b972b214aba797d046a477f3987b3e4473bd24df28b51f7b58006a304293,ok
C:\Users\nader\Downloads\calon_ukb_pipeline\alphafold\structures\lpa\fold_calon_lpa_kiv10_kv_protease\fold_calon_lpa_kiv10_kv_protease_full_data_2.json,D:\CALON_FH_PORTABLE\assets\alphafold\structures\lpa\fold_calon_lpa_kiv10_kv_protease\fold_calon_lpa_kiv10_kv_protease_full_data_2.json,copy,3822823,5c4fa83e95464fe757b0a79be6fd5283c861418aa8feafb42461d20f5b975ffa,ok
C:\Users\nader\Downloads\calon_ukb_pipeline\alphafold\structures\lpa\fold_calon_lpa_kiv10_kv_protease\fold_calon_lpa_kiv10_kv_protease_full_data_3.json,D:\CALON_FH_PORTABLE\assets\alphafold\structures\lpa\fold_calon_lpa_kiv10_kv_protease\fold_calon_lpa_kiv10_kv_protease_full_data_3.json,copy,3823034,1a9fcaf4b89a914468ccc1eda1f7fd54e1fe71c544f1e315fd0e84fa28709cf5,ok
C:\Users\nader\Downloads\calon_ukb_pipeline\alphafold\structures\lpa\fold_calon_lpa_kiv10_kv_protease\fold_calon_lpa_kiv10_kv_protease_full_data_4.json,D:\CALON_FH_PORTABLE\assets\alphafold\structures\lpa\fold_calon_lpa_kiv10_kv_protease\fold_calon_lpa_kiv10_kv_protease_full_data_4.json,copy,3822802,13be251ac107ec0a70f515294ebe4eb9939a1f2de1f71eeb36b6635b54cba728,ok
C:\Users\nader\Downloads\calon_ukb_pipeline\alphafold\structures\lpa\fold_calon_lpa_kiv10_kv_protease\fold_calon_lpa_kiv10_kv_protease_job_request.json,D:\CALON_FH_PORTABLE\assets\alphafold\structures\lpa\fold_calon_lpa_kiv10_kv_protease\fold_calon_lpa_kiv10_kv_protease_job_request.json,copy,894,6ecffb2a3b763c89157460b48f29bd1ee74dd77a838723c8d785edca1185eddc,ok
C:\Users\nader\Downloads\calon_ukb_pipeline\alphafold\structures\lpa\fold_calon_lpa_kiv10_kv_protease\fold_calon_lpa_kiv10_kv_protease_model_0.cif,D:\CALON_FH_PORTABLE\assets\alphafold\structures\lpa\fold_calon_lpa_kiv10_kv_protease\fold_calon_lpa_kiv10_kv_protease_model_0.cif,copy,421316,071b1c37e6a1d1be2c0bb8f30bd4141cf5ae70930af41437716b25c986322efd,ok
C:\Users\nader\Downloads\calon_ukb_pipeline\alphafold\structures\lpa\fold_calon_lpa_kiv10_kv_protease\fold_calon_lpa_kiv10_kv_protease_model_1.cif,D:\CALON_FH_PORTABLE\assets\alphafold\structures\lpa\fold_calon_lpa_kiv10_kv_protease\fold_calon_lpa_kiv10_kv_protease_model_1.cif,copy,421316,06e337864bae0a6506f392f682d30a117c56509e7555e3fd53c238bf00b7c600,ok
C:\Users\nader\Downloads\calon_ukb_pipeline\alphafold\structures\lpa\fold_calon_lpa_kiv10_kv_protease\fold_calon_lpa_kiv10_kv_protease_model_2.cif,D:\CALON_FH_PORTABLE\assets\alphafold\structures\lpa\fold_calon_lpa_kiv10_kv_protease\fold_calon_lpa_kiv10_kv_protease_model_2.cif,copy,421316,9ad57c5b746c27c9214a202377b25b5abd9d892e89f16ba1d3ebf2d6faafedd2,ok
C:\Users\nader\Downloads\calon_ukb_pipeline\alphafold\structures\lpa\fold_calon_lpa_kiv10_kv_protease\fold_calon_lpa_kiv10_kv_protease_model_3.cif,D:\CALON_FH_PORTABLE\assets\alphafold\structures\lpa\fold_calon_lpa_kiv10_kv_protease\fold_calon_lpa_kiv10_kv_protease_model_3.cif,copy,421316,b834aa6a4875ef5f60c53e32ed1a8f4c7721fb166e3f062d284fb66fa4120f6d,ok
C:\Users\nader\Downloads\calon_ukb_pipeline\alphafold\structures\lpa\fold_calon_lpa_kiv10_kv_protease\fold_calon_lpa_kiv10_kv_protease_model_4.cif,D:\CALON_FH_PORTABLE\assets\alphafold\structures\lpa\fold_calon_lpa_kiv10_kv_protease\fold_calon_lpa_kiv10_kv_protease_model_4.cif,copy,421316,b5bc2d64d1f01aa41d95ae0b38b82e93b9840692c9bc8a73ecc3d59da0d62d12,ok
C:\Users\nader\Downloads\calon_ukb_pipeline\alphafold\structures\lpa\fold_calon_lpa_kiv10_kv_protease\fold_calon_lpa_kiv10_kv_protease_summary_confidences_0.json,D:\CALON_FH_PORTABLE\assets\alphafold\structures\lpa\fold_calon_lpa_kiv10_kv_protease\fold_calon_lpa_kiv10_kv_protease_summary_confidences_0.json,copy,269,c9287c06ec6eb07b8e271064a6fa7b5231072f77abb59f6a9ca28db928f04c3b,ok
C:\Users\nader\Downloads\calon_ukb_pipeline\alphafold\structures\lpa\fold_calon_lpa_kiv10_kv_protease\fold_calon_lpa_kiv10_kv_protease_summary_confidences_1.json,D:\CALON_FH_PORTABLE\assets\alphafold\structures\lpa\fold_calon_lpa_kiv10_kv_protease\fold_calon_lpa_kiv10_kv_protease_summary_confidences_1.json,copy,269,24eee4604c80290657c909b3ef7a6b655610fd3d92f4ffc7176877f18265263e,ok
C:\Users\nader\Downloads\calon_ukb_pipeline\alphafold\structures\lpa\fold_calon_lpa_kiv10_kv_protease\fold_calon_lpa_kiv10_kv_protease_summary_confidences_2.json,D:\CALON_FH_PORTABLE\assets\alphafold\structures\lpa\fold_calon_lpa_kiv10_kv_protease\fold_calon_lpa_kiv10_kv_protease_summary_confidences_2.json,copy,269,c9287c06ec6eb07b8e271064a6fa7b5231072f77abb59f6a9ca28db928f04c3b,ok
C:\Users\nader\Downloads\calon_ukb_pipeline\alphafold\structures\lpa\fold_calon_lpa_kiv10_kv_protease\fold_calon_lpa_kiv10_kv_protease_summary_confidences_3.json,D:\CALON_FH_PORTABLE\assets\alphafold\structures\lpa\fold_calon_lpa_kiv10_kv_protease\fold_calon_lpa_kiv10_kv_protease_summary_confidences_3.json,copy,269,24eee4604c80290657c909b3ef7a6b655610fd3d92f4ffc7176877f18265263e,ok
C:\Users\nader\Downloads\calon_ukb_pipeline\alphafold\structures\lpa\fold_calon_lpa_kiv10_kv_protease\fold_calon_lpa_kiv10_kv_protease_summary_confidences_4.json,D:\CALON_FH_PORTABLE\assets\alphafold\structures\lpa\fold_calon_lpa_kiv10_kv_protease\fold_calon_lpa_kiv10_kv_protease_summary_confidences_4.json,copy,269,d346eb48d03094f11640d122bda40a248ef8b69d94075c9f066e1a5dde33122a,ok
C:\Users\nader\Downloads\calon_ukb_pipeline\alphafold\structures\lpa\fold_calon_lpa_kiv10_kv_protease\terms_of_use.md,D:\CALON_FH_PORTABLE\docs_md\alphafold\structures\lpa\fold_calon_lpa_kiv10_kv_protease\terms_of_use.md,copy,7458,1ae90834413742f5185041af2e1bc7982321e2938b3b0c5367e00edd34c61df4,ok
C:\Users\nader\Downloads\calon_ukb_pipeline\alphafold\structures\lpa\fold_calon_lpa_kiv10_kv_protease\msas\fold_calon_lpa_kiv10_kv_protease_paired_msa_chains_a.a3m,D:\CALON_FH_PORTABLE\assets\alphafold\structures\lpa\fold_calon_lpa_kiv10_kv_protease\msas\fold_calon_lpa_kiv10_kv_protease_paired_msa_chains_a.a3m,copy,40076169,84d6d65ccef00aa600ce3b2556026ba70d6cab5594714c191a87d21cc60a4d3a,ok
C:\Users\nader\Downloads\calon_ukb_pipeline\alphafold\structures\lpa\fold_calon_lpa_kiv10_kv_protease\msas\fold_calon_lpa_kiv10_kv_protease_unpaired_msa_chains_a.a3m,D:\CALON_FH_PORTABLE\assets\alphafold\structures\lpa\fold_calon_lpa_kiv10_kv_protease\msas\fold_calon_lpa_kiv10_kv_protease_unpaired_msa_chains_a.a3m,copy,14183480,4bff202fdbc53970169693ae5f874614f131a6200ce1915ff62e50795cf2a0ab,ok
C:\Users\nader\Downloads\calon_ukb_pipeline\alphafold\structures\lpa\fold_calon_lpa_kiv10_kv_protease\templates\fold_calon_lpa_kiv10_kv_protease_template_hits_chains_a_query_to_hit.json,D:\CALON_FH_PORTABLE\assets\alphafold\structures\lpa\fold_calon_lpa_kiv10_kv_protease\templates\fold_calon_lpa_kiv10_kv_protease_template_hits_chains_a_query_to_hit.json,copy,12161,4d855da1676881b9ea0c054d93a9f25ff401413a2352a28244541bc7805386cc,ok
C:\Users\nader\Downloads\calon_ukb_pipeline\alphafold\structures\lpa\fold_calon_lpa_kiv10_kv_protease\templates\fold_calon_lpa_kiv10_kv_protease_template_hit_0_chains_a.cif,D:\CALON_FH_PORTABLE\assets\alphafold\structures\lpa\fold_calon_lpa_kiv10_kv_protease\templates\fold_calon_lpa_kiv10_kv_protease_template_hit_0_chains_a.cif,copy,523069,84d147703378c5aa0c1385db8eb29f022705096a38fbafef1569db8a5eccf865,ok
C:\Users\nader\Downloads\calon_ukb_pipeline\alphafold\structures\lpa\fold_calon_lpa_kiv10_kv_protease\templates\fold_calon_lpa_kiv10_kv_protease_template_hit_1_chains_a.cif,D:\CALON_FH_PORTABLE\assets\alphafold\structures\lpa\fold_calon_lpa_kiv10_kv_protease\templates\fold_calon_lpa_kiv10_kv_protease_template_hit_1_chains_a.cif,copy,523069,84d147703378c5aa0c1385db8eb29f022705096a38fbafef1569db8a5eccf865,ok
C:\Users\nader\Downloads\calon_ukb_pipeline\alphafold\structures\lpa\fold_calon_lpa_kiv10_kv_protease\templates\fold_calon_lpa_kiv10_kv_protease_template_hit_2_chains_a.cif,D:\CALON_FH_PORTABLE\assets\alphafold\structures\lpa\fold_calon_lpa_kiv10_kv_protease\templates\fold_calon_lpa_kiv10_kv_protease_template_hit_2_chains_a.cif,copy,523069,84d147703378c5aa0c1385db8eb29f022705096a38fbafef1569db8a5eccf865,ok
C:\Users\nader\Downloads\calon_ukb_pipeline\alphafold\structures\lpa\fold_calon_lpa_kiv10_kv_protease\templates\fold_calon_lpa_kiv10_kv_protease_template_hit_3_chains_a.cif,D:\CALON_FH_PORTABLE\assets\alphafold\structures\lpa\fold_calon_lpa_kiv10_kv_protease\templates\fold_calon_lpa_kiv10_kv_protease_template_hit_3_chains_a.cif,copy,441228,2096432264f34519bdb9c1b2b56ea10ae13f72b8d652d0f88651e8048e1c36de,ok
C:\Users\nader\Downloads\calon_ukb_pipeline\alphafold\structures\lpa\fold_calon_lpa_kiv10_ldlr_egfa_complex\fold_calon_lpa_kiv10_ldlr_egfa_complex_full_data_0.json,D:\CALON_FH_PORTABLE\assets\alphafold\structures\lpa\fold_calon_lpa_kiv10_ldlr_egfa_complex\fold_calon_lpa_kiv10_ldlr_egfa_complex_full_data_0.json,copy,170581,1c24e7f707919979f18a12a335a7e8c8e70aaff7cb0d47544415d089b932455a,ok
C:\Users\nader\Downloads\calon_ukb_pipeline\alphafold\structures\lpa\fold_calon_lpa_kiv10_ldlr_egfa_complex\fold_calon_lpa_kiv10_ldlr_egfa_complex_full_data_1.json,D:\CALON_FH_PORTABLE\assets\alphafold\structures\lpa\fold_calon_lpa_kiv10_ldlr_egfa_complex\fold_calon_lpa_kiv10_ldlr_egfa_complex_full_data_1.json,copy,170064,f74cf2dfc714fcc9413be8d2cb2a4adebf06bf0184258052beb73b9f645c3a60,ok
C:\Users\nader\Downloads\calon_ukb_pipeline\alphafold\structures\lpa\fold_calon_lpa_kiv10_ldlr_egfa_complex\fold_calon_lpa_kiv10_ldlr_egfa_complex_full_data_2.json,D:\CALON_FH_PORTABLE\assets\alphafold\structures\lpa\fold_calon_lpa_kiv10_ldlr_egfa_complex\fold_calon_lpa_kiv10_ldlr_egfa_complex_full_data_2.json,copy,170958,53ece20c33e4fa2eed099bb3616664af8a812bd6fa1b54c9fc577e7b2dab8c94,ok
C:\Users\nader\Downloads\calon_ukb_pipeline\alphafold\structures\lpa\fold_calon_lpa_kiv10_ldlr_egfa_complex\fold_calon_lpa_kiv10_ldlr_egfa_complex_full_data_3.json,D:\CALON_FH_PORTABLE\assets\alphafold\structures\lpa\fold_calon_lpa_kiv10_ldlr_egfa_complex\fold_calon_lpa_kiv10_ldlr_egfa_complex_full_data_3.json,copy,171534,5dbb864836e558dacbef0e88d30575ca2e2abb835947b4579450e17240523778,ok
C:\Users\nader\Downloads\calon_ukb_pipeline\alphafold\structures\lpa\fold_calon_lpa_kiv10_ldlr_egfa_complex\fold_calon_lpa_kiv10_ldlr_egfa_complex_full_data_4.json,D:\CALON_FH_PORTABLE\assets\alphafold\structures\lpa\fold_calon_lpa_kiv10_ldlr_egfa_complex\fold_calon_lpa_kiv10_ldlr_egfa_complex_full_data_4.json,copy,171548,099824f1c09d752a54db458081e37c13890717a621d31879ebf7fb3b37e9258b,ok
C:\Users\nader\Downloads\calon_ukb_pipeline\alphafold\structures\lpa\fold_calon_lpa_kiv10_ldlr_egfa_complex\fold_calon_lpa_kiv10_ldlr_egfa_complex_job_request.json,D:\CALON_FH_PORTABLE\assets\alphafold\structures\lpa\fold_calon_lpa_kiv10_ldlr_egfa_complex\fold_calon_lpa_kiv10_ldlr_egfa_complex_job_request.json,copy,485,ef282b3ae0cf8f451c51d528c730be6c9361da31e3a6d05f9838d56dad88b33b,ok
C:\Users\nader\Downloads\calon_ukb_pipeline\alphafold\structures\lpa\fold_calon_lpa_kiv10_ldlr_egfa_complex\fold_calon_lpa_kiv10_ldlr_egfa_complex_model_0.cif,D:\CALON_FH_PORTABLE\assets\alphafold\structures\lpa\fold_calon_lpa_kiv10_ldlr_egfa_complex\fold_calon_lpa_kiv10_ldlr_egfa_complex_model_0.cif,copy,90138,0edfdb8e03fef008a7435532fbce8b58dbece52f7129e1d5392a50ee45f88b76,ok
C:\Users\nader\Downloads\calon_ukb_pipeline\alphafold\structures\lpa\fold_calon_lpa_kiv10_ldlr_egfa_complex\fold_calon_lpa_kiv10_ldlr_egfa_complex_model_1.cif,D:\CALON_FH_PORTABLE\assets\alphafold\structures\lpa\fold_calon_lpa_kiv10_ldlr_egfa_complex\fold_calon_lpa_kiv10_ldlr_egfa_complex_model_1.cif,copy,90138,f44db0c887ed10886a971d63578232b40ac8807f4b36a74dd37c2723f363dd55,ok
C:\Users\nader\Downloads\calon_ukb_pipeline\alphafold\structures\lpa\fold_calon_lpa_kiv10_ldlr_egfa_complex\fold_calon_lpa_kiv10_ldlr_egfa_complex_model_2.cif,D:\CALON_FH_PORTABLE\assets\alphafold\structures\lpa\fold_calon_lpa_kiv10_ldlr_egfa_complex\fold_calon_lpa_kiv10_ldlr_egfa_complex_model_2.cif,copy,90138,d05f3e84a8b46ec3edf9f25d8da5d0a0758c07542187b049ff882273efca409a,ok
C:\Users\nader\Downloads\calon_ukb_pipeline\alphafold\structures\lpa\fold_calon_lpa_kiv10_ldlr_egfa_complex\fold_calon_lpa_kiv10_ldlr_egfa_complex_model_3.cif,D:\CALON_FH_PORTABLE\assets\alphafold\structures\lpa\fold_calon_lpa_kiv10_ldlr_egfa_complex\fold_calon_lpa_kiv10_ldlr_egfa_complex_model_3.cif,copy,90138,c0e8cac8a3591a0f6b26f0b798fa4705e3f6e911e2918010160ce4b7c8a483b1,ok
C:\Users\nader\Downloads\calon_ukb_pipeline\alphafold\structures\lpa\fold_calon_lpa_kiv10_ldlr_egfa_complex\fold_calon_lpa_kiv10_ldlr_egfa_complex_model_4.cif,D:\CALON_FH_PORTABLE\assets\alphafold\structures\lpa\fold_calon_lpa_kiv10_ldlr_egfa_complex\fold_calon_lpa_kiv10_ldlr_egfa_complex_model_4.cif,copy,90138,d8e71ff158b922bb92ba857c227f278b7a730f9bfe7914eb9e67b30e5d87a953,ok
C:\Users\nader\Downloads\calon_ukb_pipeline\alphafold\structures\lpa\fold_calon_lpa_kiv10_ldlr_egfa_complex\fold_calon_lpa_kiv10_ldlr_egfa_complex_summary_confidences_0.json,D:\CALON_FH_PORTABLE\assets\alphafold\structures\lpa\fold_calon_lpa_kiv10_ldlr_egfa_complex\fold_calon_lpa_kiv10_ldlr_egfa_complex_summary_confidences_0.json,copy,354,f9e0b12e1c16796c270c50982129d03b1c04e5f2c38148832e2ca88dd34df5da,ok
C:\Users\nader\Downloads\calon_ukb_pipeline\alphafold\structures\lpa\fold_calon_lpa_kiv10_ldlr_egfa_complex\fold_calon_lpa_kiv10_ldlr_egfa_complex_summary_confidences_1.json,D:\CALON_FH_PORTABLE\assets\alphafold\structures\lpa\fold_calon_lpa_kiv10_ldlr_egfa_complex\fold_calon_lpa_kiv10_ldlr_egfa_complex_summary_confidences_1.json,copy,350,1ff8c069ff856812be1cb995e9e099bdec77b973470536be5bd02da4cfc439be,ok
C:\Users\nader\Downloads\calon_ukb_pipeline\alphafold\structures\lpa\fold_calon_lpa_kiv10_ldlr_egfa_complex\fold_calon_lpa_kiv10_ldlr_egfa_complex_summary_confidences_2.json,D:\CALON_FH_PORTABLE\assets\alphafold\structures\lpa\fold_calon_lpa_kiv10_ldlr_egfa_complex\fold_calon_lpa_kiv10_ldlr_egfa_complex_summary_confidences_2.json,copy,355,dd5ebe57d8701607285945065806d0b01e5b7f7010c6b601d7ed3190c031cc01,ok
C:\Users\nader\Downloads\calon_ukb_pipeline\alphafold\structures\lpa\fold_calon_lpa_kiv10_ldlr_egfa_complex\fold_calon_lpa_kiv10_ldlr_egfa_complex_summary_confidences_3.json,D:\CALON_FH_PORTABLE\assets\alphafold\structures\lpa\fold_calon_lpa_kiv10_ldlr_egfa_complex\fold_calon_lpa_kiv10_ldlr_egfa_complex_summary_confidences_3.json,copy,354,58a481b99649bfebcd49b447ffdf5a75df7f29e2bde7d14d8d266a2d1be13aec,ok
C:\Users\nader\Downloads\calon_ukb_pipeline\alphafold\structures\lpa\fold_calon_lpa_kiv10_ldlr_egfa_complex\fold_calon_lpa_kiv10_ldlr_egfa_complex_summary_confidences_4.json,D:\CALON_FH_PORTABLE\assets\alphafold\structures\lpa\fold_calon_lpa_kiv10_ldlr_egfa_complex\fold_calon_lpa_kiv10_ldlr_egfa_complex_summary_confidences_4.json,copy,355,2a965727eb0b345f9bf96c6e2a0f234866eeb70695610d1e886ef8ffa4ebc036,ok
C:\Users\nader\Downloads\calon_ukb_pipeline\alphafold\structures\lpa\fold_calon_lpa_kiv10_ldlr_egfa_complex\terms_of_use.md,D:\CALON_FH_PORTABLE\docs_md\alphafold\structures\lpa\fold_calon_lpa_kiv10_ldlr_egfa_complex\terms_of_use.md,copy,7458,1ae90834413742f5185041af2e1bc7982321e2938b3b0c5367e00edd34c61df4,ok
C:\Users\nader\Downloads\calon_ukb_pipeline\alphafold\structures\lpa\fold_calon_lpa_kiv10_ldlr_egfa_complex\msas\fold_calon_lpa_kiv10_ldlr_egfa_complex_paired_msa_chains_a.a3m,D:\CALON_FH_PORTABLE\assets\alphafold\structures\lpa\fold_calon_lpa_kiv10_ldlr_egfa_complex\msas\fold_calon_lpa_kiv10_ldlr_egfa_complex_paired_msa_chains_a.a3m,copy,5218124,b3088b3b3c6de46be1d7b863a211c659a7735f77c8b0397c26f7024650adfd02,ok
C:\Users\nader\Downloads\calon_ukb_pipeline\alphafold\structures\lpa\fold_calon_lpa_kiv10_ldlr_egfa_complex\msas\fold_calon_lpa_kiv10_ldlr_egfa_complex_paired_msa_chains_b.a3m,D:\CALON_FH_PORTABLE\assets\alphafold\structures\lpa\fold_calon_lpa_kiv10_ldlr_egfa_complex\msas\fold_calon_lpa_kiv10_ldlr_egfa_complex_paired_msa_chains_b.a3m,copy,1850,e493210366ac4590095f43d85322be0c88d64011de3832c540fb526ca3f73b1f,ok
C:\Users\nader\Downloads\calon_ukb_pipeline\alphafold\structures\lpa\fold_calon_lpa_kiv10_ldlr_egfa_complex\msas\fold_calon_lpa_kiv10_ldlr_egfa_complex_unpaired_msa_chains_a.a3m,D:\CALON_FH_PORTABLE\assets\alphafold\structures\lpa\fold_calon_lpa_kiv10_ldlr_egfa_complex\msas\fold_calon_lpa_kiv10_ldlr_egfa_complex_unpaired_msa_chains_a.a3m,copy,2617886,55100fbd9edfdd4248a8bef9ba6d9ae7f950a8552520223782b18c614553f2e0,ok
C:\Users\nader\Downloads\calon_ukb_pipeline\alphafold\structures\lpa\fold_calon_lpa_kiv10_ldlr_egfa_complex\msas\fold_calon_lpa_kiv10_ldlr_egfa_complex_unpaired_msa_chains_b.a3m,D:\CALON_FH_PORTABLE\assets\alphafold\structures\lpa\fold_calon_lpa_kiv10_ldlr_egfa_complex\msas\fold_calon_lpa_kiv10_ldlr_egfa_complex_unpaired_msa_chains_b.a3m,copy,4273,0e18ea8092219947146a57dacc495ae71942297da7a619d626ad022158710483,ok
C:\Users\nader\Downloads\calon_ukb_pipeline\alphafold\structures\lpa\fold_calon_lpa_kiv10_ldlr_egfa_complex\templates\fold_calon_lpa_kiv10_ldlr_egfa_complex_template_hits_chains_a_query_to_hit.json,D:\CALON_FH_PORTABLE\assets\alphafold\structures\lpa\fold_calon_lpa_kiv10_ldlr_egfa_complex\templates\fold_calon_lpa_kiv10_ldlr_egfa_complex_template_hits_chains_a_query_to_hit.json,copy,4795,07a622d9add9acc805fabf3e919988cbcadc585ef929683131b40c7b1af5e85b,ok
C:\Users\nader\Downloads\calon_ukb_pipeline\alphafold\structures\lpa\fold_calon_lpa_kiv10_ldlr_egfa_complex\templates\fold_calon_lpa_kiv10_ldlr_egfa_complex_template_hits_chains_b_query_to_hit.json,D:\CALON_FH_PORTABLE\assets\alphafold\structures\lpa\fold_calon_lpa_kiv10_ldlr_egfa_complex\templates\fold_calon_lpa_kiv10_ldlr_egfa_complex_template_hits_chains_b_query_to_hit.json,copy,1092,af5c75e6a5e6d753ee8a68fd1d3af6fdba9d265937c410e06ac21693782ee2e0,ok
C:\Users\nader\Downloads\calon_ukb_pipeline\alphafold\structures\lpa\fold_calon_lpa_kiv10_ldlr_egfa_complex\templates\fold_calon_lpa_kiv10_ldlr_egfa_complex_template_hit_0_chains_a.cif,D:\CALON_FH_PORTABLE\assets\alphafold\structures\lpa\fold_calon_lpa_kiv10_ldlr_egfa_complex\templates\fold_calon_lpa_kiv10_ldlr_egfa_complex_template_hit_0_chains_a.cif,copy,523069,84d147703378c5aa0c1385db8eb29f022705096a38fbafef1569db8a5eccf865,ok
C:\Users\nader\Downloads\calon_ukb_pipeline\alphafold\structures\lpa\fold_calon_lpa_kiv10_ldlr_egfa_complex\templates\fold_calon_lpa_kiv10_ldlr_egfa_complex_template_hit_0_chains_b.cif,D:\CALON_FH_PORTABLE\assets\alphafold\structures\lpa\fold_calon_lpa_kiv10_ldlr_egfa_complex\templates\fold_calon_lpa_kiv10_ldlr_egfa_complex_template_hit_0_chains_b.cif,copy,48043,d73fa4ad8aac777766c445bf22e151aeeccbff69f1ed2df8017cd7d8ab70efca,ok
C:\Users\nader\Downloads\calon_ukb_pipeline\alphafold\structures\lpa\fold_calon_lpa_kiv10_ldlr_egfa_complex\templates\fold_calon_lpa_kiv10_ldlr_egfa_complex_template_hit_1_chains_a.cif,D:\CALON_FH_PORTABLE\assets\alphafold\structures\lpa\fold_calon_lpa_kiv10_ldlr_egfa_complex\templates\fold_calon_lpa_kiv10_ldlr_egfa_complex_template_hit_1_chains_a.cif,copy,523069,84d147703378c5aa0c1385db8eb29f022705096a38fbafef1569db8a5eccf865,ok
C:\Users\nader\Downloads\calon_ukb_pipeline\alphafold\structures\lpa\fold_calon_lpa_kiv10_ldlr_egfa_complex\templates\fold_calon_lpa_kiv10_ldlr_egfa_complex_template_hit_1_chains_b.cif,D:\CALON_FH_PORTABLE\assets\alphafold\structures\lpa\fold_calon_lpa_kiv10_ldlr_egfa_complex\templates\fold_calon_lpa_kiv10_ldlr_egfa_complex_template_hit_1_chains_b.cif,copy,48043,d73fa4ad8aac777766c445bf22e151aeeccbff69f1ed2df8017cd7d8ab70efca,ok
C:\Users\nader\Downloads\calon_ukb_pipeline\alphafold\structures\lpa\fold_calon_lpa_kiv10_ldlr_egfa_complex\templates\fold_calon_lpa_kiv10_ldlr_egfa_complex_template_hit_2_chains_a.cif,D:\CALON_FH_PORTABLE\assets\alphafold\structures\lpa\fold_calon_lpa_kiv10_ldlr_egfa_complex\templates\fold_calon_lpa_kiv10_ldlr_egfa_complex_template_hit_2_chains_a.cif,copy,523069,84d147703378c5aa0c1385db8eb29f022705096a38fbafef1569db8a5eccf865,ok
C:\Users\nader\Downloads\calon_ukb_pipeline\alphafold\structures\lpa\fold_calon_lpa_kiv10_ldlr_egfa_complex\templates\fold_calon_lpa_kiv10_ldlr_egfa_complex_template_hit_2_chains_b.cif,D:\CALON_FH_PORTABLE\assets\alphafold\structures\lpa\fold_calon_lpa_kiv10_ldlr_egfa_complex\templates\fold_calon_lpa_kiv10_ldlr_egfa_complex_template_hit_2_chains_b.cif,copy,52332,818c0ac8629577c152da6076f0a81c6251c3596d8b3b233a3ac72e4499f11bf0,ok
C:\Users\nader\Downloads\calon_ukb_pipeline\alphafold\structures\lpa\fold_calon_lpa_kiv10_ldlr_egfa_complex\templates\fold_calon_lpa_kiv10_ldlr_egfa_complex_template_hit_3_chains_a.cif,D:\CALON_FH_PORTABLE\assets\alphafold\structures\lpa\fold_calon_lpa_kiv10_ldlr_egfa_complex\templates\fold_calon_lpa_kiv10_ldlr_egfa_complex_template_hit_3_chains_a.cif,copy,523069,84d147703378c5aa0c1385db8eb29f022705096a38fbafef1569db8a5eccf865,ok
C:\Users\nader\Downloads\calon_ukb_pipeline\alphafold\structures\lpa\fold_calon_lpa_kiv10_ldlr_egfa_complex\templates\fold_calon_lpa_kiv10_ldlr_egfa_complex_template_hit_3_chains_b.cif,D:\CALON_FH_PORTABLE\assets\alphafold\structures\lpa\fold_calon_lpa_kiv10_ldlr_egfa_complex\templates\fold_calon_lpa_kiv10_ldlr_egfa_complex_template_hit_3_chains_b.cif,copy,52332,818c0ac8629577c152da6076f0a81c6251c3596d8b3b233a3ac72e4499f11bf0,ok
C:\Users\nader\Downloads\calon_ukb_pipeline\alphafold\structures\lpa\fold_calon_lpa_kiv10_lrp1\fold_calon_lpa_kiv10_lrp1_full_data_0.json,D:\CALON_FH_PORTABLE\assets\alphafold\structures\lpa\fold_calon_lpa_kiv10_lrp1\fold_calon_lpa_kiv10_lrp1_full_data_0.json,copy,1041186,3280b370e2bf49a72023093a171d4e614fc20922e915f63687a5df6febd87c80,ok
C:\Users\nader\Downloads\calon_ukb_pipeline\alphafold\structures\lpa\fold_calon_lpa_kiv10_lrp1\fold_calon_lpa_kiv10_lrp1_full_data_1.json,D:\CALON_FH_PORTABLE\assets\alphafold\structures\lpa\fold_calon_lpa_kiv10_lrp1\fold_calon_lpa_kiv10_lrp1_full_data_1.json,copy,1041079,bf42a77b9881a9463977564f843fde9891da3472437be8892d04f12bef1f00a5,ok
C:\Users\nader\Downloads\calon_ukb_pipeline\alphafold\structures\lpa\fold_calon_lpa_kiv10_lrp1\fold_calon_lpa_kiv10_lrp1_full_data_2.json,D:\CALON_FH_PORTABLE\assets\alphafold\structures\lpa\fold_calon_lpa_kiv10_lrp1\fold_calon_lpa_kiv10_lrp1_full_data_2.json,copy,1041366,19d69ad2881b995f02aef86128e474a9a70a33ca8411ff5ec90d22f36acf8e35,ok
C:\Users\nader\Downloads\calon_ukb_pipeline\alphafold\structures\lpa\fold_calon_lpa_kiv10_lrp1\fold_calon_lpa_kiv10_lrp1_full_data_3.json,D:\CALON_FH_PORTABLE\assets\alphafold\structures\lpa\fold_calon_lpa_kiv10_lrp1\fold_calon_lpa_kiv10_lrp1_full_data_3.json,copy,1041126,90a20c239fbafdba8378dc32624b63daa1e821e77a87d7478c6251192d46cfe0,ok
C:\Users\nader\Downloads\calon_ukb_pipeline\alphafold\structures\lpa\fold_calon_lpa_kiv10_lrp1\fold_calon_lpa_kiv10_lrp1_full_data_4.json,D:\CALON_FH_PORTABLE\assets\alphafold\structures\lpa\fold_calon_lpa_kiv10_lrp1\fold_calon_lpa_kiv10_lrp1_full_data_4.json,copy,1041140,989b938ed74f2d52deaec505b011d7f02b3b085efaa490500d154c200c1c6d1a,ok
C:\Users\nader\Downloads\calon_ukb_pipeline\alphafold\structures\lpa\fold_calon_lpa_kiv10_lrp1\fold_calon_lpa_kiv10_lrp1_job_request.json,D:\CALON_FH_PORTABLE\assets\alphafold\structures\lpa\fold_calon_lpa_kiv10_lrp1\fold_calon_lpa_kiv10_lrp1_job_request.json,copy,669,3c86fe3afb75af7e2ad00b532d9c2335b6a853bf8d849b772094ae9a3e255f81,ok
C:\Users\nader\Downloads\calon_ukb_pipeline\alphafold\structures\lpa\fold_calon_lpa_kiv10_lrp1\fold_calon_lpa_kiv10_lrp1_model_0.cif,D:\CALON_FH_PORTABLE\assets\alphafold\structures\lpa\fold_calon_lpa_kiv10_lrp1\fold_calon_lpa_kiv10_lrp1_model_0.cif,copy,223704,c55dc6043215f1ec503ce78e0eab602f1fe32011fe551440ffd02a42fc5a4edc,ok
C:\Users\nader\Downloads\calon_ukb_pipeline\alphafold\structures\lpa\fold_calon_lpa_kiv10_lrp1\fold_calon_lpa_kiv10_lrp1_model_1.cif,D:\CALON_FH_PORTABLE\assets\alphafold\structures\lpa\fold_calon_lpa_kiv10_lrp1\fold_calon_lpa_kiv10_lrp1_model_1.cif,copy,223704,3d0630d8034cffce254db0fdb89ecd4a0daf75a4566fd6db1c3e371772664705,ok
C:\Users\nader\Downloads\calon_ukb_pipeline\alphafold\structures\lpa\fold_calon_lpa_kiv10_lrp1\fold_calon_lpa_kiv10_lrp1_model_2.cif,D:\CALON_FH_PORTABLE\assets\alphafold\structures\lpa\fold_calon_lpa_kiv10_lrp1\fold_calon_lpa_kiv10_lrp1_model_2.cif,copy,223704,16af5e88f694d34cface508b97a8e1b061af30a69463a57138a4c67bc31fb8b2,ok
C:\Users\nader\Downloads\calon_ukb_pipeline\alphafold\structures\lpa\fold_calon_lpa_kiv10_lrp1\fold_calon_lpa_kiv10_lrp1_model_3.cif,D:\CALON_FH_PORTABLE\assets\alphafold\structures\lpa\fold_calon_lpa_kiv10_lrp1\fold_calon_lpa_kiv10_lrp1_model_3.cif,copy,223704,2d36677c3885f9bad3c6ce7f109442a7c6ade4f32fbfa7450fd7579bd84d5014,ok
C:\Users\nader\Downloads\calon_ukb_pipeline\alphafold\structures\lpa\fold_calon_lpa_kiv10_lrp1\fold_calon_lpa_kiv10_lrp1_model_4.cif,D:\CALON_FH_PORTABLE\assets\alphafold\structures\lpa\fold_calon_lpa_kiv10_lrp1\fold_calon_lpa_kiv10_lrp1_model_4.cif,copy,223704,5281bc662906d7915dda4d47e39d2a1f04558da59795f1c9a5163bf493b7c186,ok
C:\Users\nader\Downloads\calon_ukb_pipeline\alphafold\structures\lpa\fold_calon_lpa_kiv10_lrp1\fold_calon_lpa_kiv10_lrp1_summary_confidences_0.json,D:\CALON_FH_PORTABLE\assets\alphafold\structures\lpa\fold_calon_lpa_kiv10_lrp1\fold_calon_lpa_kiv10_lrp1_summary_confidences_0.json,copy,355,9da376dbb4c5705464f7190705ee89d0342fb2bc22b9b4362194e6f6a02d402a,ok
C:\Users\nader\Downloads\calon_ukb_pipeline\alphafold\structures\lpa\fold_calon_lpa_kiv10_lrp1\fold_calon_lpa_kiv10_lrp1_summary_confidences_1.json,D:\CALON_FH_PORTABLE\assets\alphafold\structures\lpa\fold_calon_lpa_kiv10_lrp1\fold_calon_lpa_kiv10_lrp1_summary_confidences_1.json,copy,356,b8a0631f1344590d16a0bd861941c6347671c835d840795cdfd2142e9e63f471,ok
C:\Users\nader\Downloads\calon_ukb_pipeline\alphafold\structures\lpa\fold_calon_lpa_kiv10_lrp1\fold_calon_lpa_kiv10_lrp1_summary_confidences_2.json,D:\CALON_FH_PORTABLE\assets\alphafold\structures\lpa\fold_calon_lpa_kiv10_lrp1\fold_calon_lpa_kiv10_lrp1_summary_confidences_2.json,copy,354,7fe0d382d33a062c7b3335acb041702b3af3417212a1b3c427131ce485c1f7a1,ok
C:\Users\nader\Downloads\calon_ukb_pipeline\alphafold\structures\lpa\fold_calon_lpa_kiv10_lrp1\fold_calon_lpa_kiv10_lrp1_summary_confidences_3.json,D:\CALON_FH_PORTABLE\assets\alphafold\structures\lpa\fold_calon_lpa_kiv10_lrp1\fold_calon_lpa_kiv10_lrp1_summary_confidences_3.json,copy,352,33f484f9f0ac12495ea1add59cf2129a0fe1cb93228d8acb0c46e44095809e07,ok
C:\Users\nader\Downloads\calon_ukb_pipeline\alphafold\structures\lpa\fold_calon_lpa_kiv10_lrp1\fold_calon_lpa_kiv10_lrp1_summary_confidences_4.json,D:\CALON_FH_PORTABLE\assets\alphafold\structures\lpa\fold_calon_lpa_kiv10_lrp1\fold_calon_lpa_kiv10_lrp1_summary_confidences_4.json,copy,350,c31b094c725be857ec52a89b57d241f5a23662fb4ea4e58b8bfc5d66cc800d56,ok
C:\Users\nader\Downloads\calon_ukb_pipeline\alphafold\structures\lpa\fold_calon_lpa_kiv10_lrp1\terms_of_use.md,D:\CALON_FH_PORTABLE\docs_md\alphafold\structures\lpa\fold_calon_lpa_kiv10_lrp1\terms_of_use.md,copy,7458,1ae90834413742f5185041af2e1bc7982321e2938b3b0c5367e00edd34c61df4,ok
C:\Users\nader\Downloads\calon_ukb_pipeline\alphafold\structures\lpa\fold_calon_lpa_kiv10_lrp1\msas\fold_calon_lpa_kiv10_lrp1_paired_msa_chains_a.a3m,D:\CALON_FH_PORTABLE\assets\alphafold\structures\lpa\fold_calon_lpa_kiv10_lrp1\msas\fold_calon_lpa_kiv10_lrp1_paired_msa_chains_a.a3m,copy,5218124,b3088b3b3c6de46be1d7b863a211c659a7735f77c8b0397c26f7024650adfd02,ok
C:\Users\nader\Downloads\calon_ukb_pipeline\alphafold\structures\lpa\fold_calon_lpa_kiv10_lrp1\msas\fold_calon_lpa_kiv10_lrp1_paired_msa_chains_b.a3m,D:\CALON_FH_PORTABLE\assets\alphafold\structures\lpa\fold_calon_lpa_kiv10_lrp1\msas\fold_calon_lpa_kiv10_lrp1_paired_msa_chains_b.a3m,copy,19864610,36a1f202c911c7d71d165ed523f2418f4b1ef5e144c8407fb31fd630e0332560,ok
C:\Users\nader\Downloads\calon_ukb_pipeline\alphafold\structures\lpa\fold_calon_lpa_kiv10_lrp1\msas\fold_calon_lpa_kiv10_lrp1_unpaired_msa_chains_a.a3m,D:\CALON_FH_PORTABLE\assets\alphafold\structures\lpa\fold_calon_lpa_kiv10_lrp1\msas\fold_calon_lpa_kiv10_lrp1_unpaired_msa_chains_a.a3m,copy,2617886,55100fbd9edfdd4248a8bef9ba6d9ae7f950a8552520223782b18c614553f2e0,ok
C:\Users\nader\Downloads\calon_ukb_pipeline\alphafold\structures\lpa\fold_calon_lpa_kiv10_lrp1\msas\fold_calon_lpa_kiv10_lrp1_unpaired_msa_chains_b.a3m,D:\CALON_FH_PORTABLE\assets\alphafold\structures\lpa\fold_calon_lpa_kiv10_lrp1\msas\fold_calon_lpa_kiv10_lrp1_unpaired_msa_chains_b.a3m,copy,4446227,6e0b070c6c3881e0dc6963f047d0789aa2bc0aacc44092ae7b077b32cdc1a1e2,ok
C:\Users\nader\Downloads\calon_ukb_pipeline\alphafold\structures\lpa\fold_calon_lpa_kiv10_lrp1\templates\fold_calon_lpa_kiv10_lrp1_template_hits_chains_a_query_to_hit.json,D:\CALON_FH_PORTABLE\assets\alphafold\structures\lpa\fold_calon_lpa_kiv10_lrp1\templates\fold_calon_lpa_kiv10_lrp1_template_hits_chains_a_query_to_hit.json,copy,4743,4a448bc48e7d62312000c3663eeb2287c49e4bd79ef5a686f45da22dbb8acf46,ok
C:\Users\nader\Downloads\calon_ukb_pipeline\alphafold\structures\lpa\fold_calon_lpa_kiv10_lrp1\templates\fold_calon_lpa_kiv10_lrp1_template_hits_chains_b_query_to_hit.json,D:\CALON_FH_PORTABLE\assets\alphafold\structures\lpa\fold_calon_lpa_kiv10_lrp1\templates\fold_calon_lpa_kiv10_lrp1_template_hits_chains_b_query_to_hit.json,copy,6403,eb39ac37612913c521ce5e59e94d30b391e84f057beb9d29eae0e51d0000cbfb,ok
C:\Users\nader\Downloads\calon_ukb_pipeline\alphafold\structures\lpa\fold_calon_lpa_kiv10_lrp1\templates\fold_calon_lpa_kiv10_lrp1_template_hit_0_chains_a.cif,D:\CALON_FH_PORTABLE\assets\alphafold\structures\lpa\fold_calon_lpa_kiv10_lrp1\templates\fold_calon_lpa_kiv10_lrp1_template_hit_0_chains_a.cif,copy,523069,84d147703378c5aa0c1385db8eb29f022705096a38fbafef1569db8a5eccf865,ok
C:\Users\nader\Downloads\calon_ukb_pipeline\alphafold\structures\lpa\fold_calon_lpa_kiv10_lrp1\templates\fold_calon_lpa_kiv10_lrp1_template_hit_0_chains_b.cif,D:\CALON_FH_PORTABLE\assets\alphafold\structures\lpa\fold_calon_lpa_kiv10_lrp1\templates\fold_calon_lpa_kiv10_lrp1_template_hit_0_chains_b.cif,copy,425863,74325fc9672e929f3f75b497eeb66cdcdea4c75d441514d583d62348196512ac,ok
C:\Users\nader\Downloads\calon_ukb_pipeline\alphafold\structures\lpa\fold_calon_lpa_kiv10_lrp1\templates\fold_calon_lpa_kiv10_lrp1_template_hit_1_chains_a.cif,D:\CALON_FH_PORTABLE\assets\alphafold\structures\lpa\fold_calon_lpa_kiv10_lrp1\templates\fold_calon_lpa_kiv10_lrp1_template_hit_1_chains_a.cif,copy,523069,84d147703378c5aa0c1385db8eb29f022705096a38fbafef1569db8a5eccf865,ok
C:\Users\nader\Downloads\calon_ukb_pipeline\alphafold\structures\lpa\fold_calon_lpa_kiv10_lrp1\templates\fold_calon_lpa_kiv10_lrp1_template_hit_1_chains_b.cif,D:\CALON_FH_PORTABLE\assets\alphafold\structures\lpa\fold_calon_lpa_kiv10_lrp1\templates\fold_calon_lpa_kiv10_lrp1_template_hit_1_chains_b.cif,copy,425863,74325fc9672e929f3f75b497eeb66cdcdea4c75d441514d583d62348196512ac,ok
C:\Users\nader\Downloads\calon_ukb_pipeline\alphafold\structures\lpa\fold_calon_lpa_kiv10_lrp1\templates\fold_calon_lpa_kiv10_lrp1_template_hit_2_chains_a.cif,D:\CALON_FH_PORTABLE\assets\alphafold\structures\lpa\fold_calon_lpa_kiv10_lrp1\templates\fold_calon_lpa_kiv10_lrp1_template_hit_2_chains_a.cif,copy,523069,84d147703378c5aa0c1385db8eb29f022705096a38fbafef1569db8a5eccf865,ok
C:\Users\nader\Downloads\calon_ukb_pipeline\alphafold\structures\lpa\fold_calon_lpa_kiv10_lrp1\templates\fold_calon_lpa_kiv10_lrp1_template_hit_2_chains_b.cif,D:\CALON_FH_PORTABLE\assets\alphafold\structures\lpa\fold_calon_lpa_kiv10_lrp1\templates\fold_calon_lpa_kiv10_lrp1_template_hit_2_chains_b.cif,copy,425863,74325fc9672e929f3f75b497eeb66cdcdea4c75d441514d583d62348196512ac,ok
C:\Users\nader\Downloads\calon_ukb_pipeline\alphafold\structures\lpa\fold_calon_lpa_kiv10_lrp1\templates\fold_calon_lpa_kiv10_lrp1_template_hit_3_chains_a.cif,D:\CALON_FH_PORTABLE\assets\alphafold\structures\lpa\fold_calon_lpa_kiv10_lrp1\templates\fold_calon_lpa_kiv10_lrp1_template_hit_3_chains_a.cif,copy,523069,84d147703378c5aa0c1385db8eb29f022705096a38fbafef1569db8a5eccf865,ok
C:\Users\nader\Downloads\calon_ukb_pipeline\alphafold\structures\lpa\fold_calon_lpa_kiv10_lrp1\templates\fold_calon_lpa_kiv10_lrp1_template_hit_3_chains_b.cif,D:\CALON_FH_PORTABLE\assets\alphafold\structures\lpa\fold_calon_lpa_kiv10_lrp1\templates\fold_calon_lpa_kiv10_lrp1_template_hit_3_chains_b.cif,copy,342273,f530b7ce4dbc120a0f4868f86ca9778aa484e4690822508c0848799d34cb3090,ok
C:\Users\nader\Downloads\calon_ukb_pipeline\alphafold\structures\lpa\fold_calon_lpa_kiv10_plgrkt\fold_calon_lpa_kiv10_plgrkt_full_data_0.json,D:\CALON_FH_PORTABLE\assets\alphafold\structures\lpa\fold_calon_lpa_kiv10_plgrkt\fold_calon_lpa_kiv10_plgrkt_full_data_0.json,copy,604795,dc6838d157dc1c4b37f3c40a320a2eb75e31d64df520b4f2693e8904e03d14a9,ok
C:\Users\nader\Downloads\calon_ukb_pipeline\alphafold\structures\lpa\fold_calon_lpa_kiv10_plgrkt\fold_calon_lpa_kiv10_plgrkt_full_data_1.json,D:\CALON_FH_PORTABLE\assets\alphafold\structures\lpa\fold_calon_lpa_kiv10_plgrkt\fold_calon_lpa_kiv10_plgrkt_full_data_1.json,copy,604801,9ddd484f173b28a35718939ad3f0ec60dd08ab2040f56ccd63f9290c8fffaa9c,ok
C:\Users\nader\Downloads\calon_ukb_pipeline\alphafold\structures\lpa\fold_calon_lpa_kiv10_plgrkt\fold_calon_lpa_kiv10_plgrkt_full_data_2.json,D:\CALON_FH_PORTABLE\assets\alphafold\structures\lpa\fold_calon_lpa_kiv10_plgrkt\fold_calon_lpa_kiv10_plgrkt_full_data_2.json,copy,604834,2eff3aad81a242a069d1df3b097db85bbb78ff3532a84eea438ad31cbd21c18c,ok
C:\Users\nader\Downloads\calon_ukb_pipeline\alphafold\structures\lpa\fold_calon_lpa_kiv10_plgrkt\fold_calon_lpa_kiv10_plgrkt_full_data_3.json,D:\CALON_FH_PORTABLE\assets\alphafold\structures\lpa\fold_calon_lpa_kiv10_plgrkt\fold_calon_lpa_kiv10_plgrkt_full_data_3.json,copy,604840,b66135e034cf8d281763ef2fe68d3602740cfa4677406dd1b3078190f250c300,ok
C:\Users\nader\Downloads\calon_ukb_pipeline\alphafold\structures\lpa\fold_calon_lpa_kiv10_plgrkt\fold_calon_lpa_kiv10_plgrkt_full_data_4.json,D:\CALON_FH_PORTABLE\assets\alphafold\structures\lpa\fold_calon_lpa_kiv10_plgrkt\fold_calon_lpa_kiv10_plgrkt_full_data_4.json,copy,604917,9b45d85abae5d218394614def49451e660eaef6d2f1e96037f8caaf5e9b97768,ok
C:\Users\nader\Downloads\calon_ukb_pipeline\alphafold\structures\lpa\fold_calon_lpa_kiv10_plgrkt\fold_calon_lpa_kiv10_plgrkt_job_request.json,D:\CALON_FH_PORTABLE\assets\alphafold\structures\lpa\fold_calon_lpa_kiv10_plgrkt\fold_calon_lpa_kiv10_plgrkt_job_request.json,copy,593,f45d08795604451bc441255535fc00fb451319d177c0cf9967e135b13b5cf444,ok
C:\Users\nader\Downloads\calon_ukb_pipeline\alphafold\structures\lpa\fold_calon_lpa_kiv10_plgrkt\fold_calon_lpa_kiv10_plgrkt_model_0.cif,D:\CALON_FH_PORTABLE\assets\alphafold\structures\lpa\fold_calon_lpa_kiv10_plgrkt\fold_calon_lpa_kiv10_plgrkt_model_0.cif,copy,170272,a40a83e2aa004455f6da964265f9e58498899825126809702d5d75ccf29d2cd9,ok
C:\Users\nader\Downloads\calon_ukb_pipeline\alphafold\structures\lpa\fold_calon_lpa_kiv10_plgrkt\fold_calon_lpa_kiv10_plgrkt_model_1.cif,D:\CALON_FH_PORTABLE\assets\alphafold\structures\lpa\fold_calon_lpa_kiv10_plgrkt\fold_calon_lpa_kiv10_plgrkt_model_1.cif,copy,170272,f836a0a54ac105823b11920a12dd139878b37f3baf163d2a2581dd021db49797,ok
C:\Users\nader\Downloads\calon_ukb_pipeline\alphafold\structures\lpa\fold_calon_lpa_kiv10_plgrkt\fold_calon_lpa_kiv10_plgrkt_model_2.cif,D:\CALON_FH_PORTABLE\assets\alphafold\structures\lpa\fold_calon_lpa_kiv10_plgrkt\fold_calon_lpa_kiv10_plgrkt_model_2.cif,copy,170272,4c6d2e4b7e49c5b8740e48f337b06649d400c0605ed75f988f07c65092d6015b,ok
C:\Users\nader\Downloads\calon_ukb_pipeline\alphafold\structures\lpa\fold_calon_lpa_kiv10_plgrkt\fold_calon_lpa_kiv10_plgrkt_model_3.cif,D:\CALON_FH_PORTABLE\assets\alphafold\structures\lpa\fold_calon_lpa_kiv10_plgrkt\fold_calon_lpa_kiv10_plgrkt_model_3.cif,copy,170272,490fe13bbaa1306a99507923b805ed482672e3c54eb1d270ce350682e966c63e,ok
C:\Users\nader\Downloads\calon_ukb_pipeline\alphafold\structures\lpa\fold_calon_lpa_kiv10_plgrkt\fold_calon_lpa_kiv10_plgrkt_model_4.cif,D:\CALON_FH_PORTABLE\assets\alphafold\structures\lpa\fold_calon_lpa_kiv10_plgrkt\fold_calon_lpa_kiv10_plgrkt_model_4.cif,copy,170272,3df9dae63bda461f6959ac31fdfb0ab96b29cdd7ef86c4951615f4c36c350b21,ok
C:\Users\nader\Downloads\calon_ukb_pipeline\alphafold\structures\lpa\fold_calon_lpa_kiv10_plgrkt\fold_calon_lpa_kiv10_plgrkt_summary_confidences_0.json,D:\CALON_FH_PORTABLE\assets\alphafold\structures\lpa\fold_calon_lpa_kiv10_plgrkt\fold_calon_lpa_kiv10_plgrkt_summary_confidences_0.json,copy,355,4ed2659191fe3885ddc4f41a9cde83c96f5df3820fc37bf6b0db1397f17c1871,ok
C:\Users\nader\Downloads\calon_ukb_pipeline\alphafold\structures\lpa\fold_calon_lpa_kiv10_plgrkt\fold_calon_lpa_kiv10_plgrkt_summary_confidences_1.json,D:\CALON_FH_PORTABLE\assets\alphafold\structures\lpa\fold_calon_lpa_kiv10_plgrkt\fold_calon_lpa_kiv10_plgrkt_summary_confidences_1.json,copy,355,cab3a7ea0fd62491e50ea638f682665acb530bcd7c3107df54df15e890542d54,ok
C:\Users\nader\Downloads\calon_ukb_pipeline\alphafold\structures\lpa\fold_calon_lpa_kiv10_plgrkt\fold_calon_lpa_kiv10_plgrkt_summary_confidences_2.json,D:\CALON_FH_PORTABLE\assets\alphafold\structures\lpa\fold_calon_lpa_kiv10_plgrkt\fold_calon_lpa_kiv10_plgrkt_summary_confidences_2.json,copy,353,12f3103de5181a27dddc6f8b007ffd0013d05f7fd6519511bef3cdff3702f397,ok
C:\Users\nader\Downloads\calon_ukb_pipeline\alphafold\structures\lpa\fold_calon_lpa_kiv10_plgrkt\fold_calon_lpa_kiv10_plgrkt_summary_confidences_3.json,D:\CALON_FH_PORTABLE\assets\alphafold\structures\lpa\fold_calon_lpa_kiv10_plgrkt\fold_calon_lpa_kiv10_plgrkt_summary_confidences_3.json,copy,356,443329395450a9ee55a483c44477e4293ae1835bbf0480020c00bdb798d4874e,ok
C:\Users\nader\Downloads\calon_ukb_pipeline\alphafold\structures\lpa\fold_calon_lpa_kiv10_plgrkt\fold_calon_lpa_kiv10_plgrkt_summary_confidences_4.json,D:\CALON_FH_PORTABLE\assets\alphafold\structures\lpa\fold_calon_lpa_kiv10_plgrkt\fold_calon_lpa_kiv10_plgrkt_summary_confidences_4.json,copy,355,e2552660dacaf4c17c8cdb8ba71a81b4e17cb3e40f0a878cd4146ac3f30b9b2e,ok
C:\Users\nader\Downloads\calon_ukb_pipeline\alphafold\structures\lpa\fold_calon_lpa_kiv10_plgrkt\terms_of_use.md,D:\CALON_FH_PORTABLE\docs_md\alphafold\structures\lpa\fold_calon_lpa_kiv10_plgrkt\terms_of_use.md,copy,7458,1ae90834413742f5185041af2e1bc7982321e2938b3b0c5367e00edd34c61df4,ok
C:\Users\nader\Downloads\calon_ukb_pipeline\alphafold\structures\lpa\fold_calon_lpa_kiv10_plgrkt\msas\fold_calon_lpa_kiv10_plgrkt_paired_msa_chains_a.a3m,D:\CALON_FH_PORTABLE\assets\alphafold\structures\lpa\fold_calon_lpa_kiv10_plgrkt\msas\fold_calon_lpa_kiv10_plgrkt_paired_msa_chains_a.a3m,copy,5218124,b3088b3b3c6de46be1d7b863a211c659a7735f77c8b0397c26f7024650adfd02,ok
C:\Users\nader\Downloads\calon_ukb_pipeline\alphafold\structures\lpa\fold_calon_lpa_kiv10_plgrkt\msas\fold_calon_lpa_kiv10_plgrkt_paired_msa_chains_b.a3m,D:\CALON_FH_PORTABLE\assets\alphafold\structures\lpa\fold_calon_lpa_kiv10_plgrkt\msas\fold_calon_lpa_kiv10_plgrkt_paired_msa_chains_b.a3m,copy,11496,7962f76101879c5a8605e562b065db5d330ae4dd529741f8d14a7504534f48e3,ok
C:\Users\nader\Downloads\calon_ukb_pipeline\alphafold\structures\lpa\fold_calon_lpa_kiv10_plgrkt\msas\fold_calon_lpa_kiv10_plgrkt_unpaired_msa_chains_a.a3m,D:\CALON_FH_PORTABLE\assets\alphafold\structures\lpa\fold_calon_lpa_kiv10_plgrkt\msas\fold_calon_lpa_kiv10_plgrkt_unpaired_msa_chains_a.a3m,copy,2617886,55100fbd9edfdd4248a8bef9ba6d9ae7f950a8552520223782b18c614553f2e0,ok
C:\Users\nader\Downloads\calon_ukb_pipeline\alphafold\structures\lpa\fold_calon_lpa_kiv10_plgrkt\msas\fold_calon_lpa_kiv10_plgrkt_unpaired_msa_chains_b.a3m,D:\CALON_FH_PORTABLE\assets\alphafold\structures\lpa\fold_calon_lpa_kiv10_plgrkt\msas\fold_calon_lpa_kiv10_plgrkt_unpaired_msa_chains_b.a3m,copy,9174,1ac7cdc35b062bbf7fa1af40d8c53aea69eb999c7e6c92297206a71c6c0c84df,ok
C:\Users\nader\Downloads\calon_ukb_pipeline\alphafold\structures\lpa\fold_calon_lpa_kiv10_plgrkt\templates\fold_calon_lpa_kiv10_plgrkt_template_hits_chains_a_query_to_hit.json,D:\CALON_FH_PORTABLE\assets\alphafold\structures\lpa\fold_calon_lpa_kiv10_plgrkt\templates\fold_calon_lpa_kiv10_plgrkt_template_hits_chains_a_query_to_hit.json,copy,4751,86615ca01092da8ec63f9d3a1ba0442f01ebbce0e24a979c89474a516a00935a,ok
C:\Users\nader\Downloads\calon_ukb_pipeline\alphafold\structures\lpa\fold_calon_lpa_kiv10_plgrkt\templates\fold_calon_lpa_kiv10_plgrkt_template_hits_chains_b_query_to_hit.json,D:\CALON_FH_PORTABLE\assets\alphafold\structures\lpa\fold_calon_lpa_kiv10_plgrkt\templates\fold_calon_lpa_kiv10_plgrkt_template_hits_chains_b_query_to_hit.json,copy,3344,168fdcbf3732f567d76446280bad85ec7f6950b516d7dbce6fb11137b24b8311,ok
C:\Users\nader\Downloads\calon_ukb_pipeline\alphafold\structures\lpa\fold_calon_lpa_kiv10_plgrkt\templates\fold_calon_lpa_kiv10_plgrkt_template_hit_0_chains_a.cif,D:\CALON_FH_PORTABLE\assets\alphafold\structures\lpa\fold_calon_lpa_kiv10_plgrkt\templates\fold_calon_lpa_kiv10_plgrkt_template_hit_0_chains_a.cif,copy,523069,84d147703378c5aa0c1385db8eb29f022705096a38fbafef1569db8a5eccf865,ok
C:\Users\nader\Downloads\calon_ukb_pipeline\alphafold\structures\lpa\fold_calon_lpa_kiv10_plgrkt\templates\fold_calon_lpa_kiv10_plgrkt_template_hit_0_chains_b.cif,D:\CALON_FH_PORTABLE\assets\alphafold\structures\lpa\fold_calon_lpa_kiv10_plgrkt\templates\fold_calon_lpa_kiv10_plgrkt_template_hit_0_chains_b.cif,copy,48809,9f6460a73a6d443274493f2af77a7efdf928d5176ceea5e292c09fa4b96676a0,ok
C:\Users\nader\Downloads\calon_ukb_pipeline\alphafold\structures\lpa\fold_calon_lpa_kiv10_plgrkt\templates\fold_calon_lpa_kiv10_plgrkt_template_hit_1_chains_a.cif,D:\CALON_FH_PORTABLE\assets\alphafold\structures\lpa\fold_calon_lpa_kiv10_plgrkt\templates\fold_calon_lpa_kiv10_plgrkt_template_hit_1_chains_a.cif,copy,523069,84d147703378c5aa0c1385db8eb29f022705096a38fbafef1569db8a5eccf865,ok
C:\Users\nader\Downloads\calon_ukb_pipeline\alphafold\structures\lpa\fold_calon_lpa_kiv10_plgrkt\templates\fold_calon_lpa_kiv10_plgrkt_template_hit_1_chains_b.cif,D:\CALON_FH_PORTABLE\assets\alphafold\structures\lpa\fold_calon_lpa_kiv10_plgrkt\templates\fold_calon_lpa_kiv10_plgrkt_template_hit_1_chains_b.cif,copy,107798,18aa0e1e97edbe4868e966e5043eb2ed33e806d21447580574140ebf8322c70f,ok
C:\Users\nader\Downloads\calon_ukb_pipeline\alphafold\structures\lpa\fold_calon_lpa_kiv10_plgrkt\templates\fold_calon_lpa_kiv10_plgrkt_template_hit_2_chains_a.cif,D:\CALON_FH_PORTABLE\assets\alphafold\structures\lpa\fold_calon_lpa_kiv10_plgrkt\templates\fold_calon_lpa_kiv10_plgrkt_template_hit_2_chains_a.cif,copy,523069,84d147703378c5aa0c1385db8eb29f022705096a38fbafef1569db8a5eccf865,ok
C:\Users\nader\Downloads\calon_ukb_pipeline\alphafold\structures\lpa\fold_calon_lpa_kiv10_plgrkt\templates\fold_calon_lpa_kiv10_plgrkt_template_hit_2_chains_b.cif,D:\CALON_FH_PORTABLE\assets\alphafold\structures\lpa\fold_calon_lpa_kiv10_plgrkt\templates\fold_calon_lpa_kiv10_plgrkt_template_hit_2_chains_b.cif,copy,376632,ed554e78c50388c11b21edc48c499aaa694887f79211eb3b20097c5802de6dab,ok
C:\Users\nader\Downloads\calon_ukb_pipeline\alphafold\structures\lpa\fold_calon_lpa_kiv10_plgrkt\templates\fold_calon_lpa_kiv10_plgrkt_template_hit_3_chains_a.cif,D:\CALON_FH_PORTABLE\assets\alphafold\structures\lpa\fold_calon_lpa_kiv10_plgrkt\templates\fold_calon_lpa_kiv10_plgrkt_template_hit_3_chains_a.cif,copy,523069,84d147703378c5aa0c1385db8eb29f022705096a38fbafef1569db8a5eccf865,ok
C:\Users\nader\Downloads\calon_ukb_pipeline\alphafold\structures\lpa\fold_calon_lpa_kiv10_plgrkt\templates\fold_calon_lpa_kiv10_plgrkt_template_hit_3_chains_b.cif,D:\CALON_FH_PORTABLE\assets\alphafold\structures\lpa\fold_calon_lpa_kiv10_plgrkt\templates\fold_calon_lpa_kiv10_plgrkt_template_hit_3_chains_b.cif,copy,692504,abaa01fd4f90b4ae7d261573c623dae58927665d9571e986b1d8bf2ae0bdb904,ok
C:\Users\nader\Downloads\calon_ukb_pipeline\alphafold\structures\lpa\fold_calon_lpa_kiv10_vldlr\fold_calon_lpa_kiv10_vldlr_full_data_0.json,D:\CALON_FH_PORTABLE\assets\alphafold\structures\lpa\fold_calon_lpa_kiv10_vldlr\fold_calon_lpa_kiv10_vldlr_full_data_0.json,copy,1041133,79e8a57f617b6c7b1f67e1c19198b4edfba0e5b5e0528a008d794b1aa832f01c,ok
C:\Users\nader\Downloads\calon_ukb_pipeline\alphafold\structures\lpa\fold_calon_lpa_kiv10_vldlr\fold_calon_lpa_kiv10_vldlr_full_data_1.json,D:\CALON_FH_PORTABLE\assets\alphafold\structures\lpa\fold_calon_lpa_kiv10_vldlr\fold_calon_lpa_kiv10_vldlr_full_data_1.json,copy,1041147,89f03bae7b53eac0508b2f896f38d8d366d2b89c8bc54364224e38fa13b349e5,ok
C:\Users\nader\Downloads\calon_ukb_pipeline\alphafold\structures\lpa\fold_calon_lpa_kiv10_vldlr\fold_calon_lpa_kiv10_vldlr_full_data_2.json,D:\CALON_FH_PORTABLE\assets\alphafold\structures\lpa\fold_calon_lpa_kiv10_vldlr\fold_calon_lpa_kiv10_vldlr_full_data_2.json,copy,1041090,aab875cd5f872ce049b819c9e43fdc2563cc44fdf8194ee2a64c4116924add5c,ok
C:\Users\nader\Downloads\calon_ukb_pipeline\alphafold\structures\lpa\fold_calon_lpa_kiv10_vldlr\fold_calon_lpa_kiv10_vldlr_full_data_3.json,D:\CALON_FH_PORTABLE\assets\alphafold\structures\lpa\fold_calon_lpa_kiv10_vldlr\fold_calon_lpa_kiv10_vldlr_full_data_3.json,copy,1041258,b3a09f54fe8f31010f609f8ab2ddd21cd5ae531d8c1266549bee87c68affa537,ok
C:\Users\nader\Downloads\calon_ukb_pipeline\alphafold\structures\lpa\fold_calon_lpa_kiv10_vldlr\fold_calon_lpa_kiv10_vldlr_full_data_4.json,D:\CALON_FH_PORTABLE\assets\alphafold\structures\lpa\fold_calon_lpa_kiv10_vldlr\fold_calon_lpa_kiv10_vldlr_full_data_4.json,copy,1041176,09f26aa57ce82f362a4849bf1bcf70c132de3f4886394f419e6faebd9ff36a26,ok
C:\Users\nader\Downloads\calon_ukb_pipeline\alphafold\structures\lpa\fold_calon_lpa_kiv10_vldlr\fold_calon_lpa_kiv10_vldlr_job_request.json,D:\CALON_FH_PORTABLE\assets\alphafold\structures\lpa\fold_calon_lpa_kiv10_vldlr\fold_calon_lpa_kiv10_vldlr_job_request.json,copy,671,db133e680d47a357b196fb498cafea896a5b882c0820607a2450f06e50649b46,ok
C:\Users\nader\Downloads\calon_ukb_pipeline\alphafold\structures\lpa\fold_calon_lpa_kiv10_vldlr\fold_calon_lpa_kiv10_vldlr_model_0.cif,D:\CALON_FH_PORTABLE\assets\alphafold\structures\lpa\fold_calon_lpa_kiv10_vldlr\fold_calon_lpa_kiv10_vldlr_model_0.cif,copy,217590,86583a7b4aabfeea4dc12cde1fe1cab0ac42021e5d1af11ddac6767e8f811520,ok
C:\Users\nader\Downloads\calon_ukb_pipeline\alphafold\structures\lpa\fold_calon_lpa_kiv10_vldlr\fold_calon_lpa_kiv10_vldlr_model_1.cif,D:\CALON_FH_PORTABLE\assets\alphafold\structures\lpa\fold_calon_lpa_kiv10_vldlr\fold_calon_lpa_kiv10_vldlr_model_1.cif,copy,217590,78ac9f0eaab2b1bc90972395995306c1684625d04b489c2f65accb569935854a,ok
C:\Users\nader\Downloads\calon_ukb_pipeline\alphafold\structures\lpa\fold_calon_lpa_kiv10_vldlr\fold_calon_lpa_kiv10_vldlr_model_2.cif,D:\CALON_FH_PORTABLE\assets\alphafold\structures\lpa\fold_calon_lpa_kiv10_vldlr\fold_calon_lpa_kiv10_vldlr_model_2.cif,copy,217590,ddeef0523b8a7045b42ed36376db6977dda342b00b280b36fad8be91bc6c30fa,ok
C:\Users\nader\Downloads\calon_ukb_pipeline\alphafold\structures\lpa\fold_calon_lpa_kiv10_vldlr\fold_calon_lpa_kiv10_vldlr_model_3.cif,D:\CALON_FH_PORTABLE\assets\alphafold\structures\lpa\fold_calon_lpa_kiv10_vldlr\fold_calon_lpa_kiv10_vldlr_model_3.cif,copy,217590,4ff85285d1a0916e07c2d4be08f71ee9e437c6e442034d6ecb1be4727dd1fb82,ok
C:\Users\nader\Downloads\calon_ukb_pipeline\alphafold\structures\lpa\fold_calon_lpa_kiv10_vldlr\fold_calon_lpa_kiv10_vldlr_model_4.cif,D:\CALON_FH_PORTABLE\assets\alphafold\structures\lpa\fold_calon_lpa_kiv10_vldlr\fold_calon_lpa_kiv10_vldlr_model_4.cif,copy,217590,fd359e41070cb62d4a14278563eef4b5fb43258bfaf8ae8f291f4497e56c2402,ok
C:\Users\nader\Downloads\calon_ukb_pipeline\alphafold\structures\lpa\fold_calon_lpa_kiv10_vldlr\fold_calon_lpa_kiv10_vldlr_summary_confidences_0.json,D:\CALON_FH_PORTABLE\assets\alphafold\structures\lpa\fold_calon_lpa_kiv10_vldlr\fold_calon_lpa_kiv10_vldlr_summary_confidences_0.json,copy,357,aa4163602d2243729e9490b70d992d1259ef2c829b58a943f13150cb0f1d5046,ok
C:\Users\nader\Downloads\calon_ukb_pipeline\alphafold\structures\lpa\fold_calon_lpa_kiv10_vldlr\fold_calon_lpa_kiv10_vldlr_summary_confidences_1.json,D:\CALON_FH_PORTABLE\assets\alphafold\structures\lpa\fold_calon_lpa_kiv10_vldlr\fold_calon_lpa_kiv10_vldlr_summary_confidences_1.json,copy,357,3d04c0ae31b46a2159325edfad590dee58e0c28601c2782e653247c18c3da650,ok
C:\Users\nader\Downloads\calon_ukb_pipeline\alphafold\structures\lpa\fold_calon_lpa_kiv10_vldlr\fold_calon_lpa_kiv10_vldlr_summary_confidences_2.json,D:\CALON_FH_PORTABLE\assets\alphafold\structures\lpa\fold_calon_lpa_kiv10_vldlr\fold_calon_lpa_kiv10_vldlr_summary_confidences_2.json,copy,356,ac0141c11fea989da261028fb8755f29d135dcd97b0e6d26fab0b4ab6eeacc8b,ok
C:\Users\nader\Downloads\calon_ukb_pipeline\alphafold\structures\lpa\fold_calon_lpa_kiv10_vldlr\fold_calon_lpa_kiv10_vldlr_summary_confidences_3.json,D:\CALON_FH_PORTABLE\assets\alphafold\structures\lpa\fold_calon_lpa_kiv10_vldlr\fold_calon_lpa_kiv10_vldlr_summary_confidences_3.json,copy,357,c82686045327caa9bec4b6119cc3e923954c9a7bd5fd3e354b41b683a51d489b,ok
C:\Users\nader\Downloads\calon_ukb_pipeline\alphafold\structures\lpa\fold_calon_lpa_kiv10_vldlr\fold_calon_lpa_kiv10_vldlr_summary_confidences_4.json,D:\CALON_FH_PORTABLE\assets\alphafold\structures\lpa\fold_calon_lpa_kiv10_vldlr\fold_calon_lpa_kiv10_vldlr_summary_confidences_4.json,copy,357,206112505eaf957549d6654afed292fba598736f720ab75874b8beff1e3e10df,ok
C:\Users\nader\Downloads\calon_ukb_pipeline\alphafold\structures\lpa\fold_calon_lpa_kiv10_vldlr\terms_of_use.md,D:\CALON_FH_PORTABLE\docs_md\alphafold\structures\lpa\fold_calon_lpa_kiv10_vldlr\terms_of_use.md,copy,7458,1ae90834413742f5185041af2e1bc7982321e2938b3b0c5367e00edd34c61df4,ok
C:\Users\nader\Downloads\calon_ukb_pipeline\alphafold\structures\lpa\fold_calon_lpa_kiv10_vldlr\msas\fold_calon_lpa_kiv10_vldlr_paired_msa_chains_a.a3m,D:\CALON_FH_PORTABLE\assets\alphafold\structures\lpa\fold_calon_lpa_kiv10_vldlr\msas\fold_calon_lpa_kiv10_vldlr_paired_msa_chains_a.a3m,copy,5218124,b3088b3b3c6de46be1d7b863a211c659a7735f77c8b0397c26f7024650adfd02,ok
C:\Users\nader\Downloads\calon_ukb_pipeline\alphafold\structures\lpa\fold_calon_lpa_kiv10_vldlr\msas\fold_calon_lpa_kiv10_vldlr_paired_msa_chains_b.a3m,D:\CALON_FH_PORTABLE\assets\alphafold\structures\lpa\fold_calon_lpa_kiv10_vldlr\msas\fold_calon_lpa_kiv10_vldlr_paired_msa_chains_b.a3m,copy,4004798,8d783060dfd4a6e4734e05bd9cd26bb9da275cd6742627332c4c879c9a0e7b08,ok
C:\Users\nader\Downloads\calon_ukb_pipeline\alphafold\structures\lpa\fold_calon_lpa_kiv10_vldlr\msas\fold_calon_lpa_kiv10_vldlr_unpaired_msa_chains_a.a3m,D:\CALON_FH_PORTABLE\assets\alphafold\structures\lpa\fold_calon_lpa_kiv10_vldlr\msas\fold_calon_lpa_kiv10_vldlr_unpaired_msa_chains_a.a3m,copy,2617886,55100fbd9edfdd4248a8bef9ba6d9ae7f950a8552520223782b18c614553f2e0,ok
C:\Users\nader\Downloads\calon_ukb_pipeline\alphafold\structures\lpa\fold_calon_lpa_kiv10_vldlr\msas\fold_calon_lpa_kiv10_vldlr_unpaired_msa_chains_b.a3m,D:\CALON_FH_PORTABLE\assets\alphafold\structures\lpa\fold_calon_lpa_kiv10_vldlr\msas\fold_calon_lpa_kiv10_vldlr_unpaired_msa_chains_b.a3m,copy,1689892,feb1acec465c7620a1f2194fd9dca8cef5970086631bfdb4e950cc7120ef1a9f,ok
C:\Users\nader\Downloads\calon_ukb_pipeline\alphafold\structures\lpa\fold_calon_lpa_kiv10_vldlr\templates\fold_calon_lpa_kiv10_vldlr_template_hits_chains_a_query_to_hit.json,D:\CALON_FH_PORTABLE\assets\alphafold\structures\lpa\fold_calon_lpa_kiv10_vldlr\templates\fold_calon_lpa_kiv10_vldlr_template_hits_chains_a_query_to_hit.json,copy,4747,7f2efb1e7d1b1938e50f461bf837b815a37357845f5439b5dde4dea3484bc894,ok
C:\Users\nader\Downloads\calon_ukb_pipeline\alphafold\structures\lpa\fold_calon_lpa_kiv10_vldlr\templates\fold_calon_lpa_kiv10_vldlr_template_hits_chains_b_query_to_hit.json,D:\CALON_FH_PORTABLE\assets\alphafold\structures\lpa\fold_calon_lpa_kiv10_vldlr\templates\fold_calon_lpa_kiv10_vldlr_template_hits_chains_b_query_to_hit.json,copy,3404,2f11574ebb2d1f4a5a08d2e6231e43e22509f4fa3bcd8e93638efc1a923c4dc5,ok
C:\Users\nader\Downloads\calon_ukb_pipeline\alphafold\structures\lpa\fold_calon_lpa_kiv10_vldlr\templates\fold_calon_lpa_kiv10_vldlr_template_hit_0_chains_a.cif,D:\CALON_FH_PORTABLE\assets\alphafold\structures\lpa\fold_calon_lpa_kiv10_vldlr\templates\fold_calon_lpa_kiv10_vldlr_template_hit_0_chains_a.cif,copy,523069,84d147703378c5aa0c1385db8eb29f022705096a38fbafef1569db8a5eccf865,ok
C:\Users\nader\Downloads\calon_ukb_pipeline\alphafold\structures\lpa\fold_calon_lpa_kiv10_vldlr\templates\fold_calon_lpa_kiv10_vldlr_template_hit_0_chains_b.cif,D:\CALON_FH_PORTABLE\assets\alphafold\structures\lpa\fold_calon_lpa_kiv10_vldlr\templates\fold_calon_lpa_kiv10_vldlr_template_hit_0_chains_b.cif,copy,315721,4062f7b4a7326d1e65585bc99da1371ee679fee83860b4b9b4dc357dd2cfbbe0,ok
C:\Users\nader\Downloads\calon_ukb_pipeline\alphafold\structures\lpa\fold_calon_lpa_kiv10_vldlr\templates\fold_calon_lpa_kiv10_vldlr_template_hit_1_chains_a.cif,D:\CALON_FH_PORTABLE\assets\alphafold\structures\lpa\fold_calon_lpa_kiv10_vldlr\templates\fold_calon_lpa_kiv10_vldlr_template_hit_1_chains_a.cif,copy,523069,84d147703378c5aa0c1385db8eb29f022705096a38fbafef1569db8a5eccf865,ok
C:\Users\nader\Downloads\calon_ukb_pipeline\alphafold\structures\lpa\fold_calon_lpa_kiv10_vldlr\templates\fold_calon_lpa_kiv10_vldlr_template_hit_1_chains_b.cif,D:\CALON_FH_PORTABLE\assets\alphafold\structures\lpa\fold_calon_lpa_kiv10_vldlr\templates\fold_calon_lpa_kiv10_vldlr_template_hit_1_chains_b.cif,copy,315721,4062f7b4a7326d1e65585bc99da1371ee679fee83860b4b9b4dc357dd2cfbbe0,ok
C:\Users\nader\Downloads\calon_ukb_pipeline\alphafold\structures\lpa\fold_calon_lpa_kiv10_vldlr\templates\fold_calon_lpa_kiv10_vldlr_template_hit_2_chains_a.cif,D:\CALON_FH_PORTABLE\assets\alphafold\structures\lpa\fold_calon_lpa_kiv10_vldlr\templates\fold_calon_lpa_kiv10_vldlr_template_hit_2_chains_a.cif,copy,523069,84d147703378c5aa0c1385db8eb29f022705096a38fbafef1569db8a5eccf865,ok
C:\Users\nader\Downloads\calon_ukb_pipeline\alphafold\structures\lpa\fold_calon_lpa_kiv10_vldlr\templates\fold_calon_lpa_kiv10_vldlr_template_hit_2_chains_b.cif,D:\CALON_FH_PORTABLE\assets\alphafold\structures\lpa\fold_calon_lpa_kiv10_vldlr\templates\fold_calon_lpa_kiv10_vldlr_template_hit_2_chains_b.cif,copy,425863,74325fc9672e929f3f75b497eeb66cdcdea4c75d441514d583d62348196512ac,ok
C:\Users\nader\Downloads\calon_ukb_pipeline\alphafold\structures\lpa\fold_calon_lpa_kiv10_vldlr\templates\fold_calon_lpa_kiv10_vldlr_template_hit_3_chains_a.cif,D:\CALON_FH_PORTABLE\assets\alphafold\structures\lpa\fold_calon_lpa_kiv10_vldlr\templates\fold_calon_lpa_kiv10_vldlr_template_hit_3_chains_a.cif,copy,523069,84d147703378c5aa0c1385db8eb29f022705096a38fbafef1569db8a5eccf865,ok
C:\Users\nader\Downloads\calon_ukb_pipeline\alphafold\structures\lpa\fold_calon_lpa_kiv10_vldlr\templates\fold_calon_lpa_kiv10_vldlr_template_hit_3_chains_b.cif,D:\CALON_FH_PORTABLE\assets\alphafold\structures\lpa\fold_calon_lpa_kiv10_vldlr\templates\fold_calon_lpa_kiv10_vldlr_template_hit_3_chains_b.cif,copy,425863,74325fc9672e929f3f75b497eeb66cdcdea4c75d441514d583d62348196512ac,ok
C:\Users\nader\Downloads\calon_ukb_pipeline\alphafold\structures\lpa\fold_calon_lpa_kiv7_kiv8_lysine_binding\fold_calon_lpa_kiv7_kiv8_lysine_binding_full_data_0.json,D:\CALON_FH_PORTABLE\assets\alphafold\structures\lpa\fold_calon_lpa_kiv7_kiv8_lysine_binding\fold_calon_lpa_kiv7_kiv8_lysine_binding_full_data_0.json,copy,237026,983e1fbf093102a8a6afb718464582d9d5db8f805d42f35da6070a5673abc8a3,ok
C:\Users\nader\Downloads\calon_ukb_pipeline\alphafold\structures\lpa\fold_calon_lpa_kiv7_kiv8_lysine_binding\fold_calon_lpa_kiv7_kiv8_lysine_binding_full_data_1.json,D:\CALON_FH_PORTABLE\assets\alphafold\structures\lpa\fold_calon_lpa_kiv7_kiv8_lysine_binding\fold_calon_lpa_kiv7_kiv8_lysine_binding_full_data_1.json,copy,237042,d96362dad46ff73825009478c2ef17e68ffd5bc5c4e3d1a9603ebcbc4d4ae48a,ok
C:\Users\nader\Downloads\calon_ukb_pipeline\alphafold\structures\lpa\fold_calon_lpa_kiv7_kiv8_lysine_binding\fold_calon_lpa_kiv7_kiv8_lysine_binding_full_data_2.json,D:\CALON_FH_PORTABLE\assets\alphafold\structures\lpa\fold_calon_lpa_kiv7_kiv8_lysine_binding\fold_calon_lpa_kiv7_kiv8_lysine_binding_full_data_2.json,copy,237064,283f0f8a31db271aa21c8b64c80fc9ae56b2506d322ba723af94145e3845d7a4,ok
C:\Users\nader\Downloads\calon_ukb_pipeline\alphafold\structures\lpa\fold_calon_lpa_kiv7_kiv8_lysine_binding\fold_calon_lpa_kiv7_kiv8_lysine_binding_full_data_3.json,D:\CALON_FH_PORTABLE\assets\alphafold\structures\lpa\fold_calon_lpa_kiv7_kiv8_lysine_binding\fold_calon_lpa_kiv7_kiv8_lysine_binding_full_data_3.json,copy,236927,65ee184f2eef802f495c6ef0d4fd7d4b6252d7ac945771653a903e906c700646,ok
C:\Users\nader\Downloads\calon_ukb_pipeline\alphafold\structures\lpa\fold_calon_lpa_kiv7_kiv8_lysine_binding\fold_calon_lpa_kiv7_kiv8_lysine_binding_full_data_4.json,D:\CALON_FH_PORTABLE\assets\alphafold\structures\lpa\fold_calon_lpa_kiv7_kiv8_lysine_binding\fold_calon_lpa_kiv7_kiv8_lysine_binding_full_data_4.json,copy,237055,806826d2da0947d6bda8fe994475ed2e6e527b6fb8f474c414026429e7bdacb0,ok
C:\Users\nader\Downloads\calon_ukb_pipeline\alphafold\structures\lpa\fold_calon_lpa_kiv7_kiv8_lysine_binding\fold_calon_lpa_kiv7_kiv8_lysine_binding_job_request.json,D:\CALON_FH_PORTABLE\assets\alphafold\structures\lpa\fold_calon_lpa_kiv7_kiv8_lysine_binding\fold_calon_lpa_kiv7_kiv8_lysine_binding_job_request.json,copy,408,4d27b89dd6109f5c94c471f0abb0f6a932b0c900d72b2973df2fb6fe5a03e011,ok
C:\Users\nader\Downloads\calon_ukb_pipeline\alphafold\structures\lpa\fold_calon_lpa_kiv7_kiv8_lysine_binding\fold_calon_lpa_kiv7_kiv8_lysine_binding_model_0.cif,D:\CALON_FH_PORTABLE\assets\alphafold\structures\lpa\fold_calon_lpa_kiv7_kiv8_lysine_binding\fold_calon_lpa_kiv7_kiv8_lysine_binding_model_0.cif,copy,108666,41adc42505573eaa9b3a9edf330cbcbad9505dc0b249414c6129ad5aeeeb9eb8,ok
C:\Users\nader\Downloads\calon_ukb_pipeline\alphafold\structures\lpa\fold_calon_lpa_kiv7_kiv8_lysine_binding\fold_calon_lpa_kiv7_kiv8_lysine_binding_model_1.cif,D:\CALON_FH_PORTABLE\assets\alphafold\structures\lpa\fold_calon_lpa_kiv7_kiv8_lysine_binding\fold_calon_lpa_kiv7_kiv8_lysine_binding_model_1.cif,copy,108666,38d89a806933641ae6f2fee7198ebb3a058ad231e97d97e0ce4403a13e328cc3,ok
C:\Users\nader\Downloads\calon_ukb_pipeline\alphafold\structures\lpa\fold_calon_lpa_kiv7_kiv8_lysine_binding\fold_calon_lpa_kiv7_kiv8_lysine_binding_model_2.cif,D:\CALON_FH_PORTABLE\assets\alphafold\structures\lpa\fold_calon_lpa_kiv7_kiv8_lysine_binding\fold_calon_lpa_kiv7_kiv8_lysine_binding_model_2.cif,copy,108666,9095679db82832c45941350354978b07159220c8da74f9170abd2489bbe8b2f6,ok
C:\Users\nader\Downloads\calon_ukb_pipeline\alphafold\structures\lpa\fold_calon_lpa_kiv7_kiv8_lysine_binding\fold_calon_lpa_kiv7_kiv8_lysine_binding_model_3.cif,D:\CALON_FH_PORTABLE\assets\alphafold\structures\lpa\fold_calon_lpa_kiv7_kiv8_lysine_binding\fold_calon_lpa_kiv7_kiv8_lysine_binding_model_3.cif,copy,108666,303e5619109dd431a4a89d763c4fb3b3950593aed1d9c2a627fe8ca57d4ea908,ok
C:\Users\nader\Downloads\calon_ukb_pipeline\alphafold\structures\lpa\fold_calon_lpa_kiv7_kiv8_lysine_binding\fold_calon_lpa_kiv7_kiv8_lysine_binding_model_4.cif,D:\CALON_FH_PORTABLE\assets\alphafold\structures\lpa\fold_calon_lpa_kiv7_kiv8_lysine_binding\fold_calon_lpa_kiv7_kiv8_lysine_binding_model_4.cif,copy,108666,19219e1926cdf235d2ffaa64ca934ad6f491a9ebb3dda382ca4c0084130443a5,ok
C:\Users\nader\Downloads\calon_ukb_pipeline\alphafold\structures\lpa\fold_calon_lpa_kiv7_kiv8_lysine_binding\fold_calon_lpa_kiv7_kiv8_lysine_binding_summary_confidences_0.json,D:\CALON_FH_PORTABLE\assets\alphafold\structures\lpa\fold_calon_lpa_kiv7_kiv8_lysine_binding\fold_calon_lpa_kiv7_kiv8_lysine_binding_summary_confidences_0.json,copy,269,67f447c342ca5919e3155f8073cb67264ddfeb829b52c52674f167482e52869b,ok
C:\Users\nader\Downloads\calon_ukb_pipeline\alphafold\structures\lpa\fold_calon_lpa_kiv7_kiv8_lysine_binding\fold_calon_lpa_kiv7_kiv8_lysine_binding_summary_confidences_1.json,D:\CALON_FH_PORTABLE\assets\alphafold\structures\lpa\fold_calon_lpa_kiv7_kiv8_lysine_binding\fold_calon_lpa_kiv7_kiv8_lysine_binding_summary_confidences_1.json,copy,269,67f447c342ca5919e3155f8073cb67264ddfeb829b52c52674f167482e52869b,ok
C:\Users\nader\Downloads\calon_ukb_pipeline\alphafold\structures\lpa\fold_calon_lpa_kiv7_kiv8_lysine_binding\fold_calon_lpa_kiv7_kiv8_lysine_binding_summary_confidences_2.json,D:\CALON_FH_PORTABLE\assets\alphafold\structures\lpa\fold_calon_lpa_kiv7_kiv8_lysine_binding\fold_calon_lpa_kiv7_kiv8_lysine_binding_summary_confidences_2.json,copy,269,67f447c342ca5919e3155f8073cb67264ddfeb829b52c52674f167482e52869b,ok
C:\Users\nader\Downloads\calon_ukb_pipeline\alphafold\structures\lpa\fold_calon_lpa_kiv7_kiv8_lysine_binding\fold_calon_lpa_kiv7_kiv8_lysine_binding_summary_confidences_3.json,D:\CALON_FH_PORTABLE\assets\alphafold\structures\lpa\fold_calon_lpa_kiv7_kiv8_lysine_binding\fold_calon_lpa_kiv7_kiv8_lysine_binding_summary_confidences_3.json,copy,269,50262bdeb3861f432f7d341da41a5e5af146d1bc0ed6dadc8477814637195a94,ok
C:\Users\nader\Downloads\calon_ukb_pipeline\alphafold\structures\lpa\fold_calon_lpa_kiv7_kiv8_lysine_binding\fold_calon_lpa_kiv7_kiv8_lysine_binding_summary_confidences_4.json,D:\CALON_FH_PORTABLE\assets\alphafold\structures\lpa\fold_calon_lpa_kiv7_kiv8_lysine_binding\fold_calon_lpa_kiv7_kiv8_lysine_binding_summary_confidences_4.json,copy,268,9789fb64b22c2e20cf4a69b57d9125b962e09126f34b25cb17bb59db50bfa977,ok
C:\Users\nader\Downloads\calon_ukb_pipeline\alphafold\structures\lpa\fold_calon_lpa_kiv7_kiv8_lysine_binding\terms_of_use.md,D:\CALON_FH_PORTABLE\docs_md\alphafold\structures\lpa\fold_calon_lpa_kiv7_kiv8_lysine_binding\terms_of_use.md,copy,7458,1ae90834413742f5185041af2e1bc7982321e2938b3b0c5367e00edd34c61df4,ok
C:\Users\nader\Downloads\calon_ukb_pipeline\alphafold\structures\lpa\fold_calon_lpa_kiv7_kiv8_lysine_binding\msas\fold_calon_lpa_kiv7_kiv8_lysine_binding_paired_msa_chains_a.a3m,D:\CALON_FH_PORTABLE\assets\alphafold\structures\lpa\fold_calon_lpa_kiv7_kiv8_lysine_binding\msas\fold_calon_lpa_kiv7_kiv8_lysine_binding_paired_msa_chains_a.a3m,copy,6762807,0d3eec5ab7589f18b426202bcfd331a7a660da4cbeaf90411c135745104a0fd7,ok
C:\Users\nader\Downloads\calon_ukb_pipeline\alphafold\structures\lpa\fold_calon_lpa_kiv7_kiv8_lysine_binding\msas\fold_calon_lpa_kiv7_kiv8_lysine_binding_unpaired_msa_chains_a.a3m,D:\CALON_FH_PORTABLE\assets\alphafold\structures\lpa\fold_calon_lpa_kiv7_kiv8_lysine_binding\msas\fold_calon_lpa_kiv7_kiv8_lysine_binding_unpaired_msa_chains_a.a3m,copy,3728401,d731e7bd1aadfb4986d1a34c722807f65279b54dbd42ce4809628664f57d281c,ok
C:\Users\nader\Downloads\calon_ukb_pipeline\alphafold\structures\lpa\fold_calon_lpa_kiv7_kiv8_lysine_binding\templates\fold_calon_lpa_kiv7_kiv8_lysine_binding_template_hits_chains_a_query_to_hit.json,D:\CALON_FH_PORTABLE\assets\alphafold\structures\lpa\fold_calon_lpa_kiv7_kiv8_lysine_binding\templates\fold_calon_lpa_kiv7_kiv8_lysine_binding_template_hits_chains_a_query_to_hit.json,copy,5307,bdff2bc60a2eb8db682a596a4070e8e9e357aee25182c7989e95eec0e2c10540,ok
C:\Users\nader\Downloads\calon_ukb_pipeline\alphafold\structures\lpa\fold_calon_lpa_kiv7_kiv8_lysine_binding\templates\fold_calon_lpa_kiv7_kiv8_lysine_binding_template_hit_0_chains_a.cif,D:\CALON_FH_PORTABLE\assets\alphafold\structures\lpa\fold_calon_lpa_kiv7_kiv8_lysine_binding\templates\fold_calon_lpa_kiv7_kiv8_lysine_binding_template_hit_0_chains_a.cif,copy,523069,84d147703378c5aa0c1385db8eb29f022705096a38fbafef1569db8a5eccf865,ok
C:\Users\nader\Downloads\calon_ukb_pipeline\alphafold\structures\lpa\fold_calon_lpa_kiv7_kiv8_lysine_binding\templates\fold_calon_lpa_kiv7_kiv8_lysine_binding_template_hit_1_chains_a.cif,D:\CALON_FH_PORTABLE\assets\alphafold\structures\lpa\fold_calon_lpa_kiv7_kiv8_lysine_binding\templates\fold_calon_lpa_kiv7_kiv8_lysine_binding_template_hit_1_chains_a.cif,copy,523069,84d147703378c5aa0c1385db8eb29f022705096a38fbafef1569db8a5eccf865,ok
C:\Users\nader\Downloads\calon_ukb_pipeline\alphafold\structures\lpa\fold_calon_lpa_kiv7_kiv8_lysine_binding\templates\fold_calon_lpa_kiv7_kiv8_lysine_binding_template_hit_2_chains_a.cif,D:\CALON_FH_PORTABLE\assets\alphafold\structures\lpa\fold_calon_lpa_kiv7_kiv8_lysine_binding\templates\fold_calon_lpa_kiv7_kiv8_lysine_binding_template_hit_2_chains_a.cif,copy,523069,84d147703378c5aa0c1385db8eb29f022705096a38fbafef1569db8a5eccf865,ok
C:\Users\nader\Downloads\calon_ukb_pipeline\alphafold\structures\lpa\fold_calon_lpa_kiv7_kiv8_lysine_binding\templates\fold_calon_lpa_kiv7_kiv8_lysine_binding_template_hit_3_chains_a.cif,D:\CALON_FH_PORTABLE\assets\alphafold\structures\lpa\fold_calon_lpa_kiv7_kiv8_lysine_binding\templates\fold_calon_lpa_kiv7_kiv8_lysine_binding_template_hit_3_chains_a.cif,copy,523069,84d147703378c5aa0c1385db8eb29f022705096a38fbafef1569db8a5eccf865,ok
C:\Users\nader\Downloads\calon_ukb_pipeline\docs\superpowers\plans\2026-05-21-calon-mr.md,D:\CALON_FH_PORTABLE\docs_md\docs\superpowers\plans\2026-05-21-calon-mr.md,copy,32396,6e922c5577948007e667f8060b14a465be519e9fef1dc566ac09fef5dcc2a5d4,ok
C:\Users\nader\Downloads\calon_ukb_pipeline\docs\superpowers\specs\2026-03-17-alphafold3-structural-severity-design.md,D:\CALON_FH_PORTABLE\docs_md\docs\superpowers\specs\2026-03-17-alphafold3-structural-severity-design.md,copy,14412,1a939cb6a059ae6e279514969400862f78c8e4a600d5b88cb835fa27e0b1e914,ok
C:\Users\nader\Downloads\calon_ukb_pipeline\docs\superpowers\specs\2026-05-03-TUDOR-R1-revision-design.md,D:\CALON_FH_PORTABLE\docs_md\docs\superpowers\specs\2026-05-03-TUDOR-R1-revision-design.md,copy,14871,a3b608ef753d8f129e5814111ddb02bd2d14b3ee5f732042a40d37b333369909,ok
C:\Users\nader\Downloads\calon_ukb_pipeline\docs\superpowers\specs\2026-05-21-calon-mr-design.md,D:\CALON_FH_PORTABLE\docs_md\docs\superpowers\specs\2026-05-21-calon-mr-design.md,copy,8362,d6a582f2ff09bcb9150be9c0cad9ddd52c18ab3f3ef98b27161cf68b875c0a3d,ok
C:\Users\nader\Downloads\calon_ukb_pipeline\manuscript\build_docx.py,D:\CALON_FH_PORTABLE\code\python\manuscript\build_docx.py,copy,36898,af59a890d4a0d144d35b14b734c877667a7ebac9d7ad62051f411f8e8e6fa8ed,ok
C:\Users\nader\Downloads\calon_ukb_pipeline\manuscript\CALON_FH_manuscript_v1.md,D:\CALON_FH_PORTABLE\docs_md\manuscript\CALON_FH_manuscript_v1.md,copy,62485,4974b945ea3310789816a416fa697198d32fd1083873023c6d388de4864eb3e8,ok
C:\Users\nader\Downloads\calon_ukb_pipeline\manuscript\CALON_FH_manuscript_v2_Circulation.docx,D:\CALON_FH_PORTABLE\manuscripts\manuscript\CALON_FH_manuscript_v2_Circulation.docx,copy,57037,c54d2ecd97e47bc035c5b175a389796c1ef1c291b4d3774e13844a0caa7f1190,ok
C:\Users\nader\Downloads\calon_ukb_pipeline\manuscript\CALON_FH_manuscript_v2_Circulation.md,D:\CALON_FH_PORTABLE\docs_md\manuscript\CALON_FH_manuscript_v2_Circulation.md,copy,50943,d02f795528e49aac5cf2b5ad7dc9122e8a043d90c8512ed9062dca3ab5bc5104,ok
C:\Users\nader\Downloads\calon_ukb_pipeline\manuscript\cover_letter_Circulation.docx,D:\CALON_FH_PORTABLE\manuscripts\manuscript\cover_letter_Circulation.docx,copy,38730,a5351b3d1e80d7a8a36ac67ab08c632771aeb32dfeaab6cd0ce751821de715fe,ok
C:\Users\nader\Downloads\calon_ukb_pipeline\manuscript\cover_letter_Circulation.md,D:\CALON_FH_PORTABLE\docs_md\manuscript\cover_letter_Circulation.md,copy,3860,bd20d4d0df3d76c55ddda2e2691433d2544c6563618fa016b96ec0ff1866c78f,ok
C:\Users\nader\Downloads\calon_ukb_pipeline\manuscript\figures_R.R,D:\CALON_FH_PORTABLE\code\R\manuscript\figures_R.R,copy,8715,864f29632c7f588d8a3fc12dbb5f0303aceb0a3cca02361c95e67740afa9954a,ok
C:\Users\nader\Downloads\calon_ukb_pipeline\manuscript\Genedy_et_al_2026_Saturation_Threshold.docx,D:\CALON_FH_PORTABLE\manuscripts\manuscript\Genedy_et_al_2026_Saturation_Threshold.docx,copy,47592,d6296d58f4b882e3ef46a7b56fd63b5f04ecfd0299c3a1448425331ef7ae5fbb,ok
C:\Users\nader\Downloads\calon_ukb_pipeline\manuscript\main.tex,D:\CALON_FH_PORTABLE\manuscripts\manuscript\main.tex,copy,66919,e1761cd5e648fc95963a44e24cf92a20fc657b8619f463b4bcd5faea8aa0d498,ok
C:\Users\nader\Downloads\calon_ukb_pipeline\manuscript\md_to_docx.py,D:\CALON_FH_PORTABLE\code\python\manuscript\md_to_docx.py,copy,6045,26cb6eaa2c68469784e2e66f584b8609d031081f23554b9b02efd930d368b80a,ok
C:\Users\nader\Downloads\calon_ukb_pipeline\manuscript\POSTER_COPY_PASTE_SHEET.md,D:\CALON_FH_PORTABLE\docs_md\manuscript\POSTER_COPY_PASTE_SHEET.md,copy,10930,feb847784a6815d5ab83cc99f9b9515055d9472e74afa155e8ac937c2c085384,ok
C:\Users\nader\Downloads\calon_ukb_pipeline\manuscript\reviewer_anticipation_QA.docx,D:\CALON_FH_PORTABLE\manuscripts\manuscript\reviewer_anticipation_QA.docx,copy,42711,0bd1758009eed5dec6f85c66d347dd8021a80093e336f40dabbc98b174e99dc4,ok
C:\Users\nader\Downloads\calon_ukb_pipeline\manuscript\reviewer_anticipation_QA.md,D:\CALON_FH_PORTABLE\docs_md\manuscript\reviewer_anticipation_QA.md,copy,14070,6f4b219caa3dfd26be9e2707c20b2131917ec0ec8def94072bec19c0699411c7,ok
C:\Users\nader\Downloads\calon_ukb_pipeline\manuscript\traceability_table.csv,D:\CALON_FH_PORTABLE\data\manuscript\traceability_table.csv,copy,11840,33e14eba5c9a6816f68e2914850c8ae4bd855a60ab6c996309675e1bf4cea9b2,ok
C:\Users\nader\Downloads\calon_ukb_pipeline\output\v2\CALON_FH_full_dataset.csv,D:\CALON_FH_PORTABLE\data\output\v2\CALON_FH_full_dataset.csv,copy,1325715,e4dbf9ffbb90b6f23c07cf50776f3cd9f79addcab133f3e54a97364984f2eeeb,ok
C:\Users\nader\Downloads\calon_ukb_pipeline\output\v2\CALON_FH_full_results.csv,D:\CALON_FH_PORTABLE\data\output\v2\CALON_FH_full_results.csv,copy,424,a600c04c216068783cce3a10b88843aae076773108a9523e73f914243877d170,ok
C:\Users\nader\Downloads\calon_ukb_pipeline\output\v2\CALON_FH_full_subgroups.csv,D:\CALON_FH_PORTABLE\data\output\v2\CALON_FH_full_subgroups.csv,copy,868,9cb1301fd118fbc9e095e3d42bc81bd8761197f20ba4b2ba18d3c353f506fc48,ok
C:\Users\nader\Downloads\calon_ukb_pipeline\output\v2\CALON_FH_full_TRACEABILITY.csv,D:\CALON_FH_PORTABLE\data\output\v2\CALON_FH_full_TRACEABILITY.csv,copy,2771,a2eba1a54226a5090c72a006b4a571d7f1b3e59fb7c3640becf32fbdfac65db4,ok
C:\Users\nader\Downloads\calon_ukb_pipeline\output\v2\CALON_FH_perfect_coefficients.csv,D:\CALON_FH_PORTABLE\data\output\v2\CALON_FH_perfect_coefficients.csv,copy,2602,de296bca03fda7511b46e35156b3315f169e2baf03ed4a7e7fb677814bf1a307,ok
C:\Users\nader\Downloads\calon_ukb_pipeline\output\v2\CALON_FH_perfect_dataset.csv,D:\CALON_FH_PORTABLE\data\output\v2\CALON_FH_perfect_dataset.csv,copy,5958319,845719bad76e578f5753ba6dace43de9c5bd869e30aae94ea0143df941cb89ed,ok
C:\Users\nader\Downloads\calon_ukb_pipeline\output\v2\CALON_FH_perfect_dca.csv,D:\CALON_FH_PORTABLE\data\output\v2\CALON_FH_perfect_dca.csv,copy,404,b950ba9a5ce7433a1fb445404657e331162831765351e3caee1cd883b9bf5f41,ok
C:\Users\nader\Downloads\calon_ukb_pipeline\output\v2\CALON_FH_perfect_external_A_calon_common_coefs.csv,D:\CALON_FH_PORTABLE\data\output\v2\CALON_FH_perfect_external_A_calon_common_coefs.csv,copy,1075,2e02092bd3bc635593b27be2e046ed1f98bbca34368ab3b0a8897eb393edb5d0,ok
C:\Users\nader\Downloads\calon_ukb_pipeline\output\v2\CALON_FH_perfect_external_A_calon_full_coefs.csv,D:\CALON_FH_PORTABLE\data\output\v2\CALON_FH_perfect_external_A_calon_full_coefs.csv,copy,1227,4a2493b6b665ec0c03217db40a1e96f94926319c5dfbbaec5b1b05f4acbc8213,ok
C:\Users\nader\Downloads\calon_ukb_pipeline\output\v2\CALON_FH_perfect_external_B_calon_common_coefs.csv,D:\CALON_FH_PORTABLE\data\output\v2\CALON_FH_perfect_external_B_calon_common_coefs.csv,copy,1041,2e8d0bed1ac0a486fee099216e9311794580c3edde34af32e94a454e454546ed,ok
C:\Users\nader\Downloads\calon_ukb_pipeline\output\v2\CALON_FH_perfect_external_B_calon_full_coefs.csv,D:\CALON_FH_PORTABLE\data\output\v2\CALON_FH_perfect_external_B_calon_full_coefs.csv,copy,2524,65a3ed1e7a9e0dc703bdc5087d1a1ac4ddd3b820088eb4d03fc902fb1c65adec,ok
C:\Users\nader\Downloads\calon_ukb_pipeline\output\v2\CALON_FH_perfect_external_results.csv,D:\CALON_FH_PORTABLE\data\output\v2\CALON_FH_perfect_external_results.csv,copy,649,2b8c32b470562bc991f3c79fc0fe423278be9e1b0da464d1387795c5e3d1d049,ok
C:\Users\nader\Downloads\calon_ukb_pipeline\output\v2\CALON_FH_perfect_rcs_knots.csv,D:\CALON_FH_PORTABLE\data\output\v2\CALON_FH_perfect_rcs_knots.csv,copy,548,5f601cce0560dfa3897443f46009684eef9b8e372c3eaa4e5270028fd0ad008f,ok
C:\Users\nader\Downloads\calon_ukb_pipeline\output\v2\CALON_FH_perfect_results.csv,D:\CALON_FH_PORTABLE\data\output\v2\CALON_FH_perfect_results.csv,copy,546,1764bc441098dfd015aa9ad3d23d32d46ef7f1362ce4e93df803e45bf56c109a,ok
C:\Users\nader\Downloads\calon_ukb_pipeline\output\v2\CALON_FH_perfect_sensitivity_coefficients.csv,D:\CALON_FH_PORTABLE\data\output\v2\CALON_FH_perfect_sensitivity_coefficients.csv,copy,2303,b6d1b15d30dd1691d3d77d7d0008bd1648ea14c606216e32637309ab65293fc4,ok
C:\Users\nader\Downloads\calon_ukb_pipeline\output\v2\CALON_FH_perfect_sensitivity_results.csv,D:\CALON_FH_PORTABLE\data\output\v2\CALON_FH_perfect_sensitivity_results.csv,copy,442,ad18c81828793d6701d0be3fe4dfde436c6faaa0562c085ebcf7c4c2673f7214,ok
C:\Users\nader\Downloads\calon_ukb_pipeline\output\v2\CALON_FH_perfect_subgroups.csv,D:\CALON_FH_PORTABLE\data\output\v2\CALON_FH_perfect_subgroups.csv,copy,909,826f7174604bab5cc1a7ec2c21f521fee3a90d6303d741aff8a397e9948152b2,ok
C:\Users\nader\Downloads\calon_ukb_pipeline\output\v2\CALON_FH_perfect_traceability.csv,D:\CALON_FH_PORTABLE\data\output\v2\CALON_FH_perfect_traceability.csv,copy,1381,b20f8d60f2520d1c511fca2782ed3bc102ebac5a51f6e311afa6824ff1c66882,ok
C:\Users\nader\Downloads\calon_ukb_pipeline\output\v2\CALON_FH_perfect_univariate.csv,D:\CALON_FH_PORTABLE\data\output\v2\CALON_FH_perfect_univariate.csv,copy,7210,0f55fabd00805f729d61eb9f0d2e850ba3992d4eb08b30070e4a62685ef4456a,ok
C:\Users\nader\Downloads\calon_ukb_pipeline\output\v2\CALON_FINAL_v7_calibration.csv,D:\CALON_FH_PORTABLE\data\output\v2\CALON_FINAL_v7_calibration.csv,copy,747,0f1cace946d112af006757990aa7962b7cce81a2bfbe9311639c19410356661e,ok
C:\Users\nader\Downloads\calon_ukb_pipeline\output\v2\CALON_FINAL_v7_coefficients.csv,D:\CALON_FH_PORTABLE\data\output\v2\CALON_FINAL_v7_coefficients.csv,copy,1466,cbd9e1b838cf22e783609bb86cdc768124a8540c5b6fd0e1624e3ff0b1f2e55d,ok
C:\Users\nader\Downloads\calon_ukb_pipeline\output\v2\CALON_FINAL_v7_dca.csv,D:\CALON_FH_PORTABLE\data\output\v2\CALON_FINAL_v7_dca.csv,copy,468,91e26e7371093de506d02c06065ec515e920bc749eddba96854599e2d494d8e8,ok
C:\Users\nader\Downloads\calon_ukb_pipeline\output\v2\CALON_FINAL_v7_poster_data.xlsx,D:\CALON_FH_PORTABLE\assets\output\v2\CALON_FINAL_v7_poster_data.xlsx,copy,16308,73b986716408f6a61e7f655cf5369d01573cd0c8c3f3e24ae18eba0e1f3c57a7,ok
C:\Users\nader\Downloads\calon_ukb_pipeline\output\v2\CALON_FINAL_v7_results.csv,D:\CALON_FH_PORTABLE\data\output\v2\CALON_FINAL_v7_results.csv,copy,1175,a0ad8a6613d19dfc205180f1b2280daec0ddf6f21ebf19b80d54a1db7a3717e4,ok
C:\Users\nader\Downloads\calon_ukb_pipeline\output\v2\CALON_FINAL_v7_subgroups.csv,D:\CALON_FH_PORTABLE\data\output\v2\CALON_FINAL_v7_subgroups.csv,copy,1408,6bbe3eb872ab7ba89516dc130697cc7e9af7ca939caa8d17f4b84374f997f0bc,ok
C:\Users\nader\Downloads\calon_ukb_pipeline\output\v2\CALON_FINAL_v7_subgroup_NRI.csv,D:\CALON_FH_PORTABLE\data\output\v2\CALON_FINAL_v7_subgroup_NRI.csv,copy,2470,9d1a8774dd2c21fc1c2001ca47e88c688c04e82a04fe051511e1fe57e021ecd0,ok
C:\Users\nader\Downloads\calon_ukb_pipeline\output\v2\CALON_FINAL_v7_traceability.csv,D:\CALON_FH_PORTABLE\data\output\v2\CALON_FINAL_v7_traceability.csv,copy,1222,2c373d142ef1e7f7280c76d7f8b317acff714d1e7a655e8ff2fc486a557052bf,ok
C:\Users\nader\Downloads\calon_ukb_pipeline\output\v2\CALON_NEWv2_all_results.csv,D:\CALON_FH_PORTABLE\data\output\v2\CALON_NEWv2_all_results.csv,copy,13779,bd6d187167d063cfd2dda8d3a799900d4af0f9fbd67b14c08b310f18dde33e49,ok
C:\Users\nader\Downloads\calon_ukb_pipeline\output\v2\CALON_NEWv2_lancet_stats.csv,D:\CALON_FH_PORTABLE\data\output\v2\CALON_NEWv2_lancet_stats.csv,copy,1973,86950e420bd507d77e74d93485dfe75fcc4f071900bbebc5e716df776437f48f,ok
C:\Users\nader\Downloads\calon_ukb_pipeline\output\v2\CALON_NEWv2_leaderboard.csv,D:\CALON_FH_PORTABLE\data\output\v2\CALON_NEWv2_leaderboard.csv,copy,1458,44a9c9fe1a41bb848c01f9abe4a44281a1a5d842f786adc0768afac126d6097d,ok
C:\Users\nader\Downloads\calon_ukb_pipeline\output\v2\CALON_NEWv2_pooled_OR.csv,D:\CALON_FH_PORTABLE\data\output\v2\CALON_NEWv2_pooled_OR.csv,copy,2623,a6500e9e573de9891eda4df4220edf13409b8a250510e3ee9ec1ee2763d74f1b,ok
C:\Users\nader\Downloads\calon_ukb_pipeline\output\v2\CALON_NEWv2_side_by_side.csv,D:\CALON_FH_PORTABLE\data\output\v2\CALON_NEWv2_side_by_side.csv,copy,1078,b7095a54f5a83cfa4786d06bc5f360a110e9a5d173777038449b2ca2c9ed53b5,ok
C:\Users\nader\Downloads\calon_ukb_pipeline\output\v2\CALON_NEWv2_SRE_reference.csv,D:\CALON_FH_PORTABLE\data\output\v2\CALON_NEWv2_SRE_reference.csv,copy,720,a45cc18388f58161a1d10235648d7ff56ee833f927731fdc40bf290ee0fec842,ok
C:\Users\nader\Downloads\calon_ukb_pipeline\output\v2\CALON_NEWv2_subgroup_AUCs.csv,D:\CALON_FH_PORTABLE\data\output\v2\CALON_NEWv2_subgroup_AUCs.csv,copy,9848,ac9c4d64f54c699824cceb59372876e3602864c793a52d970c7ade4c1c15f938,ok
C:\Users\nader\Downloads\calon_ukb_pipeline\output\v2\CALON_RESULTS_CORRECTED.md,D:\CALON_FH_PORTABLE\docs_md\output\v2\CALON_RESULTS_CORRECTED.md,copy,11350,b0e41400f2e1a2796cf3edcd68f13e96287f1c7c0a33d1e178e4d8c403b264df,ok
C:\Users\nader\Downloads\calon_ukb_pipeline\output\v2\CALON_SRE_categorical_results.csv,D:\CALON_FH_PORTABLE\data\output\v2\CALON_SRE_categorical_results.csv,copy,426,d5c3761048ebddbc415661be254f6c14c164bf5b39f2775c5951795edd375ad4,ok
C:\Users\nader\Downloads\calon_ukb_pipeline\output\v2\CALON_SRE_corrected_results.csv,D:\CALON_FH_PORTABLE\data\output\v2\CALON_SRE_corrected_results.csv,copy,258,b96e3b1f61adac1d03f0a57045ada595457cabf88be9b13c8814a8d27100e471,ok
C:\Users\nader\Downloads\calon_ukb_pipeline\output\v2\CALON_SRE_extended_coefficients.csv,D:\CALON_FH_PORTABLE\data\output\v2\CALON_SRE_extended_coefficients.csv,copy,2271,f0014753eb0aa7b57a0afbcf7387e9c8b97c7856113114d8e697d062e00cf373,ok
C:\Users\nader\Downloads\calon_ukb_pipeline\output\v2\CALON_SRE_extended_results.csv,D:\CALON_FH_PORTABLE\data\output\v2\CALON_SRE_extended_results.csv,copy,877,f677d158693f548f1b1dfcfba14c8de00d4680313b3ff583972e74b18e8df502,ok
C:\Users\nader\Downloads\calon_ukb_pipeline\output\v2\CALON_v2_coefficients.csv,D:\CALON_FH_PORTABLE\data\output\v2\CALON_v2_coefficients.csv,copy,1819,6a36d0f023ad780a9f312bf30ae917a4a76d750eebb01cb2c1b5bffdab32c29e,ok
C:\Users\nader\Downloads\calon_ukb_pipeline\output\v2\CALON_v2_results.csv,D:\CALON_FH_PORTABLE\data\output\v2\CALON_v2_results.csv,copy,788,a48bf740d1f801a747ae4238f06380291179892e694cce6ee64e6b65076af542,ok
C:\Users\nader\Downloads\calon_ukb_pipeline\output\v2\CALON_v3_coefficients.csv,D:\CALON_FH_PORTABLE\data\output\v2\CALON_v3_coefficients.csv,copy,1358,f58351150f7596b467e0f54f6ccf5f1efdd5c5ee81ca8e0db21fc84f972c331c,ok
C:\Users\nader\Downloads\calon_ukb_pipeline\output\v2\CALON_v3_results.csv,D:\CALON_FH_PORTABLE\data\output\v2\CALON_v3_results.csv,copy,1834,48743d73ac5299993286fc82223d9cda65c55e2e1cbe42fd2ef16348b574d4f1,ok
C:\Users\nader\Downloads\calon_ukb_pipeline\output\v2\CALON_v4c_coefficients.csv,D:\CALON_FH_PORTABLE\data\output\v2\CALON_v4c_coefficients.csv,copy,1362,c23bbb6f8aca075c07658571bc4ccf0e93de762b1573972b9677617b47c52de7,ok
C:\Users\nader\Downloads\calon_ukb_pipeline\output\v2\CALON_v4c_results.csv,D:\CALON_FH_PORTABLE\data\output\v2\CALON_v4c_results.csv,copy,418,efa762c0146e037a24072c41e43a4c6a55d8b38d2714e8daada1f91fefef555e,ok
C:\Users\nader\Downloads\calon_ukb_pipeline\output\v2\CALON_v4_coefficients.csv,D:\CALON_FH_PORTABLE\data\output\v2\CALON_v4_coefficients.csv,copy,1360,a78429150a9233d75b731aaaebecb97477fd81fbed62c11c3e6f865d3cfeb369,ok
C:\Users\nader\Downloads\calon_ukb_pipeline\output\v2\CALON_v4_results.csv,D:\CALON_FH_PORTABLE\data\output\v2\CALON_v4_results.csv,copy,811,da5147111de929a46f610426f50df0562b1aa3f9fc2fee72a7a176c016af3ea7,ok
C:\Users\nader\Downloads\calon_ukb_pipeline\output\v2\CALON_v5_coefficients.csv,D:\CALON_FH_PORTABLE\data\output\v2\CALON_v5_coefficients.csv,copy,2096,5919f380593e23571d4bdb6b70e9b003caf208c27203ca9c3e87ae4565aa218e,ok
C:\Users\nader\Downloads\calon_ukb_pipeline\output\v2\CALON_v5_results.csv,D:\CALON_FH_PORTABLE\data\output\v2\CALON_v5_results.csv,copy,536,1d22dbc98630763a26ae1a2129961251e52eb934d348403a3d85bd9b11ce18e5,ok
C:\Users\nader\Downloads\calon_ukb_pipeline\output\v2\CALON_v6_coefficients.csv,D:\CALON_FH_PORTABLE\data\output\v2\CALON_v6_coefficients.csv,copy,1536,b1e5277eeb834e99764595861447dfce574f1ddb14f87775255ed8adfa1b3095,ok
C:\Users\nader\Downloads\calon_ukb_pipeline\output\v2\CALON_v6_results.csv,D:\CALON_FH_PORTABLE\data\output\v2\CALON_v6_results.csv,copy,366,457ae45c963cddfa559ad0df24a22229d89d6827c4c0cd74f212b881e62c89db,ok
C:\Users\nader\Downloads\calon_ukb_pipeline\output\v2\CALON_v7_clean_coefficients.csv,D:\CALON_FH_PORTABLE\data\output\v2\CALON_v7_clean_coefficients.csv,copy,1466,cbd9e1b838cf22e783609bb86cdc768124a8540c5b6fd0e1624e3ff0b1f2e55d,ok
C:\Users\nader\Downloads\calon_ukb_pipeline\output\v2\CALON_v7_clean_results.csv,D:\CALON_FH_PORTABLE\data\output\v2\CALON_v7_clean_results.csv,copy,502,f7d9de1c5777d8adc28c9fb77905176cfa81b081d7e916916c247ae512db0fae,ok
C:\Users\nader\Downloads\calon_ukb_pipeline\output\v2\run_log.txt,D:\CALON_FH_PORTABLE\assets\output\v2\run_log.txt,copy,30892,2ed2487b3acb3efc6a4ddeeb1b0ee4911899a191369aa11442b689e15dbec4ea,ok
C:\Users\nader\Downloads\calon_ukb_pipeline\output\v2\poster_figures\p1_headline_auc.pdf,D:\CALON_FH_PORTABLE\manuscripts\output\v2\poster_figures\p1_headline_auc.pdf,copy,58486,0ed3d762720b515047e1d8cf76a31b30def35141364e685958adfd5b21ce7424,ok
C:\Users\nader\Downloads\calon_ukb_pipeline\output\v2\poster_figures\p1_headline_auc.png,D:\CALON_FH_PORTABLE\assets\output\v2\poster_figures\p1_headline_auc.png,copy,292283,673ec35a87df53e8f90b4a6177b179c155effb65001d216de8883a29c505d7f5,ok
C:\Users\nader\Downloads\calon_ukb_pipeline\output\v2\poster_figures\p2_subgroup_forest.pdf,D:\CALON_FH_PORTABLE\manuscripts\output\v2\poster_figures\p2_subgroup_forest.pdf,copy,53195,b6e33082c3a5d68dbab0a355e3f8524878d1d39341837ff8fde40415b26710b5,ok
C:\Users\nader\Downloads\calon_ukb_pipeline\output\v2\poster_figures\p2_subgroup_forest.png,D:\CALON_FH_PORTABLE\assets\output\v2\poster_figures\p2_subgroup_forest.png,copy,593095,9f5f56cbbaab84b9051384c725a5884e9b9aebc3a0067f7652c94afe5c3c6920,ok
C:\Users\nader\Downloads\calon_ukb_pipeline\output\v2\poster_figures\p3_calibration_dca.pdf,D:\CALON_FH_PORTABLE\manuscripts\output\v2\poster_figures\p3_calibration_dca.pdf,copy,45913,73074bc230764cb66d86b76792e496014410256d62c7706f0b5ef981962064e2,ok
C:\Users\nader\Downloads\calon_ukb_pipeline\output\v2\poster_figures\p3_calibration_dca.png,D:\CALON_FH_PORTABLE\assets\output\v2\poster_figures\p3_calibration_dca.png,copy,652357,42a37b49136123493ebb6976cda3be8b574fc89e9aa70e39029f8564dcccbbd9,ok
C:\Users\nader\Downloads\calon_ukb_pipeline\output\v2\poster_figures\p4_coef_nri.pdf,D:\CALON_FH_PORTABLE\manuscripts\output\v2\poster_figures\p4_coef_nri.pdf,copy,53970,7e9052557b62417bd6fa4c80ce4613df476dfc60fa821bf249e8ea8ad55c579f,ok
C:\Users\nader\Downloads\calon_ukb_pipeline\output\v2\poster_figures\p4_coef_nri.png,D:\CALON_FH_PORTABLE\assets\output\v2\poster_figures\p4_coef_nri.png,copy,538069,68e220412fb088f3cebb8295036916eeffb2f5480e7fff1bca21428d93858f55,ok
C:\Users\nader\Downloads\calon_ukb_pipeline\output\v2\poster_figures\p5_subgroup_tiles.pdf,D:\CALON_FH_PORTABLE\manuscripts\output\v2\poster_figures\p5_subgroup_tiles.pdf,copy,60884,18a9b6a30c0540c2f060d62e13e601be21480aca077ec37097851e2c203f0250,ok
C:\Users\nader\Downloads\calon_ukb_pipeline\output\v2\poster_figures\p5_subgroup_tiles.png,D:\CALON_FH_PORTABLE\assets\output\v2\poster_figures\p5_subgroup_tiles.png,copy,737358,b50c18182ddda0b5a25b7fa1f05ecdd26399dd89a600941b94fde8e81ea7428b,ok
C:\Users\nader\Downloads\calon_ukb_pipeline\output\v2\poster_figures\p6_cohort_waterfall.pdf,D:\CALON_FH_PORTABLE\manuscripts\output\v2\poster_figures\p6_cohort_waterfall.pdf,copy,50280,01aab63e5283d627ed08005c97ba839e9280e2ff2a88d8d459a5bdc890a389eb,ok
C:\Users\nader\Downloads\calon_ukb_pipeline\output\v2\poster_figures\p6_cohort_waterfall.png,D:\CALON_FH_PORTABLE\assets\output\v2\poster_figures\p6_cohort_waterfall.png,copy,351760,84f6d0f858977823f5e39d332acb15dc6616d8711ebeae72c7fd97c29f95c018,ok
C:\Users\nader\Downloads\calon_ukb_pipeline\output\v2\poster_figures\p7_reclassification_heatmap.pdf,D:\CALON_FH_PORTABLE\manuscripts\output\v2\poster_figures\p7_reclassification_heatmap.pdf,copy,62030,39c4b711a3f83145b3d8be0ffc4d45ba52028908910f6214c4c6ab81f0fbc794,ok
C:\Users\nader\Downloads\calon_ukb_pipeline\output\v2\poster_figures\p7_reclassification_heatmap.png,D:\CALON_FH_PORTABLE\assets\output\v2\poster_figures\p7_reclassification_heatmap.png,copy,492640,268dac9958e2b40f91e8a355016f6ac3cf6065614c61823dd53da9086fa810d9,ok
C:\Users\nader\Downloads\calon_ukb_pipeline\output\v2\poster_figures\p8_treatment_era_timeline.pdf,D:\CALON_FH_PORTABLE\manuscripts\output\v2\poster_figures\p8_treatment_era_timeline.pdf,copy,44664,48d9299fab110178393d70cbe1f10d05558fafdb342f4a76e4a1a95ab08fa200,ok
C:\Users\nader\Downloads\calon_ukb_pipeline\output\v2\poster_figures\p8_treatment_era_timeline.png,D:\CALON_FH_PORTABLE\assets\output\v2\poster_figures\p8_treatment_era_timeline.png,copy,465782,41f56bbb2e15cfa38be02ed6bc3700b717aa749a6bd21238cdc5f9d27d9d4c91,ok
C:\Users\nader\Downloads\calon_ukb_pipeline\output\v2\poster_figures\panel_A_auc_bars.pdf,D:\CALON_FH_PORTABLE\manuscripts\output\v2\poster_figures\panel_A_auc_bars.pdf,copy,32565,7bbebf245202e9d345fe467a6c1e77bc65b8102b5c6fe4bb6cd21dfda76df67f,ok
C:\Users\nader\Downloads\calon_ukb_pipeline\output\v2\poster_figures\panel_A_auc_bars.png,D:\CALON_FH_PORTABLE\assets\output\v2\poster_figures\panel_A_auc_bars.png,copy,266851,0d2aa42413faccf7c4832650657d280afca53d56cc4e8467aed76ed5a24523ff,ok
C:\Users\nader\Downloads\calon_ukb_pipeline\output\v2\poster_figures\panel_B_subgroup_forest.pdf,D:\CALON_FH_PORTABLE\manuscripts\output\v2\poster_figures\panel_B_subgroup_forest.pdf,copy,33260,81c608b9a0a4c0e67cf0f8fa1d9f135d2a4f6f9e30d2acef16696b1eb7c46348,ok
C:\Users\nader\Downloads\calon_ukb_pipeline\output\v2\poster_figures\panel_B_subgroup_forest.png,D:\CALON_FH_PORTABLE\assets\output\v2\poster_figures\panel_B_subgroup_forest.png,copy,589645,4813cfe2c0fe2eab739bd346124d995cdc0d4cddacf99cc5d34d9c238f5252bf,ok
C:\Users\nader\Downloads\calon_ukb_pipeline\output\v2\poster_figures\panel_C_calibration.pdf,D:\CALON_FH_PORTABLE\manuscripts\output\v2\poster_figures\panel_C_calibration.pdf,copy,28006,7dc963ad7259415cf2259db8ea00e01c57939ed1e58e1ec0c1dabd3b45d30e3a,ok
C:\Users\nader\Downloads\calon_ukb_pipeline\output\v2\poster_figures\panel_C_calibration.png,D:\CALON_FH_PORTABLE\assets\output\v2\poster_figures\panel_C_calibration.png,copy,453158,9a976731c647b08666b05153fbcccce0292f8710e0e44be103e3b01246d09244,ok
C:\Users\nader\Downloads\calon_ukb_pipeline\output\v2\poster_figures\panel_D_dca.pdf,D:\CALON_FH_PORTABLE\manuscripts\output\v2\poster_figures\panel_D_dca.pdf,copy,28113,9ce8dd2691cdc9fbcd91f06920970ceffb9c084ea0ec0a3e24a7779c4bcc264c,ok
C:\Users\nader\Downloads\calon_ukb_pipeline\output\v2\poster_figures\panel_D_dca.png,D:\CALON_FH_PORTABLE\assets\output\v2\poster_figures\panel_D_dca.png,copy,482617,6497fefffaf73f46b45c7d055b497278c92f0f02accad5933535ef6e40d462ca,ok
C:\Users\nader\Downloads\calon_ukb_pipeline\output\v2\poster_figures\panel_E_coef_forest.pdf,D:\CALON_FH_PORTABLE\manuscripts\output\v2\poster_figures\panel_E_coef_forest.pdf,copy,29673,b2c03af3d5fe3f557cfa2f1507bebc2a467eb37cff225f8a8276a1bb9b0847dd,ok
C:\Users\nader\Downloads\calon_ukb_pipeline\output\v2\poster_figures\panel_E_coef_forest.png,D:\CALON_FH_PORTABLE\assets\output\v2\poster_figures\panel_E_coef_forest.png,copy,294943,6452078f4c633d088aeac1ffd3dc3e52a647ec59516f2bbfad1c796c68fd4155,ok
C:\Users\nader\Downloads\calon_ukb_pipeline\output\v2\poster_figures\panel_F_nri_idi.pdf,D:\CALON_FH_PORTABLE\manuscripts\output\v2\poster_figures\panel_F_nri_idi.pdf,copy,28765,4baa073f5b63067341596f4b7f09dfd0ebfd88d24161f037df8d455cf8265d73,ok
C:\Users\nader\Downloads\calon_ukb_pipeline\output\v2\poster_figures\panel_F_nri_idi.png,D:\CALON_FH_PORTABLE\assets\output\v2\poster_figures\panel_F_nri_idi.png,copy,352133,dfd2ef7383d21de43e67a2481fefca7b62a6dfe87a805b95a286206399cb8118,ok
C:\Users\nader\Downloads\calon_ukb_pipeline\qc_output\agent_1_raw_data.md,D:\CALON_FH_PORTABLE\docs_md\qc_output\agent_1_raw_data.md,copy,5754,6e59e89e5a4cbc7cf8a7914c7c516cb598ad2bca474c2c9f91177ad9f0e2e8fd,ok
C:\Users\nader\Downloads\calon_ukb_pipeline\qc_output\agent_1_raw_data_report.json,D:\CALON_FH_PORTABLE\assets\qc_output\agent_1_raw_data_report.json,copy,7847,20bb3e6481c88d4b36cacd564acd3c69d94d30382ff7eb3d082c6d9ee9a34de9,ok
C:\Users\nader\Downloads\calon_ukb_pipeline\qc_output\agent_2_cohort.md,D:\CALON_FH_PORTABLE\docs_md\qc_output\agent_2_cohort.md,copy,5899,5c48ab27e36e14ee42c8710a532bafe3461442e13d7802cb00978a394ffd8914,ok
C:\Users\nader\Downloads\calon_ukb_pipeline\qc_output\agent_2_cohort_report.json,D:\CALON_FH_PORTABLE\assets\qc_output\agent_2_cohort_report.json,copy,7807,fb8fbb8d4dd04153e1f0c7207030d1e7ee8910032cab41e64a575c8e5d38bb00,ok
C:\Users\nader\Downloads\calon_ukb_pipeline\qc_output\agent_3_features.md,D:\CALON_FH_PORTABLE\docs_md\qc_output\agent_3_features.md,copy,5594,dcdf6299eb6dc6765701fcce0db704e9a4f49d9fd1b093b82e6e086012840308,ok
C:\Users\nader\Downloads\calon_ukb_pipeline\qc_output\agent_3_features_report.json,D:\CALON_FH_PORTABLE\assets\qc_output\agent_3_features_report.json,copy,8753,b0d70dfd465f6ed9d3b4679b11cee5097942092c9daabdeb662518c94836bf54,ok
C:\Users\nader\Downloads\calon_ukb_pipeline\qc_output\agent_4_claims.json,D:\CALON_FH_PORTABLE\assets\qc_output\agent_4_claims.json,copy,54405,90f686cba29973dd21d00b473a07f8de403d94ebaa8250be208200fde4232409,ok
C:\Users\nader\Downloads\calon_ukb_pipeline\qc_output\agent_4_reproduce.py,D:\CALON_FH_PORTABLE\code\python\qc_output\agent_4_reproduce.py,copy,24553,8cab20831387a48edcc5add988531e6c36abf2e2c8b2a1278a766d0f8f12dbc2,ok
C:\Users\nader\Downloads\calon_ukb_pipeline\qc_output\agent_4_stats.md,D:\CALON_FH_PORTABLE\docs_md\qc_output\agent_4_stats.md,copy,8717,14eb01c862ada51b71d64cdd83ce3c9026a1871e21438fdffc07a4d879863c89,ok
C:\Users\nader\Downloads\calon_ukb_pipeline\qc_output\agent_4_stats_report.json,D:\CALON_FH_PORTABLE\assets\qc_output\agent_4_stats_report.json,copy,61257,d779afa39365042e73505599d34315d0c9dadd037e5a2a73871b666734f5cce6,ok
C:\Users\nader\Downloads\calon_ukb_pipeline\qc_output\agent_5_claims.json,D:\CALON_FH_PORTABLE\assets\qc_output\agent_5_claims.json,copy,54405,90f686cba29973dd21d00b473a07f8de403d94ebaa8250be208200fde4232409,ok
C:\Users\nader\Downloads\calon_ukb_pipeline\qc_output\agent_5_manuscript_text.txt,D:\CALON_FH_PORTABLE\assets\qc_output\agent_5_manuscript_text.txt,copy,70487,e12e703c1692b0a134116b1b42cc953e03ebaa2f107cf06fcdf504d96fb85a7b,ok
C:\Users\nader\Downloads\calon_ukb_pipeline\qc_output\agent_5_provenance.md,D:\CALON_FH_PORTABLE\docs_md\qc_output\agent_5_provenance.md,copy,4759,1644c09b8e16aa53908afdd519c63350bafe1bd71ef4961ecaeedc327793734b,ok
C:\Users\nader\Downloads\calon_ukb_pipeline\qc_output\agent_5_provenance_report.json,D:\CALON_FH_PORTABLE\assets\qc_output\agent_5_provenance_report.json,copy,19166,0c337974514ba48c9ec98cb98bf58b6bccfc7525680faee5157b978c4c737a1d,ok
C:\Users\nader\Downloads\calon_ukb_pipeline\qc_output\MASTER_QC_REPORT.json,D:\CALON_FH_PORTABLE\assets\qc_output\MASTER_QC_REPORT.json,copy,118308,f8868688b045b41f4c7b3320a44f32257a01665778c34f72d00b389eec09d0f6,ok
C:\Users\nader\Downloads\calon_ukb_pipeline\qc_output\MASTER_QC_REPORT.md,D:\CALON_FH_PORTABLE\docs_md\qc_output\MASTER_QC_REPORT.md,copy,7303,53b1ae9cdf1b4242409a434325c3df2b0f354ddfcaabaa6bf46a673d43bd5b84,ok
C:\Users\nader\Downloads\calon_ukb_pipeline\rosie_submissions\batch1_28_mutations.csv,D:\CALON_FH_PORTABLE\data\rosie_submissions\batch1_28_mutations.csv,copy,1122,8dafc88dfbb75c5fcebca5e43cd96c9737e67435e42321ae30ea29bf882afdcd,ok
C:\Users\nader\Downloads\calon_ukb_pipeline\rosie_submissions\batch1_28_mutations_list.txt,D:\CALON_FH_PORTABLE\assets\rosie_submissions\batch1_28_mutations_list.txt,copy,1289,033f59a846309990a08768f2125e795a4c66fce87e9c3ea397c2dc40f8d0706a,ok
C:\Users\nader\Downloads\calon_ukb_pipeline\rosie_submissions\batch1_28_mutations_resfile.txt,D:\CALON_FH_PORTABLE\assets\rosie_submissions\batch1_28_mutations_resfile.txt,copy,432,c9c91690817e19227ffa2605419cdda3c760b423ef7ff19813a8b4a7be8e7f69,ok
C:\Users\nader\Downloads\calon_ukb_pipeline\rosie_submissions\batch2_162_mutations.csv,D:\CALON_FH_PORTABLE\data\rosie_submissions\batch2_162_mutations.csv,copy,8558,bf8f03d57b690adee091e9bd2862b29c69e451def2c9aa39c43405ceaa06820a,ok
C:\Users\nader\Downloads\calon_ukb_pipeline\rosie_submissions\mutations_cartesian_ddg.txt,D:\CALON_FH_PORTABLE\assets\rosie_submissions\mutations_cartesian_ddg.txt,copy,250,d549b5ec4dda15f811c5d3ee03b299597ddf44f7ced7e961bd167c5e35a867d2,ok
C:\Users\nader\Downloads\calon_ukb_pipeline\rosie_submissions\mutations_for_rosie.mutfile,D:\CALON_FH_PORTABLE\assets\rosie_submissions\mutations_for_rosie.mutfile,copy,233,e5bc0862e7862f72af14f3cf49cff0bf8615494eff304591b62432a616021c5f,ok
C:\Users\nader\Downloads\calon_ukb_pipeline\rosie_submissions\mutations_for_rosie_ddg.mutfile,D:\CALON_FH_PORTABLE\assets\rosie_submissions\mutations_for_rosie_ddg.mutfile,copy,344,8d461a51a70dff4e2dec24e26d63ce15eb21f31af41a71b745ece6ad47d7873c,ok
C:\Users\nader\Downloads\calon_ukb_pipeline\tudor_loco_output\bidirectional_validation.csv,D:\CALON_FH_PORTABLE\data\tudor_loco_output\bidirectional_validation.csv,copy,1181,e00655cbec66cc256885fc666d41240db2147f2b5429d2f1a9654c4540b62422,ok
C:\Users\nader\Downloads\calon_ukb_pipeline\tudor_loco_output\DCA_results.csv,D:\CALON_FH_PORTABLE\data\tudor_loco_output\DCA_results.csv,copy,1789,248eba5d056e834eaeadae196133e1ef9072a0f5612477b9003fb07845da94e2,ok
C:\Users\nader\Downloads\calon_ukb_pipeline\tudor_loco_output\head_to_head_delong.csv,D:\CALON_FH_PORTABLE\data\tudor_loco_output\head_to_head_delong.csv,copy,2267,efe0e0eb26bcc7550702e9947be47a2d1af20fb0a09570060828c0cb5750a901,ok
C:\Users\nader\Downloads\calon_ukb_pipeline\tudor_loco_output\head_to_head_discrimination.csv,D:\CALON_FH_PORTABLE\data\tudor_loco_output\head_to_head_discrimination.csv,copy,1656,249343ba25fa97e42c3c6cd731b9d968059a89b48f505d6cd38f5a9a5ca2430c,ok
C:\Users\nader\Downloads\calon_ukb_pipeline\tudor_loco_output\lancet_statistics_summary.csv,D:\CALON_FH_PORTABLE\data\tudor_loco_output\lancet_statistics_summary.csv,copy,937,d408ad1b36e31ea5effd4261c0817165d43eb2c9dc4147dd8169f1227c1f5549,ok
C:\Users\nader\Downloads\calon_ukb_pipeline\tudor_loco_output\LOCO_CV_full_results.csv,D:\CALON_FH_PORTABLE\data\tudor_loco_output\LOCO_CV_full_results.csv,copy,769,628b25cf182b347316d8c8864fc11721d1e372559040ba75ccdee4579cfe77f0,ok
C:\Users\nader\Downloads\calon_ukb_pipeline\tudor_loco_output\LOCO_CV_results.csv,D:\CALON_FH_PORTABLE\data\tudor_loco_output\LOCO_CV_results.csv,copy,719,bbe723b83b83f8c97709e608c4f1712e6703555bb397ade64aa566f5b6692815,ok
C:\Users\nader\Downloads\calon_ukb_pipeline\tudor_loco_output\loco_predictions_complete.csv,D:\CALON_FH_PORTABLE\data\tudor_loco_output\loco_predictions_complete.csv,copy,17030457,4cf43acbff935f84363d7fb1fab949066ee9af0a25ec74844c417407ae2cd401,ok
C:\Users\nader\Downloads\calon_ukb_pipeline\tudor_loco_output\MANUSCRIPT_ADDITIONS.txt,D:\CALON_FH_PORTABLE\assets\tudor_loco_output\MANUSCRIPT_ADDITIONS.txt,copy,27697,e1681b9d9fba2a3a71770ba3c94e4067ab46df572c88b9fcbd6f5ad9dd4d4bf4,ok
C:\Users\nader\Downloads\calon_ukb_pipeline\tudor_loco_output\nri_idi_results.csv,D:\CALON_FH_PORTABLE\data\tudor_loco_output\nri_idi_results.csv,copy,193,e6b608ea6f38551591ad5f556b189aef6a89a805fd839b62c98d7156bc7d123d,ok
C:\Users\nader\Downloads\calon_ukb_pipeline\tudor_loco_output\subgroup_analyses.csv,D:\CALON_FH_PORTABLE\data\tudor_loco_output\subgroup_analyses.csv,copy,486,5722553d084a7a7ef3870543c1602bb7d078da476e618a7a8cc424ddda429b94,ok
C:\Users\nader\Downloads\calon_ukb_pipeline\tudor_loco_output\subgroup_results.csv,D:\CALON_FH_PORTABLE\data\tudor_loco_output\subgroup_results.csv,copy,535,74a14ca7d0c1e855ff5d9d4e830745f47c60292ea5b91664eddd68e7440cb6ee,ok
C:\Users\nader\Downloads\calon_ukb_pipeline\tudor_loco_output\TUDOR_figures_publication.R,D:\CALON_FH_PORTABLE\code\R\tudor_loco_output\TUDOR_figures_publication.R,copy,27326,a519d4b577ac82b41ea61cdc70a8a991e8fa4f56001eaeaf182c5151921c70e5,ok
C:\Users\nader\Downloads\calon_ukb_pipeline\tudor_loco_output\TUDOR_flaw6_trgshield.R,D:\CALON_FH_PORTABLE\code\R\tudor_loco_output\TUDOR_flaw6_trgshield.R,copy,8335,25ae6bcd30c35a2a84449080ce5a9ecc508dc519aca5a3f1d0b7e5c8dadc4a8b,ok
C:\Users\nader\Downloads\calon_ukb_pipeline\tudor_loco_output\TUDOR_flaws_analysis.R,D:\CALON_FH_PORTABLE\code\R\tudor_loco_output\TUDOR_flaws_analysis.R,copy,27849,d375ca9ba90fd1248e33ff8d29b4af5fe2482a1c947fee16ffa73a15e55c4507,ok
C:\Users\nader\Downloads\calon_ukb_pipeline\tudor_loco_output\TUDOR_Manuscript_COMPLETE.docx,D:\CALON_FH_PORTABLE\manuscripts\tudor_loco_output\TUDOR_Manuscript_COMPLETE.docx,copy,80401,2fa3a0fcf8ce90460a77c2f768118a3fa20c765cdddbbc9a2895cfb72d61fff6,ok
C:\Users\nader\Downloads\calon_ukb_pipeline\tudor_loco_output\ukb_lipid_clinic_calibration.csv,D:\CALON_FH_PORTABLE\data\tudor_loco_output\ukb_lipid_clinic_calibration.csv,copy,175,a9be7cf3c6464d83a0d3c9b5ac2894324feeb2f3e85abfa3847b2728fab8ccc3,ok
C:\Users\nader\Downloads\calon_ukb_pipeline\tudor_loco_output\ukb_lipid_clinic_calibration_table.csv,D:\CALON_FH_PORTABLE\data\tudor_loco_output\ukb_lipid_clinic_calibration_table.csv,copy,333,87f7ebc329fc70924ff0543a7aa8d03ceb08b6e0bac7c9bfa0c2cd686007f5db,ok
C:\Users\nader\Downloads\calon_ukb_pipeline\tudor_loco_output\ukb_lipid_clinic_dca.csv,D:\CALON_FH_PORTABLE\data\tudor_loco_output\ukb_lipid_clinic_dca.csv,copy,6829,692a817ccbf5603bcb6be0870da1c342ffa174050fa62d2354e3816ecb3f1c3d,ok
C:\Users\nader\Downloads\calon_ukb_pipeline\tudor_loco_output\ukb_lipid_clinic_delong.csv,D:\CALON_FH_PORTABLE\data\tudor_loco_output\ukb_lipid_clinic_delong.csv,copy,257,66fa5e199609f9246888c9a9ee14e7127c4a6fa3a2eb75f07d60f077286800c2,ok
C:\Users\nader\Downloads\calon_ukb_pipeline\tudor_loco_output\ukb_lipid_clinic_discrimination.csv,D:\CALON_FH_PORTABLE\data\tudor_loco_output\ukb_lipid_clinic_discrimination.csv,copy,294,09680bfc8f3cefad8c99d5c325cc2100ea1fcc51175ef49f60c5b67c8b9c0985,ok
C:\Users\nader\Downloads\calon_ukb_pipeline\tudor_loco_output\ukb_lipid_clinic_nri_idi.csv,D:\CALON_FH_PORTABLE\data\tudor_loco_output\ukb_lipid_clinic_nri_idi.csv,copy,249,789168d3bdd5d8857b990374059fb13d5b7257e77b6226720ebbaed7f2056cc5,ok
C:\Users\nader\Downloads\calon_ukb_pipeline\tudor_loco_output\ukb_lipid_clinic_subgroups.csv,D:\CALON_FH_PORTABLE\data\tudor_loco_output\ukb_lipid_clinic_subgroups.csv,copy,1120,c756cad1728572ad9bdde4cd71c1b6c899c9b214f256d1d1fcc123077433b718,ok
C:\Users\nader\Downloads\calon_ukb_pipeline\tudor_loco_output\figures\apob_ldl_discordance.pdf,D:\CALON_FH_PORTABLE\manuscripts\tudor_loco_output\figures\apob_ldl_discordance.pdf,copy,10262,f8b8b6646613dbd840a8d0eab2c8fce94a07a2e77f8e96db44a58f800fdd5848,ok
C:\Users\nader\Downloads\calon_ukb_pipeline\tudor_loco_output\figures\calibration_SouthWales.pdf,D:\CALON_FH_PORTABLE\manuscripts\tudor_loco_output\figures\calibration_SouthWales.pdf,copy,5242,15d6c2979f636ccab6f15891e6f919ff4144aa67ba2483f8dec36e74ebf48970,ok
C:\Users\nader\Downloads\calon_ukb_pipeline\tudor_loco_output\figures\calibration_UKB.pdf,D:\CALON_FH_PORTABLE\manuscripts\tudor_loco_output\figures\calibration_UKB.pdf,copy,5207,13bc7eb44d95c3105417641268b489ae83662079cc7cb132138df284f553e1e0,ok
C:\Users\nader\Downloads\calon_ukb_pipeline\tudor_loco_output\figures\calibration_Wales.pdf,D:\CALON_FH_PORTABLE\manuscripts\tudor_loco_output\figures\calibration_Wales.pdf,copy,5228,77249f24e5622aed4008240d46fc347c0c47270f3f43e937c0912d1fbebfb12c,ok
C:\Users\nader\Downloads\calon_ukb_pipeline\tudor_loco_output\figures\decision_curve_all.pdf,D:\CALON_FH_PORTABLE\manuscripts\tudor_loco_output\figures\decision_curve_all.pdf,copy,8501,6936d754795a60b73fabd5071b4d9fb06d4fe259b46f67fe166e9bf5b5b66487,ok
C:\Users\nader\Downloads\calon_ukb_pipeline\tudor_loco_output\figures\Fig5_LOCO_ROC_panel.pdf,D:\CALON_FH_PORTABLE\manuscripts\tudor_loco_output\figures\Fig5_LOCO_ROC_panel.pdf,copy,11385,813fcacb03e22eaa60fc0f8b17c384a2f673e0ebb4b40dc0ea716f5b8265ecc9,ok
C:\Users\nader\Downloads\calon_ukb_pipeline\tudor_loco_output\figures\Fig5_LOCO_ROC_panel.png,D:\CALON_FH_PORTABLE\assets\tudor_loco_output\figures\Fig5_LOCO_ROC_panel.png,copy,178326,2c6d2d7464889dc20bd53cf419cc82d8c588fcb63ac26aaa1242b9b371da7cb7,ok
C:\Users\nader\Downloads\calon_ukb_pipeline\tudor_loco_output\figures\Fig6_subgroup_forest.pdf,D:\CALON_FH_PORTABLE\manuscripts\tudor_loco_output\figures\Fig6_subgroup_forest.pdf,copy,6555,08fd6e4eb383794bfea0a8255ec04375ff3459f78dc43c7815012376672c152d,ok
C:\Users\nader\Downloads\calon_ukb_pipeline\tudor_loco_output\figures\Fig6_subgroup_forest.png,D:\CALON_FH_PORTABLE\assets\tudor_loco_output\figures\Fig6_subgroup_forest.png,copy,130243,e798de9fcf9f2ab7d2a3de9de8e319d768da0d305e659ed28e0d69ba015aae14,ok
C:\Users\nader\Downloads\calon_ukb_pipeline\tudor_loco_output\figures\Fig7_DCA.pdf,D:\CALON_FH_PORTABLE\manuscripts\tudor_loco_output\figures\Fig7_DCA.pdf,copy,5304,30ee4dea483d5dc5b753655d12b2e7ff201d61ac0c6cd70d6615cae8115f408b,ok
C:\Users\nader\Downloads\calon_ukb_pipeline\tudor_loco_output\figures\Fig7_DCA.png,D:\CALON_FH_PORTABLE\assets\tudor_loco_output\figures\Fig7_DCA.png,copy,79399,b9cd08383372773dd2e16cd577782f4cfa137aef2500532924b0ebfacfb810b1,ok
C:\Users\nader\Downloads\calon_ukb_pipeline\tudor_loco_output\figures\Fig8_reclassification.pdf,D:\CALON_FH_PORTABLE\manuscripts\tudor_loco_output\figures\Fig8_reclassification.pdf,copy,4931,24917339979484896e99edebb965cda2a27ef96bd87f79de8266ed31c9eeec67,ok
C:\Users\nader\Downloads\calon_ukb_pipeline\tudor_loco_output\figures\Fig8_reclassification.png,D:\CALON_FH_PORTABLE\assets\tudor_loco_output\figures\Fig8_reclassification.png,copy,61340,2d5d790f31d819319256574fcd93f1fe06e319eec81169d2dda6ebca14795913,ok
C:\Users\nader\Downloads\calon_ukb_pipeline\tudor_loco_output\figures\Fig9_financial_impact.pdf,D:\CALON_FH_PORTABLE\manuscripts\tudor_loco_output\figures\Fig9_financial_impact.pdf,copy,4935,346963b00b456a77618f8e26798ad6341f16a0ed1f10f604bfec653beea44df8,ok
C:\Users\nader\Downloads\calon_ukb_pipeline\tudor_loco_output\figures\Fig9_financial_impact.png,D:\CALON_FH_PORTABLE\assets\tudor_loco_output\figures\Fig9_financial_impact.png,copy,60304,58ca2c1750cf22d165f3379d075cea850e3927aea3a05ebeaef6c04c383029ff,ok
C:\Users\nader\Downloads\calon_ukb_pipeline\tudor_loco_output\figures\Figure1_ROC_dual_panel.pdf,D:\CALON_FH_PORTABLE\manuscripts\tudor_loco_output\figures\Figure1_ROC_dual_panel.pdf,copy,58184,dd0c59122971e52d0026538a713941f6012875345ae7cda0602f044e77640bbd,ok
C:\Users\nader\Downloads\calon_ukb_pipeline\tudor_loco_output\figures\Figure1_ROC_dual_panel.png,D:\CALON_FH_PORTABLE\assets\tudor_loco_output\figures\Figure1_ROC_dual_panel.png,copy,192220,e6369baa38bb5127b43b382a0516f4909778b7ffbf8e2590a3e158214adc8058,ok
C:\Users\nader\Downloads\calon_ukb_pipeline\tudor_loco_output\figures\Figure1_ROC_LOCO.pdf,D:\CALON_FH_PORTABLE\manuscripts\tudor_loco_output\figures\Figure1_ROC_LOCO.pdf,copy,131557,ba1ae0d63823d14a2cf5ca6d55af7dc83ebf405e1c69887a54bdbd7b0898c10e,ok
C:\Users\nader\Downloads\calon_ukb_pipeline\tudor_loco_output\figures\Figure2_GeneSpecific_Forest.pdf,D:\CALON_FH_PORTABLE\manuscripts\tudor_loco_output\figures\Figure2_GeneSpecific_Forest.pdf,copy,44546,a2cdf85edc8d0a4807136fa24609e632484aa3be457329b65ac2932030f26f6e,ok
C:\Users\nader\Downloads\calon_ukb_pipeline\tudor_loco_output\figures\Figure2_GeneSpecific_Forest.png,D:\CALON_FH_PORTABLE\assets\tudor_loco_output\figures\Figure2_GeneSpecific_Forest.png,copy,90285,d291bb4c9a36a4a961f1758fa590d57e54e976ce13d52f4569661366b9ffb19a,ok
C:\Users\nader\Downloads\calon_ukb_pipeline\tudor_loco_output\figures\Figure3_Calibration.pdf,D:\CALON_FH_PORTABLE\manuscripts\tudor_loco_output\figures\Figure3_Calibration.pdf,copy,55678,9a331512290144171512ebede38b4b71b27a739cc6b9ad0dfdeba5ab54f0a8d3,ok
C:\Users\nader\Downloads\calon_ukb_pipeline\tudor_loco_output\figures\Figure3_Calibration.png,D:\CALON_FH_PORTABLE\assets\tudor_loco_output\figures\Figure3_Calibration.png,copy,174256,b8c1a882b1799ae49f846e51dba3eed099db2a341bb751f4f055708d9e302657,ok
C:\Users\nader\Downloads\calon_ukb_pipeline\tudor_loco_output\figures\Figure3_subgroup_forest.pdf,D:\CALON_FH_PORTABLE\manuscripts\tudor_loco_output\figures\Figure3_subgroup_forest.pdf,copy,5748,259f6f03712f565f9346651c2b04225529de00c9c6b2d93cb5a7c1e9ddc1506d,ok
C:\Users\nader\Downloads\calon_ukb_pipeline\tudor_loco_output\figures\Figure4_MetabolicShield.pdf,D:\CALON_FH_PORTABLE\manuscripts\tudor_loco_output\figures\Figure4_MetabolicShield.pdf,copy,65966,cbc3c84c421d5eab19be4f79dc48b529a244789e33ff424d6e547ba043661259,ok
C:\Users\nader\Downloads\calon_ukb_pipeline\tudor_loco_output\figures\Figure4_MetabolicShield.png,D:\CALON_FH_PORTABLE\assets\tudor_loco_output\figures\Figure4_MetabolicShield.png,copy,100980,ce2ecdebecdb477e3957709e265d7e3cf8d5e4613dcd3884b75447a42b511bdc,ok
C:\Users\nader\Downloads\calon_ukb_pipeline\tudor_loco_output\figures\Figure5_ApoB_Augmentation.pdf,D:\CALON_FH_PORTABLE\manuscripts\tudor_loco_output\figures\Figure5_ApoB_Augmentation.pdf,copy,45771,8d6b455a430e1891dcf9c97300c24e5232be543ce85d14a0ee6ee8b24d845ee3,ok
C:\Users\nader\Downloads\calon_ukb_pipeline\tudor_loco_output\figures\Figure5_ApoB_Augmentation.png,D:\CALON_FH_PORTABLE\assets\tudor_loco_output\figures\Figure5_ApoB_Augmentation.png,copy,84086,4746b54496d998d9f165d50d3b02ec045f706a7b59419e27c4cf65239c828a01,ok
C:\Users\nader\Downloads\calon_ukb_pipeline\tudor_loco_output\tudor_flaw_results\apob_auc_augmentation.csv,D:\CALON_FH_PORTABLE\data\tudor_loco_output\tudor_flaw_results\apob_auc_augmentation.csv,copy,131,5716d3c15684258904acf0b47507b50db9a68b94002541d92a24b9401953e4c8,ok
C:\Users\nader\Downloads\calon_ukb_pipeline\tudor_loco_output\tudor_flaw_results\apob_costeffectiveness.csv,D:\CALON_FH_PORTABLE\data\tudor_loco_output\tudor_flaw_results\apob_costeffectiveness.csv,copy,174,4cd5e1b02a029f0b4a249cc17142943ccca1321957d1237ffd7ed194d6caa157,ok
C:\Users\nader\Downloads\calon_ukb_pipeline\tudor_loco_output\tudor_flaw_results\apob_coverage.csv,D:\CALON_FH_PORTABLE\data\tudor_loco_output\tudor_flaw_results\apob_coverage.csv,copy,94,3f7696fc1996f79024560a39a926bc4ed5bb7349786fc52caea7f128c88a0b6f,ok
C:\Users\nader\Downloads\calon_ukb_pipeline\tudor_loco_output\tudor_flaw_results\ascvd_by_age_decade.csv,D:\CALON_FH_PORTABLE\data\tudor_loco_output\tudor_flaw_results\ascvd_by_age_decade.csv,copy,127,05592c72e26797313081a678030bb10dd140e2533429cea55cbaf4d8500088cd,ok
C:\Users\nader\Downloads\calon_ukb_pipeline\tudor_loco_output\tudor_flaw_results\ascvd_by_ldl_decile.csv,D:\CALON_FH_PORTABLE\data\tudor_loco_output\tudor_flaw_results\ascvd_by_ldl_decile.csv,copy,295,d4cdb51c50d22d6aa03d9c032dd3a68f8ea76a71e448d6cbeba6e62b2663fe85,ok
C:\Users\nader\Downloads\calon_ukb_pipeline\tudor_loco_output\tudor_flaw_results\ascvd_lc_summary.csv,D:\CALON_FH_PORTABLE\data\tudor_loco_output\tudor_flaw_results\ascvd_lc_summary.csv,copy,71,301914ea9ce353596d6a81107f868b2885e7f59473ce84fe93eab5970ab2de6d,ok
C:\Users\nader\Downloads\calon_ukb_pipeline\tudor_loco_output\tudor_flaw_results\cholesterol_years_ascvd_logistic.csv,D:\CALON_FH_PORTABLE\data\tudor_loco_output\tudor_flaw_results\cholesterol_years_ascvd_logistic.csv,copy,272,93fed0c0ba4eb6f46394768e3d6283fa96a92a5dbce40a4f302d6875f58fa1db,ok
C:\Users\nader\Downloads\calon_ukb_pipeline\tudor_loco_output\tudor_flaw_results\cholesterol_years_lc_decile.csv,D:\CALON_FH_PORTABLE\data\tudor_loco_output\tudor_flaw_results\cholesterol_years_lc_decile.csv,copy,245,51522ee89f3684f5d5f034b7400eaa57b10c5691822f05c74e10dae2865105b8,ok
C:\Users\nader\Downloads\calon_ukb_pipeline\tudor_loco_output\tudor_flaw_results\cv_mortality_by_ldl_decile.csv,D:\CALON_FH_PORTABLE\data\tudor_loco_output\tudor_flaw_results\cv_mortality_by_ldl_decile.csv,copy,336,8c11833057b024f57c7911d3b3e99ecd1ba92a4d8738713b184b9a0869f91636,ok
C:\Users\nader\Downloads\calon_ukb_pipeline\tudor_loco_output\tudor_flaw_results\cv_mortality_ldl_decile_full.csv,D:\CALON_FH_PORTABLE\data\tudor_loco_output\tudor_flaw_results\cv_mortality_ldl_decile_full.csv,copy,568,2d3bb6d104297a62b16d63209735073f002f67aa64289b41d74a88404fe2b244,ok
C:\Users\nader\Downloads\calon_ukb_pipeline\tudor_loco_output\tudor_flaw_results\ethnicity_lc_cohort_summary.csv,D:\CALON_FH_PORTABLE\data\tudor_loco_output\tudor_flaw_results\ethnicity_lc_cohort_summary.csv,copy,294,b96aea9c248de521333bf9209e9bfd3e441fd22943f4428819c15da469625715,ok
C:\Users\nader\Downloads\calon_ukb_pipeline\tudor_loco_output\tudor_flaw_results\Figure1_ROC_Calibration.pdf,D:\CALON_FH_PORTABLE\manuscripts\tudor_loco_output\tudor_flaw_results\Figure1_ROC_Calibration.pdf,copy,77254,aea9cadb97835854352f25b3058d6920cb6b78b5a3344c996dfde31db4511931,ok
C:\Users\nader\Downloads\calon_ukb_pipeline\tudor_loco_output\tudor_flaw_results\Figure1_ROC_Calibration.png,D:\CALON_FH_PORTABLE\assets\tudor_loco_output\tudor_flaw_results\Figure1_ROC_Calibration.png,copy,167137,659d1573645d9a030d607538c4fe2bbb6afcc106591e758f1639d2d5d720fad3,ok
C:\Users\nader\Downloads\calon_ukb_pipeline\tudor_loco_output\tudor_flaw_results\Figure2_TRGShield.pdf,D:\CALON_FH_PORTABLE\manuscripts\tudor_loco_output\tudor_flaw_results\Figure2_TRGShield.pdf,copy,116745,b23ed596e989c99710d06ae522ce48fbb0b6795b61ace6da95de1c04f6d0100a,ok
C:\Users\nader\Downloads\calon_ukb_pipeline\tudor_loco_output\tudor_flaw_results\Figure2_TRGShield.png,D:\CALON_FH_PORTABLE\assets\tudor_loco_output\tudor_flaw_results\Figure2_TRGShield.png,copy,170443,6dce88ab1b0e64ec6fa5099e7756a37fb5d95a1acd7cda1d50cbe912f0a8c789,ok
C:\Users\nader\Downloads\calon_ukb_pipeline\tudor_loco_output\tudor_flaw_results\Figure3_ClinicalOperating.pdf,D:\CALON_FH_PORTABLE\manuscripts\tudor_loco_output\tudor_flaw_results\Figure3_ClinicalOperating.pdf,copy,74904,24752f4ec9c199534798253c7a83ba09bd6b0fbeb793b5025364d75b23993ecb,ok
C:\Users\nader\Downloads\calon_ukb_pipeline\tudor_loco_output\tudor_flaw_results\Figure3_ClinicalOperating.png,D:\CALON_FH_PORTABLE\assets\tudor_loco_output\tudor_flaw_results\Figure3_ClinicalOperating.png,copy,196090,4578a0da1965d4cb26d02ebdbb6f46455152ea825dfcd924feb0631a953fc5e8,ok
C:\Users\nader\Downloads\calon_ukb_pipeline\tudor_loco_output\tudor_flaw_results\Figure4_ASCVD_NRI.pdf,D:\CALON_FH_PORTABLE\manuscripts\tudor_loco_output\tudor_flaw_results\Figure4_ASCVD_NRI.pdf,copy,50357,b93abc62727d581623534091b0de1c706fff8b61b8b303f6071fbbda95bd659d,ok
C:\Users\nader\Downloads\calon_ukb_pipeline\tudor_loco_output\tudor_flaw_results\Figure4_ASCVD_NRI.png,D:\CALON_FH_PORTABLE\assets\tudor_loco_output\tudor_flaw_results\Figure4_ASCVD_NRI.png,copy,154990,897d2a56c50122ae4cb8e3ab5611868d15515e0b42b4b0ce0ad5965d47502f62,ok
C:\Users\nader\Downloads\calon_ukb_pipeline\tudor_loco_output\tudor_flaw_results\Figure5_Penetrance_Architecture.pdf,D:\CALON_FH_PORTABLE\manuscripts\tudor_loco_output\tudor_flaw_results\Figure5_Penetrance_Architecture.pdf,copy,47645,db0477cab0236d62f7ec3728184d4428f8ec0c25cbaa0d361f78cc921351c823,ok
C:\Users\nader\Downloads\calon_ukb_pipeline\tudor_loco_output\tudor_flaw_results\Figure5_Penetrance_Architecture.png,D:\CALON_FH_PORTABLE\assets\tudor_loco_output\tudor_flaw_results\Figure5_Penetrance_Architecture.png,copy,159060,a58616590ea9f82a5ce01e0f25c24a3082c4ed51d217373fdcda3e46de6a125b,ok
C:\Users\nader\Downloads\calon_ukb_pipeline\tudor_loco_output\tudor_flaw_results\Figure_ASCVD_LDL_Decile.pdf,D:\CALON_FH_PORTABLE\manuscripts\tudor_loco_output\tudor_flaw_results\Figure_ASCVD_LDL_Decile.pdf,copy,27128,cacce55b0761f1734ed7dede4f2e09817874b50e3552ab5f31fa21064a488409,ok
C:\Users\nader\Downloads\calon_ukb_pipeline\tudor_loco_output\tudor_flaw_results\Figure_ASCVD_LDL_Decile.png,D:\CALON_FH_PORTABLE\assets\tudor_loco_output\tudor_flaw_results\Figure_ASCVD_LDL_Decile.png,copy,59236,7b79bbfc8f18cbd386a81bf7f9b3100a62cc8d853c6d9f0eb1ffc3be7d741301,ok
C:\Users\nader\Downloads\calon_ukb_pipeline\tudor_loco_output\tudor_flaw_results\Figure_CholesterolYears.pdf,D:\CALON_FH_PORTABLE\manuscripts\tudor_loco_output\tudor_flaw_results\Figure_CholesterolYears.pdf,copy,38338,3779f019ab3efaacd8dbe98683588f2c3937641c3076ef9717db6661c0b7a0db,ok
C:\Users\nader\Downloads\calon_ukb_pipeline\tudor_loco_output\tudor_flaw_results\Figure_CholesterolYears.png,D:\CALON_FH_PORTABLE\assets\tudor_loco_output\tudor_flaw_results\Figure_CholesterolYears.png,copy,60057,39d005a0c4717e99e71d15c788bdee259c08d4498add0b07bb436948afd8d822,ok
C:\Users\nader\Downloads\calon_ukb_pipeline\tudor_loco_output\tudor_flaw_results\Figure_CholYears_LC.pdf,D:\CALON_FH_PORTABLE\manuscripts\tudor_loco_output\tudor_flaw_results\Figure_CholYears_LC.pdf,copy,25915,cbe2e260169314b20161778fa347d188b6a2f05c6f1afb93e09376ea7257d52b,ok
C:\Users\nader\Downloads\calon_ukb_pipeline\tudor_loco_output\tudor_flaw_results\Figure_CholYears_LC.png,D:\CALON_FH_PORTABLE\assets\tudor_loco_output\tudor_flaw_results\Figure_CholYears_LC.png,copy,52272,ad9eb7d68072139b7fa367d9fb6496034c10602938b67154af7e4f3325b643d5,ok
C:\Users\nader\Downloads\calon_ukb_pipeline\tudor_loco_output\tudor_flaw_results\Figure_CV_Mortality_Decile.pdf,D:\CALON_FH_PORTABLE\manuscripts\tudor_loco_output\tudor_flaw_results\Figure_CV_Mortality_Decile.pdf,copy,33489,55f5479e1354de18c17967b8d4a65ca1b8ff880183b4f2aa5361da3482dedc15,ok
C:\Users\nader\Downloads\calon_ukb_pipeline\tudor_loco_output\tudor_flaw_results\Figure_CV_Mortality_Decile.png,D:\CALON_FH_PORTABLE\assets\tudor_loco_output\tudor_flaw_results\Figure_CV_Mortality_Decile.png,copy,67464,1cd483da08b7dd92f6b3bebdb19ddc0407099da72fe19372500bdf89fa41baa9,ok
C:\Users\nader\Downloads\calon_ukb_pipeline\tudor_loco_output\tudor_flaw_results\Figure_LDL_Ethnicity.pdf,D:\CALON_FH_PORTABLE\manuscripts\tudor_loco_output\tudor_flaw_results\Figure_LDL_Ethnicity.pdf,copy,88932,fd149eb9da023cb621437091d53b8c1393e61eccb645543aaf18821be988b8dd,ok
C:\Users\nader\Downloads\calon_ukb_pipeline\tudor_loco_output\tudor_flaw_results\Figure_LDL_Ethnicity.png,D:\CALON_FH_PORTABLE\assets\tudor_loco_output\tudor_flaw_results\Figure_LDL_Ethnicity.png,copy,84717,af5ba4ad54751e64f0efe1073ce2027578142495d6fea2423f9da8f2c954d4e5,ok
C:\Users\nader\Downloads\calon_ukb_pipeline\tudor_loco_output\tudor_flaw_results\Figure_Recalibration.pdf,D:\CALON_FH_PORTABLE\manuscripts\tudor_loco_output\tudor_flaw_results\Figure_Recalibration.pdf,copy,42527,c773236deba4e38b98061526eada9145943e83678a7f8f053f17a82855d3360a,ok
C:\Users\nader\Downloads\calon_ukb_pipeline\tudor_loco_output\tudor_flaw_results\Figure_Recalibration.png,D:\CALON_FH_PORTABLE\assets\tudor_loco_output\tudor_flaw_results\Figure_Recalibration.png,copy,76158,19c5e3a916bf8d30756f8a51194b18429ff016380ada98c5b88e6015e9e2ccf5,ok
C:\Users\nader\Downloads\calon_ukb_pipeline\tudor_loco_output\tudor_flaw_results\Figure_ROC_OperatingPoints.pdf,D:\CALON_FH_PORTABLE\manuscripts\tudor_loco_output\tudor_flaw_results\Figure_ROC_OperatingPoints.pdf,copy,55412,db231bd12489b3fc28d489dc37454b374d5fff58ce025738e7d3cce8d30fce78,ok
C:\Users\nader\Downloads\calon_ukb_pipeline\tudor_loco_output\tudor_flaw_results\Figure_ROC_OperatingPoints.png,D:\CALON_FH_PORTABLE\assets\tudor_loco_output\tudor_flaw_results\Figure_ROC_OperatingPoints.png,copy,75460,a67aa7f14e72bf680ea94f465309161b2e8ac08e2ecb6d5fb03e8a8f74224374,ok
C:\Users\nader\Downloads\calon_ukb_pipeline\tudor_loco_output\tudor_flaw_results\Figure_T2DM_Sensitivity_Forest.pdf,D:\CALON_FH_PORTABLE\manuscripts\tudor_loco_output\tudor_flaw_results\Figure_T2DM_Sensitivity_Forest.pdf,copy,35869,cccf5bd795029fd403adcef01c94628446a370c0752406cab4f845c4bd31b32c,ok
C:\Users\nader\Downloads\calon_ukb_pipeline\tudor_loco_output\tudor_flaw_results\Figure_T2DM_Sensitivity_Forest.png,D:\CALON_FH_PORTABLE\assets\tudor_loco_output\tudor_flaw_results\Figure_T2DM_Sensitivity_Forest.png,copy,73533,75a1dcd788feff6bdf2d36d198aa7c663babb048e8dccb92500b9566bb4070fe,ok
C:\Users\nader\Downloads\calon_ukb_pipeline\tudor_loco_output\tudor_flaw_results\Figure_TRGShield_Violin.pdf,D:\CALON_FH_PORTABLE\manuscripts\tudor_loco_output\tudor_flaw_results\Figure_TRGShield_Violin.pdf,copy,87169,741f506c608a3897874c9abf0fb3f43d477e9682979c364b2d16bd7d2dba1de8,ok
C:\Users\nader\Downloads\calon_ukb_pipeline\tudor_loco_output\tudor_flaw_results\Figure_TRGShield_Violin.png,D:\CALON_FH_PORTABLE\assets\tudor_loco_output\tudor_flaw_results\Figure_TRGShield_Violin.png,copy,107142,ee18ad4cf473cbfe813f248e5e671adc85bc67a17bd9457204565e5f092627f8,ok
C:\Users\nader\Downloads\calon_ukb_pipeline\tudor_loco_output\tudor_flaw_results\Figure_TRG_T2DM.pdf,D:\CALON_FH_PORTABLE\manuscripts\tudor_loco_output\tudor_flaw_results\Figure_TRG_T2DM.pdf,copy,56162,2bd9c1b8ab890c485d311cfddf6055a41fbd7c98a8eeacb42ea6ed53d1b0dc82,ok
C:\Users\nader\Downloads\calon_ukb_pipeline\tudor_loco_output\tudor_flaw_results\Figure_TRG_T2DM.png,D:\CALON_FH_PORTABLE\assets\tudor_loco_output\tudor_flaw_results\Figure_TRG_T2DM.png,copy,94118,3fc8a280f0d6b2e30ab03e63b55321fb8040600850f7aec86a3aeabca5fd71d9,ok
C:\Users\nader\Downloads\calon_ukb_pipeline\tudor_loco_output\tudor_flaw_results\flaw_remediation_status.csv,D:\CALON_FH_PORTABLE\data\tudor_loco_output\tudor_flaw_results\flaw_remediation_status.csv,copy,898,f3d582aa5330a43b7194f2ce46f0927042c9e7275795704435ecf3e09de31358,ok
C:\Users\nader\Downloads\calon_ukb_pipeline\tudor_loco_output\tudor_flaw_results\hba1c_glycaemic_status.csv,D:\CALON_FH_PORTABLE\data\tudor_loco_output\tudor_flaw_results\hba1c_glycaemic_status.csv,copy,206,33b38ab05ca87725576d9a3ee1af74b23a5d49e275feadf0a836882b7f12e41d,ok
C:\Users\nader\Downloads\calon_ukb_pipeline\tudor_loco_output\tudor_flaw_results\index_vs_cascade_auc.csv,D:\CALON_FH_PORTABLE\data\tudor_loco_output\tudor_flaw_results\index_vs_cascade_auc.csv,copy,298,0794834cda8dc1c21bcab6ad6303cd0b83d40647b6b81abddece2276918f8dc3,ok
C:\Users\nader\Downloads\calon_ukb_pipeline\tudor_loco_output\tudor_flaw_results\missing_data_audit.csv,D:\CALON_FH_PORTABLE\data\tudor_loco_output\tudor_flaw_results\missing_data_audit.csv,copy,147,b948b54f45029e44e9a53e7fd3dbb76ef3726e56e76e71f50b1ceb1099e24ac6,ok
C:\Users\nader\Downloads\calon_ukb_pipeline\tudor_loco_output\tudor_flaw_results\missing_data_by_cohort.csv,D:\CALON_FH_PORTABLE\data\tudor_loco_output\tudor_flaw_results\missing_data_by_cohort.csv,copy,174,66fcd01121a832c971bc67427097c151616926e55e0b068f609abcaad35f00b7,ok
C:\Users\nader\Downloads\calon_ukb_pipeline\tudor_loco_output\tudor_flaw_results\nri_idi_bootstrap.csv,D:\CALON_FH_PORTABLE\data\tudor_loco_output\tudor_flaw_results\nri_idi_bootstrap.csv,copy,499,10c9b1e486e48276e750c1c79855626d4f3abdae54443892744a1abde6b5d195,ok
C:\Users\nader\Downloads\calon_ukb_pipeline\tudor_loco_output\tudor_flaw_results\penetrance_by_tudor_decile.csv,D:\CALON_FH_PORTABLE\data\tudor_loco_output\tudor_flaw_results\penetrance_by_tudor_decile.csv,copy,356,b1d393ec0b32ef04c9f839ba935e0fd1fd21d43ae868d6feb09deca7cd31fc79,ok
C:\Users\nader\Downloads\calon_ukb_pipeline\tudor_loco_output\tudor_flaw_results\predictions_with_supplement.csv,D:\CALON_FH_PORTABLE\data\tudor_loco_output\tudor_flaw_results\predictions_with_supplement.csv,copy,76572008,4b773b4e82f3c5433ab8730c4c4ce8ccfee93f068f220078ce19b569f07493e5,ok
C:\Users\nader\Downloads\calon_ukb_pipeline\tudor_loco_output\tudor_flaw_results\roc_operating_points.csv,D:\CALON_FH_PORTABLE\data\tudor_loco_output\tudor_flaw_results\roc_operating_points.csv,copy,1025,fc242673318c221e66abb8a34d73a02bac17ff3bac7932e637b3184e1d11f93e,ok
C:\Users\nader\Downloads\calon_ukb_pipeline\tudor_loco_output\tudor_flaw_results\t2dm_3way_concordance.csv,D:\CALON_FH_PORTABLE\data\tudor_loco_output\tudor_flaw_results\t2dm_3way_concordance.csv,copy,183,6065b3dd8cc74e782332df5f7e117a4bae78cbdeb3189b9910e57b1f1ba8a4d3,ok
C:\Users\nader\Downloads\calon_ukb_pipeline\tudor_loco_output\tudor_flaw_results\t2dm_concordance_detail.csv,D:\CALON_FH_PORTABLE\data\tudor_loco_output\tudor_flaw_results\t2dm_concordance_detail.csv,copy,168,7c3c295c0fc8c560b749bfe94c35040329ca7d65e1617cfbca61f867a8035b10,ok
C:\Users\nader\Downloads\calon_ukb_pipeline\tudor_loco_output\tudor_flaw_results\t2dm_sensitivity_trg.csv,D:\CALON_FH_PORTABLE\data\tudor_loco_output\tudor_flaw_results\t2dm_sensitivity_trg.csv,copy,257,d8665db813d31d2c5573f48ccac7cf815d6001556f1eef766244649d3e13b855,ok
C:\Users\nader\Downloads\calon_ukb_pipeline\tudor_loco_output\tudor_flaw_results\t2dm_source_comparison.csv,D:\CALON_FH_PORTABLE\data\tudor_loco_output\tudor_flaw_results\t2dm_source_comparison.csv,copy,108,79cdee2731b39f149b1bb58b52a8b7997aff2f8d501213425aa7812539e4759a,ok
C:\Users\nader\Downloads\calon_ukb_pipeline\tudor_loco_output\tudor_flaw_results\Table1_Baseline.csv,D:\CALON_FH_PORTABLE\data\tudor_loco_output\tudor_flaw_results\Table1_Baseline.csv,copy,1233,f56abef0677a771f45364bb0ae95ae54e3a62cc1691f7a85cb76cfb0822461b5,ok
C:\Users\nader\Downloads\calon_ukb_pipeline\tudor_loco_output\tudor_flaw_results\Table2_Performance.csv,D:\CALON_FH_PORTABLE\data\tudor_loco_output\tudor_flaw_results\Table2_Performance.csv,copy,862,ec239019c9c97b84f6b5d1b6bec57f7a09546e3e22a88ab03a162a64bfca84c3,ok
C:\Users\nader\Downloads\calon_ukb_pipeline\tudor_loco_output\tudor_flaw_results\Table3_TRGShield.csv,D:\CALON_FH_PORTABLE\data\tudor_loco_output\tudor_flaw_results\Table3_TRGShield.csv,copy,794,9ed7476120ce702e10f4313891350a35253ea2d9e82523e2eb2852b4fbbb839c,ok
C:\Users\nader\Downloads\calon_ukb_pipeline\tudor_loco_output\tudor_flaw_results\Table4_OperatingCharacteristics.csv,D:\CALON_FH_PORTABLE\data\tudor_loco_output\tudor_flaw_results\Table4_OperatingCharacteristics.csv,copy,453,e09208148bf0eb458d75715b3140f063fdeeb6c5d56bc1b5b37d25827a4a037d,ok
C:\Users\nader\Downloads\calon_ukb_pipeline\tudor_loco_output\tudor_flaw_results\trgshield_by_t2dm.csv,D:\CALON_FH_PORTABLE\data\tudor_loco_output\tudor_flaw_results\trgshield_by_t2dm.csv,copy,128,d826ba73cceab46985118e1405c27fd5f6fdda5414108da60b37354653b4978c,ok
C:\Users\nader\Downloads\calon_ukb_pipeline\tudor_loco_output\tudor_flaw_results\trgshield_group_summary.csv,D:\CALON_FH_PORTABLE\data\tudor_loco_output\tudor_flaw_results\trgshield_group_summary.csv,copy,263,4f6ce3360da0b133ee4128149796c2a4a903a221d71c76cfafcf2cdb6782e5ed,ok
C:\Users\nader\Downloads\calon_ukb_pipeline\tudor_loco_output\tudor_flaw_results\trgshield_logistic_ukb.csv,D:\CALON_FH_PORTABLE\data\tudor_loco_output\tudor_flaw_results\trgshield_logistic_ukb.csv,copy,120,56dd99a8e2fccd5c211e81fde7bea5372c62fccc984d29b80b4153be37555000,ok
C:\Users\nader\Downloads\calon_ukb_pipeline\tudor_loco_output\tudor_flaw_results\trgshield_multivariable.csv,D:\CALON_FH_PORTABLE\data\tudor_loco_output\tudor_flaw_results\trgshield_multivariable.csv,copy,97,762715412ca6d2af4f216954bf94f9e266ae61b5932dd8ed9e5b52934ab97c87,ok
C:\Users\nader\Downloads\calon_ukb_pipeline\tudor_loco_output\tudor_flaw_results\trgshield_t2dm_linear_model.csv,D:\CALON_FH_PORTABLE\data\tudor_loco_output\tudor_flaw_results\trgshield_t2dm_linear_model.csv,copy,540,0ff105d3dfdc6bc3d3334992ac5b1b2dfd4ac94d1f2d5ac28b130f1c32ca7356,ok
C:\Users\nader\Downloads\calon_ukb_pipeline\tudor_loco_output\tudor_flaw_results\ukb_recalibration_deciles.csv,D:\CALON_FH_PORTABLE\data\tudor_loco_output\tudor_flaw_results\ukb_recalibration_deciles.csv,copy,2184,1b791d95e06c893b36d985b3f21b05bc85327e394e04693b6cb60830a36d42d9,ok
C:\Users\nader\Downloads\calon_ukb_pipeline\tudor_loco_output\tudor_flaw_results\ukb_recalibration_summary.csv,D:\CALON_FH_PORTABLE\data\tudor_loco_output\tudor_flaw_results\ukb_recalibration_summary.csv,copy,345,35b0525cf599d76bf4984ae3e4e09156307855d1b5433d61370555ba8530435d,ok
C:\Users\nader\Downloads\calon_ukb_pipeline\tudor_loco_output\tudor_flaw_results\ukb_supplement_clean.csv,D:\CALON_FH_PORTABLE\data\tudor_loco_output\tudor_flaw_results\ukb_supplement_clean.csv,copy,91650152,f926dabd931c17b16fab3b007bd1de59c0a505d13ff4c799e7c79225149bcd1a,ok
C:\Users\nader\Downloads\calon_ukb_pipeline\tudor_loco_output\tudor_flaw_results\ukb_supplement_lc_cohort.csv,D:\CALON_FH_PORTABLE\data\tudor_loco_output\tudor_flaw_results\ukb_supplement_lc_cohort.csv,copy,6791089,a8ee63d6bd205c98795808f76a1247bbfb183bd240ca7b9e0c517debdd6b998b,ok
C:\Users\nader\Downloads\calon_ukb_pipeline\tudor_loco_output\tudor_flaw_results\ukb_supplement_lc_cohort_v2.csv,D:\CALON_FH_PORTABLE\data\tudor_loco_output\tudor_flaw_results\ukb_supplement_lc_cohort_v2.csv,copy,8103464,9efdb10d4ea1168a29024070f617d962d701cca3aa372ed4f009c3179b2c864d,ok
C:\Users\nader\Downloads\calon_ukb_pipeline\tudor_loco_output\tudor_flaw_results\xanthomata_by_ldl_decile.csv,D:\CALON_FH_PORTABLE\data\tudor_loco_output\tudor_flaw_results\xanthomata_by_ldl_decile.csv,copy,211,69cab28e18807684428a6f948c2182f8e49f3b7debe094e55c8ef2eb7ccb618c,ok
C:\Users\nader\Downloads\calon_ukb_pipeline\ukb_rap_notebooks\01_LDLR_variant_level_analysis.py,D:\CALON_FH_PORTABLE\code\python\ukb_rap_notebooks\01_LDLR_variant_level_analysis.py,copy,15190,bc586353d131357981930ae3fe492c39c6801c184e32dbc8ecd76841ca310b1c,ok
C:\Users\nader\Downloads\calon_ukb_pipeline\unpacked_cover\[Content_Types].xml,D:\CALON_FH_PORTABLE\assets\unpacked_cover\[Content_Types].xml,copy,2321,a0e0e653b663c42f67f1b6b08aa8b54330a4da2f3259193521550ff119c9f0f6,ok
C:\Users\nader\Downloads\calon_ukb_pipeline\unpacked_cover\docProps\app.xml,D:\CALON_FH_PORTABLE\assets\unpacked_cover\docProps\app.xml,copy,1148,92d019782e2e6cb76c0b6e312fc44764f59d2f6aefd0af737829edd4d7d1ea49,ok
C:\Users\nader\Downloads\calon_ukb_pipeline\unpacked_cover\docProps\core.xml,D:\CALON_FH_PORTABLE\assets\unpacked_cover\docProps\core.xml,copy,686,10e57e36c42898601df33e9ddaa24aaf111f9f9e77902a23ff539e769e951baf,ok
C:\Users\nader\Downloads\calon_ukb_pipeline\unpacked_cover\word\comments.xml,D:\CALON_FH_PORTABLE\assets\unpacked_cover\word\comments.xml,copy,1239,66ab7a1989389b8afd642d6a0dfe59a643085f837bf9d6fd3dab508805efd6cd,ok
C:\Users\nader\Downloads\calon_ukb_pipeline\unpacked_cover\word\document.xml,D:\CALON_FH_PORTABLE\assets\unpacked_cover\word\document.xml,copy,63645,cc3dc4dc465e4748897b3843aa4d0064b9237a5119ddc06ba5fff56b9d1d8c7f,ok
C:\Users\nader\Downloads\calon_ukb_pipeline\unpacked_cover\word\fontTable.xml,D:\CALON_FH_PORTABLE\assets\unpacked_cover\word\fontTable.xml,copy,2708,a4719a50d380421de8ac71ffd5fdb2e3d739ec4ad1943c55e237b09ceea0aec2,ok
C:\Users\nader\Downloads\calon_ukb_pipeline\unpacked_cover\word\footnotes.xml,D:\CALON_FH_PORTABLE\assets\unpacked_cover\word\footnotes.xml,copy,1738,c5eb1f618f6e347c45129bfc212cc714fd8afca27337879d95fea619ff047fbf,ok
C:\Users\nader\Downloads\calon_ukb_pipeline\unpacked_cover\word\numbering.xml,D:\CALON_FH_PORTABLE\assets\unpacked_cover\word\numbering.xml,copy,10101,116e7cfb32966bd91c3c7b5e867e8f0117df70d0f9909a1a5d283649a1402da2,ok
C:\Users\nader\Downloads\calon_ukb_pipeline\unpacked_cover\word\settings.xml,D:\CALON_FH_PORTABLE\assets\unpacked_cover\word\settings.xml,copy,480,1cdcbaed66f0e66277004566250e06117c675fd3eff456116f847168fcc1156a,ok
C:\Users\nader\Downloads\calon_ukb_pipeline\unpacked_cover\word\styles.xml,D:\CALON_FH_PORTABLE\assets\unpacked_cover\word\styles.xml,copy,43996,5fda472a6181b32a5260a69bfdef33785964137d6651daa77e888edf73ff4eaa,ok
C:\Users\nader\Downloads\calon_ukb_pipeline\unpacked_cover\word\webSettings.xml,D:\CALON_FH_PORTABLE\assets\unpacked_cover\word\webSettings.xml,copy,771,c9b06c2b633449dd33f10e5b4fcd319840db191f53235d41e1bc0192051d2ab7,ok
C:\Users\nader\Downloads\calon_ukb_pipeline\unpacked_cover\word\theme\theme1.xml,D:\CALON_FH_PORTABLE\assets\unpacked_cover\word\theme\theme1.xml,copy,11241,194fd681b593012d1d4ce5c98c36ac9aac98223eb36cf78b1346a8c62ad3b35c,ok
C:\Users\nader\Downloads\calon_ukb_pipeline\unpacked_cover\word\_rels\document.xml.rels,D:\CALON_FH_PORTABLE\assets\unpacked_cover\word\_rels\document.xml.rels,copy,1003,6e14e4297ffb96573a6806bc0d1f62a15fd420a6af9223467ea288200cd7461a,ok
C:\Users\nader\Downloads\calon_ukb_pipeline\unpacked_cover\_rels\.rels,D:\CALON_FH_PORTABLE\assets\unpacked_cover\_rels\.rels,copy,613,102f611f0f8b0ef00f7dd0a99e1128864d7c07891b14748aee2a529b32b2c96f,ok
C:\Users\nader\Downloads\calon_ukb_pipeline\unpacked_highlights\[Content_Types].xml,D:\CALON_FH_PORTABLE\assets\unpacked_highlights\[Content_Types].xml,copy,2321,a0e0e653b663c42f67f1b6b08aa8b54330a4da2f3259193521550ff119c9f0f6,ok
C:\Users\nader\Downloads\calon_ukb_pipeline\unpacked_highlights\docProps\app.xml,D:\CALON_FH_PORTABLE\assets\unpacked_highlights\docProps\app.xml,copy,1148,92d019782e2e6cb76c0b6e312fc44764f59d2f6aefd0af737829edd4d7d1ea49,ok
C:\Users\nader\Downloads\calon_ukb_pipeline\unpacked_highlights\docProps\core.xml,D:\CALON_FH_PORTABLE\assets\unpacked_highlights\docProps\core.xml,copy,686,2dff869b6be8d914be72f6f7621e1f9dca4d78bb9f6ab13529e7e80b82b5e04f,ok
C:\Users\nader\Downloads\calon_ukb_pipeline\unpacked_highlights\word\comments.xml,D:\CALON_FH_PORTABLE\assets\unpacked_highlights\word\comments.xml,copy,1239,66ab7a1989389b8afd642d6a0dfe59a643085f837bf9d6fd3dab508805efd6cd,ok
C:\Users\nader\Downloads\calon_ukb_pipeline\unpacked_highlights\word\document.xml,D:\CALON_FH_PORTABLE\assets\unpacked_highlights\word\document.xml,copy,56805,0badb6dce82869ced1c81523ce7e2d45ff51fe78c5d49234454c70abd8df4a93,ok
C:\Users\nader\Downloads\calon_ukb_pipeline\unpacked_highlights\word\fontTable.xml,D:\CALON_FH_PORTABLE\assets\unpacked_highlights\word\fontTable.xml,copy,2708,a4719a50d380421de8ac71ffd5fdb2e3d739ec4ad1943c55e237b09ceea0aec2,ok
C:\Users\nader\Downloads\calon_ukb_pipeline\unpacked_highlights\word\footnotes.xml,D:\CALON_FH_PORTABLE\assets\unpacked_highlights\word\footnotes.xml,copy,1738,c5eb1f618f6e347c45129bfc212cc714fd8afca27337879d95fea619ff047fbf,ok
C:\Users\nader\Downloads\calon_ukb_pipeline\unpacked_highlights\word\numbering.xml,D:\CALON_FH_PORTABLE\assets\unpacked_highlights\word\numbering.xml,copy,10101,116e7cfb32966bd91c3c7b5e867e8f0117df70d0f9909a1a5d283649a1402da2,ok
C:\Users\nader\Downloads\calon_ukb_pipeline\unpacked_highlights\word\settings.xml,D:\CALON_FH_PORTABLE\assets\unpacked_highlights\word\settings.xml,copy,480,1cdcbaed66f0e66277004566250e06117c675fd3eff456116f847168fcc1156a,ok
C:\Users\nader\Downloads\calon_ukb_pipeline\unpacked_highlights\word\styles.xml,D:\CALON_FH_PORTABLE\assets\unpacked_highlights\word\styles.xml,copy,43996,5fda472a6181b32a5260a69bfdef33785964137d6651daa77e888edf73ff4eaa,ok
C:\Users\nader\Downloads\calon_ukb_pipeline\unpacked_highlights\word\webSettings.xml,D:\CALON_FH_PORTABLE\assets\unpacked_highlights\word\webSettings.xml,copy,771,c9b06c2b633449dd33f10e5b4fcd319840db191f53235d41e1bc0192051d2ab7,ok
C:\Users\nader\Downloads\calon_ukb_pipeline\unpacked_highlights\word\theme\theme1.xml,D:\CALON_FH_PORTABLE\assets\unpacked_highlights\word\theme\theme1.xml,copy,11241,194fd681b593012d1d4ce5c98c36ac9aac98223eb36cf78b1346a8c62ad3b35c,ok
C:\Users\nader\Downloads\calon_ukb_pipeline\unpacked_highlights\word\_rels\document.xml.rels,D:\CALON_FH_PORTABLE\assets\unpacked_highlights\word\_rels\document.xml.rels,copy,1003,6e14e4297ffb96573a6806bc0d1f62a15fd420a6af9223467ea288200cd7461a,ok
C:\Users\nader\Downloads\calon_ukb_pipeline\unpacked_highlights\_rels\.rels,D:\CALON_FH_PORTABLE\assets\unpacked_highlights\_rels\.rels,copy,613,102f611f0f8b0ef00f7dd0a99e1128864d7c07891b14748aee2a529b32b2c96f,ok
C:\Users\nader\Downloads\calon_ukb_pipeline\website\index.html,D:\CALON_FH_PORTABLE\website\index.html,copy,1195713,be7b365470af17c36cec661a749f54d4ad7f46d089971feee001fd51cc1f326b,ok
C:\Users\nader\Downloads\calon_ukb_pipeline\website\variant_pen60.html,D:\CALON_FH_PORTABLE\website\variant_pen60.html,copy,28437,b19afab18ac88586c2d648e04bf7ea3e5820fa352c69ca9dfb94155224467c4d,ok
C:\Users\nader\Downloads\calon_ukb_pipeline\website\variant_pen60_ukb_pass.csv,D:\CALON_FH_PORTABLE\website\variant_pen60_ukb_pass.csv,copy,11579,883996967db1eba6a638acf7f87aae30a9de71b24075b0149568a0981b22585a,ok
C:\Users\nader\Downloads\calon_ukb_pipeline\website\website_data.json,D:\CALON_FH_PORTABLE\website\website_data.json,copy,1363907,268e68765a0d14390fc4805fed9cb70992e8c1218730dbb6a069cd3574df1001,ok
C:\Users\nader\Downloads\calon_ukb_pipeline\website\website_data_v3b.json,D:\CALON_FH_PORTABLE\website\website_data_v3b.json,copy,666310,a7dac21b0c1b0570b28fb8b6d8a4d0cac6f5f1640d567855c5f3a718bf785f95,ok
