QID,Chapter,Section_or_object,Examiner_hat,Question,Risk,Answer_location,Answer_core,Evidence_to_bring,Prep_action,Fix_ref,Status
S-F1,Front matter,Summary and statements,Lipid medicine,Summarise the thesis in two minutes.,High,MD_THESIS_VIVA_FULL_QA_SPOKEN F1,See spoken answer,Thesis section named in the answer; numbers card,Rehearse aloud with cues; time under 90 s,,not rehearsed
S-F3,Front matter,Summary and statements,Lipid medicine,Your AI statement is three sentences. Is that enough in 2026?,High,MD_THESIS_VIVA_FULL_QA_SPOKEN F3,See spoken answer,Thesis section named in the answer; numbers card,Rehearse aloud with cues; time under 90 s,,not rehearsed
S-F4,Front matter,Summary and statements,Lipid medicine,"Why did UK Biobank access cease, and what did you lose?",High,MD_THESIS_VIVA_FULL_QA_SPOKEN F4,See spoken answer,Thesis section named in the answer; numbers card,Rehearse aloud with cues; time under 90 s,,not rehearsed
A-Q3.1,Front matter,Opening five minutes,Lipid medicine,Tell me what this thesis is about in two minutes.,Medium,MD_THESIS_ANNUAL_REVIEW_VIVA_QA Q3.1,See annual-review answer,As cited in that answer,Cross-check against the spoken version; keep one wording,,not rehearsed
A-Q3.4,Front matter,Opening five minutes,Biostatistics,Who did the statistics?,Medium,MD_THESIS_ANNUAL_REVIEW_VIVA_QA Q3.4,See annual-review answer,As cited in that answer,Cross-check against the spoken version; keep one wording,,not rehearsed
A-Q9.1,Front matter,Section 9.x,Lipid medicine,"UK Biobank Research Analysis Platform access ""ceased"". Why, and what does it mean for reproducibility?",Medium,MD_THESIS_ANNUAL_REVIEW_VIVA_QA Q9.1,See annual-review answer,As cited in that answer,Cross-check against the spoken version; keep one wording,,not rehearsed
A-Q9.2,Front matter,Section 9.x,Biostatistics,"Your AI statement says generative AI helped with literature searching, drafting and consistency checking, and Appendix F says title screening was a language-model first pass. What did the AI not do, and how can I tell?",Medium,MD_THESIS_ANNUAL_REVIEW_VIVA_QA Q9.2,See annual-review answer,As cited in that answer,Cross-check against the spoken version; keep one wording,,not rehearsed
A-Q9.3,Front matter,Section 9.x,Lipid medicine,Why are there 13 THESIS-AN packages and why do several say 'producing output not located'?,Medium,MD_THESIS_ANNUAL_REVIEW_VIVA_QA Q9.3,See annual-review answer,As cited in that answer,Cross-check against the spoken version; keep one wording,,not rehearsed
A-Q9.4,Front matter,Section 9.x,Lipid medicine,What is the Methods-Results lock?,Medium,MD_THESIS_ANNUAL_REVIEW_VIVA_QA Q9.4,See annual-review answer,As cited in that answer,Cross-check against the spoken version; keep one wording,,not rehearsed
A-Q9.5,Front matter,Section 9.x,Biostatistics,"The reference list shows two of your own outputs whose titles conflict with the thesis: TUDOR as 'ascertainment-aware' (reference 21) and the abstract claiming 'dual external validation in 4,028 genetically confirmed cases' (reference 82). How do you reconcile them?",Medium,MD_THESIS_ANNUAL_REVIEW_VIVA_QA Q9.5,See annual-review answer,As cited in that answer,Cross-check against the spoken version; keep one wording,,not rehearsed
G-Acknowledg-1,Front matter,Acknowledgements,Lipid medicine,"What does this section establish that the preceding section did not, and which single sentence carries the claim?",Medium,New (generic probe),"Identify the load-bearing sentence and its source (publication, manuscript, THESIS-AN package or decision).",Section Acknowledg,Re-read the section; underline the one load-bearing sentence; write its source and tier on the numbers card.,,not rehearsed
G-Acknowledg-2,Front matter,Acknowledgements,Lipid medicine,"Which statement in this section is least well supported, and what would you change?",Medium,New (generic probe),"Name the weakest clause first, concede, then state the bounded version.",Section Acknowledg,List the two weakest clauses; draft a one-sentence concession for each.,,not rehearsed
G-Acknowledg-3,Front matter,Acknowledgements,Lipid medicine,"Which source or number in this section would you defend under challenge, and where does it come from?",Medium,New (generic probe),"Give the number, its frame and its tier; name the table it lives in.",Section Acknowledg,Verify each number against its table; confirm DOI status in Appendix 2 of the spoken document.,,not rehearsed
G-Data gover-1,Front matter,Data governance and UK Biobank Research Analysis Platform statement,Lipid medicine,"What does this section establish that the preceding section did not, and which single sentence carries the claim?",Medium,New (generic probe),"Identify the load-bearing sentence and its source (publication, manuscript, THESIS-AN package or decision).",Section Data gover,Re-read the section; underline the one load-bearing sentence; write its source and tier on the numbers card.,,not rehearsed
G-Data gover-2,Front matter,Data governance and UK Biobank Research Analysis Platform statement,Lipid medicine,"Which statement in this section is least well supported, and what would you change?",Medium,New (generic probe),"Name the weakest clause first, concede, then state the bounded version.",Section Data gover,List the two weakest clauses; draft a one-sentence concession for each.,,not rehearsed
G-Data gover-3,Front matter,Data governance and UK Biobank Research Analysis Platform statement,Lipid medicine,"Which source or number in this section would you defend under challenge, and where does it come from?",Medium,New (generic probe),"Give the number, its frame and its tier; name the table it lives in.",Section Data gover,Verify each number against its table; confirm DOI status in Appendix 2 of the spoken document.,,not rehearsed
G-Statement -1,Front matter,Statement of original work and statistical authorship,Biostatistics,"What does this section establish that the preceding section did not, and which single sentence carries the claim?",Medium,New (generic probe),"Identify the load-bearing sentence and its source (publication, manuscript, THESIS-AN package or decision).",Section Statement ,Re-read the section; underline the one load-bearing sentence; write its source and tier on the numbers card.,,not rehearsed
G-Statement -1,Front matter,Statement on the use of artificial intelligence,Lipid medicine,"What does this section establish that the preceding section did not, and which single sentence carries the claim?",Medium,New (generic probe),"Identify the load-bearing sentence and its source (publication, manuscript, THESIS-AN package or decision).",Section Statement ,Re-read the section; underline the one load-bearing sentence; write its source and tier on the numbers card.,,not rehearsed
G-Statement -2,Front matter,Statement of original work and statistical authorship,Biostatistics,"Which statement in this section is least well supported, and what would you change?",Medium,New (generic probe),"Name the weakest clause first, concede, then state the bounded version.",Section Statement ,List the two weakest clauses; draft a one-sentence concession for each.,,not rehearsed
G-Statement -2,Front matter,Statement on the use of artificial intelligence,Lipid medicine,"Which statement in this section is least well supported, and what would you change?",Medium,New (generic probe),"Name the weakest clause first, concede, then state the bounded version.",Section Statement ,List the two weakest clauses; draft a one-sentence concession for each.,,not rehearsed
G-Statement -3,Front matter,Statement of original work and statistical authorship,Biostatistics,"Which source or number in this section would you defend under challenge, and where does it come from?",Medium,New (generic probe),"Give the number, its frame and its tier; name the table it lives in.",Section Statement ,Verify each number against its table; confirm DOI status in Appendix 2 of the spoken document.,,not rehearsed
G-Statement -3,Front matter,Statement on the use of artificial intelligence,Lipid medicine,"Which source or number in this section would you defend under challenge, and where does it come from?",Medium,New (generic probe),"Give the number, its frame and its tier; name the table it lives in.",Section Statement ,Verify each number against its table; confirm DOI status in Appendix 2 of the spoken document.,,not rehearsed
G-Summary-1,Front matter,Summary,Lipid medicine,"What does this section establish that the preceding section did not, and which single sentence carries the claim?",Medium,New (generic probe),"Identify the load-bearing sentence and its source (publication, manuscript, THESIS-AN package or decision).",Section Summary,Re-read the section; underline the one load-bearing sentence; write its source and tier on the numbers card.,,not rehearsed
G-Summary-2,Front matter,Summary,Lipid medicine,"Which statement in this section is least well supported, and what would you change?",Medium,New (generic probe),"Name the weakest clause first, concede, then state the bounded version.",Section Summary,List the two weakest clauses; draft a one-sentence concession for each.,,not rehearsed
G-Summary-3,Front matter,Summary,Lipid medicine,"Which source or number in this section would you defend under challenge, and where does it come from?",Medium,New (generic probe),"Give the number, its frame and its tier; name the table it lives in.",Section Summary,Verify each number against its table; confirm DOI status in Appendix 2 of the spoken document.,,not rehearsed
S-F2,Front matter,Summary and statements,Biostatistics,The Statement of original work says you did the statistics. What did Dr Aubin do?,Medium,MD_THESIS_VIVA_FULL_QA_SPOKEN F2,See spoken answer,Thesis section named in the answer; numbers card,Rehearse aloud with cues; time under 90 s,,not rehearsed
G-ABBR,Front matter,Abbreviations,All,"Are the navigation lists consistent with the final chapter, table and figure numbering?",Low,New,Yes after rebuild; navigation objects carry no scientific claim.,Final rebuild of fields,Rebuild TOC and lists after every edit; check bookmark destinations.,,not rehearsed
G-CONT,Front matter,Contents,All,"Are the navigation lists consistent with the final chapter, table and figure numbering?",Low,New,Yes after rebuild; navigation objects carry no scientific claim.,Final rebuild of fields,Rebuild TOC and lists after every edit; check bookmark destinations.,,not rehearsed
G-LIST,Front matter,List of tables,All,"Are the navigation lists consistent with the final chapter, table and figure numbering?",Low,New,Yes after rebuild; navigation objects carry no scientific claim.,Final rebuild of fields,Rebuild TOC and lists after every edit; check bookmark destinations.,,not rehearsed
G-LIST,Front matter,List of figures,All,"Are the navigation lists consistent with the final chapter, table and figure numbering?",Low,New,Yes after rebuild; navigation objects carry no scientific claim.,Final rebuild of fields,Rebuild TOC and lists after every edit; check bookmark destinations.,,not rehearsed
A-Q1.1,Chapter 1 Introduction,Section 1.x,Lipid medicine,"Your objectives and falsifiers (Table 1.2) were, by your own account, ""written across a completed programme"". Isn't that hypothesising after the results are known?",High,MD_THESIS_ANNUAL_REVIEW_VIVA_QA Q1.1,See annual-review answer,As cited in that answer,Cross-check against the spoken version; keep one wording,,not rehearsed
S-1.4a,Chapter 1 Introduction,Section 1.4,Lipid medicine,Is Measure to Select to Identify to Predict a causal pathway?,High,MD_THESIS_VIVA_FULL_QA_SPOKEN 1.4a,See spoken answer,Thesis section named in the answer; numbers card,Rehearse aloud with cues; time under 90 s,,not rehearsed
S-1.5a,Chapter 1 Introduction,Section 1.5,Lipid medicine,Your falsifiers were written after the results. Is that not hypothesising after the results are known?,High,MD_THESIS_VIVA_FULL_QA_SPOKEN 1.5a,See spoken answer,Thesis section named in the answer; numbers card,Rehearse aloud with cues; time under 90 s,,not rehearsed
S-1.5b,Chapter 1 Introduction,Section 1.5,Biostatistics,"Objective 4 was ""restated after results for both models were known"". Explain.",High,MD_THESIS_VIVA_FULL_QA_SPOKEN 1.5b,See spoken answer,Thesis section named in the answer; numbers card,Rehearse aloud with cues; time under 90 s,,not rehearsed
S-1.5d,Chapter 1 Introduction,Section 1.5,Lipid medicine,Which falsifier came closest to being met?,High,MD_THESIS_VIVA_FULL_QA_SPOKEN 1.5d,See spoken answer,Thesis section named in the answer; numbers card,Rehearse aloud with cues; time under 90 s,,not rehearsed
A-Q1.2,Chapter 1 Introduction,Section 1.x,Lipid medicine,"Is your ""Measure to Select to Identify to Predict"" arrow a causal pathway?",Medium,MD_THESIS_ANNUAL_REVIEW_VIVA_QA Q1.2,See annual-review answer,As cited in that answer,Cross-check against the spoken version; keep one wording,,not rehearsed
A-Q1.3,Chapter 1 Introduction,Section 1.x,Genetic medicine,"Define ""ascertainment-conditioned phenotype"" without jargon.",Medium,MD_THESIS_ANNUAL_REVIEW_VIVA_QA Q1.3,See annual-review answer,As cited in that answer,Cross-check against the spoken version; keep one wording,,not rehearsed
A-Q1.4,Chapter 1 Introduction,Section 1.x,Lipid medicine,What are the five checks that make the framework operational?,Medium,MD_THESIS_ANNUAL_REVIEW_VIVA_QA Q1.4,See annual-review answer,As cited in that answer,Cross-check against the spoken version; keep one wording,,not rehearsed
A-Q1.5,Chapter 1 Introduction,Section 1.x,Lipid medicine,What does the thesis explicitly not claim? Give me the non-claims.,Medium,MD_THESIS_ANNUAL_REVIEW_VIVA_QA Q1.5,See annual-review answer,As cited in that answer,Cross-check against the spoken version; keep one wording,,not rehearsed
G-1.1-1,Chapter 1 Introduction,1.1 The clinical paradox,Lipid medicine,"What does this section establish that the preceding section did not, and which single sentence carries the claim?",Medium,New (generic probe),"Identify the load-bearing sentence and its source (publication, manuscript, THESIS-AN package or decision).",Section 1.1,Re-read the section; underline the one load-bearing sentence; write its source and tier on the numbers card.,,not rehearsed
G-1.1-2,Chapter 1 Introduction,1.1 The clinical paradox,Lipid medicine,"Which statement in this section is least well supported, and what would you change?",Medium,New (generic probe),"Name the weakest clause first, concede, then state the bounded version.",Section 1.1,List the two weakest clauses; draft a one-sentence concession for each.,,not rehearsed
G-1.1-3,Chapter 1 Introduction,1.1 The clinical paradox,Lipid medicine,"Which source or number in this section would you defend under challenge, and where does it come from?",Medium,New (generic probe),"Give the number, its frame and its tier; name the table it lives in.",Section 1.1,Verify each number against its table; confirm DOI status in Appendix 2 of the spoken document.,,not rehearsed
G-1.2-1,Chapter 1 Introduction,"1.2 Scientific basis: exposure, measurement and variable expression",Lipid medicine,"What does this section establish that the preceding section did not, and which single sentence carries the claim?",Medium,New (generic probe),"Identify the load-bearing sentence and its source (publication, manuscript, THESIS-AN package or decision).",Section 1.2,Re-read the section; underline the one load-bearing sentence; write its source and tier on the numbers card.,,not rehearsed
G-1.2-2,Chapter 1 Introduction,"1.2 Scientific basis: exposure, measurement and variable expression",Lipid medicine,"Which statement in this section is least well supported, and what would you change?",Medium,New (generic probe),"Name the weakest clause first, concede, then state the bounded version.",Section 1.2,List the two weakest clauses; draft a one-sentence concession for each.,,not rehearsed
G-1.2-3,Chapter 1 Introduction,"1.2 Scientific basis: exposure, measurement and variable expression",Lipid medicine,"Which source or number in this section would you defend under challenge, and where does it come from?",Medium,New (generic probe),"Give the number, its frame and its tier; name the table it lives in.",Section 1.2,Verify each number against its table; confirm DOI status in Appendix 2 of the spoken document.,,not rehearsed
G-1.3-1,Chapter 1 Introduction,1.3 Selection into observation,Lipid medicine,"What does this section establish that the preceding section did not, and which single sentence carries the claim?",Medium,New (generic probe),"Identify the load-bearing sentence and its source (publication, manuscript, THESIS-AN package or decision).",Section 1.3,Re-read the section; underline the one load-bearing sentence; write its source and tier on the numbers card.,,not rehearsed
G-1.3-2,Chapter 1 Introduction,1.3 Selection into observation,Lipid medicine,"Which statement in this section is least well supported, and what would you change?",Medium,New (generic probe),"Name the weakest clause first, concede, then state the bounded version.",Section 1.3,List the two weakest clauses; draft a one-sentence concession for each.,,not rehearsed
G-1.3-3,Chapter 1 Introduction,1.3 Selection into observation,Lipid medicine,"Which source or number in this section would you defend under challenge, and where does it come from?",Medium,New (generic probe),"Give the number, its frame and its tier; name the table it lives in.",Section 1.3,Verify each number against its table; confirm DOI status in Appendix 2 of the spoken document.,,not rehearsed
G-1.4-1,Chapter 1 Introduction,1.4 The conceptual framework,Lipid medicine,"What does this section establish that the preceding section did not, and which single sentence carries the claim?",Medium,New (generic probe),"Identify the load-bearing sentence and its source (publication, manuscript, THESIS-AN package or decision).",Section 1.4,Re-read the section; underline the one load-bearing sentence; write its source and tier on the numbers card.,,not rehearsed
G-1.4-2,Chapter 1 Introduction,1.4 The conceptual framework,Lipid medicine,"Which statement in this section is least well supported, and what would you change?",Medium,New (generic probe),"Name the weakest clause first, concede, then state the bounded version.",Section 1.4,List the two weakest clauses; draft a one-sentence concession for each.,,not rehearsed
G-1.4-3,Chapter 1 Introduction,1.4 The conceptual framework,Lipid medicine,"Which source or number in this section would you defend under challenge, and where does it come from?",Medium,New (generic probe),"Give the number, its frame and its tier; name the table it lives in.",Section 1.4,Verify each number against its table; confirm DOI status in Appendix 2 of the spoken document.,,not rehearsed
G-1.5-1,Chapter 1 Introduction,"1.5 Question, aim, objectives and falsifiers",Lipid medicine,"What does this section establish that the preceding section did not, and which single sentence carries the claim?",Medium,New (generic probe),"Identify the load-bearing sentence and its source (publication, manuscript, THESIS-AN package or decision).",Section 1.5,Re-read the section; underline the one load-bearing sentence; write its source and tier on the numbers card.,,not rehearsed
G-1.5-2,Chapter 1 Introduction,"1.5 Question, aim, objectives and falsifiers",Lipid medicine,"Which statement in this section is least well supported, and what would you change?",Medium,New (generic probe),"Name the weakest clause first, concede, then state the bounded version.",Section 1.5,List the two weakest clauses; draft a one-sentence concession for each.,,not rehearsed
G-1.5-3,Chapter 1 Introduction,"1.5 Question, aim, objectives and falsifiers",Lipid medicine,"Which source or number in this section would you defend under challenge, and where does it come from?",Medium,New (generic probe),"Give the number, its frame and its tier; name the table it lives in.",Section 1.5,Verify each number against its table; confirm DOI status in Appendix 2 of the spoken document.,,not rehearsed
G-1.6-1,Chapter 1 Introduction,1.6 Contribution in relation to prior work,Lipid medicine,"What does this section establish that the preceding section did not, and which single sentence carries the claim?",Medium,New (generic probe),"Identify the load-bearing sentence and its source (publication, manuscript, THESIS-AN package or decision).",Section 1.6,Re-read the section; underline the one load-bearing sentence; write its source and tier on the numbers card.,,not rehearsed
G-1.6-2,Chapter 1 Introduction,1.6 Contribution in relation to prior work,Lipid medicine,"Which statement in this section is least well supported, and what would you change?",Medium,New (generic probe),"Name the weakest clause first, concede, then state the bounded version.",Section 1.6,List the two weakest clauses; draft a one-sentence concession for each.,,not rehearsed
G-1.6-3,Chapter 1 Introduction,1.6 Contribution in relation to prior work,Lipid medicine,"Which source or number in this section would you defend under challenge, and where does it come from?",Medium,New (generic probe),"Give the number, its frame and its tier; name the table it lives in.",Section 1.6,Verify each number against its table; confirm DOI status in Appendix 2 of the spoken document.,,not rehearsed
G-1.7-1,Chapter 1 Introduction,"1.7 Scope, evidence and governance",Lipid medicine,"What does this section establish that the preceding section did not, and which single sentence carries the claim?",Medium,New (generic probe),"Identify the load-bearing sentence and its source (publication, manuscript, THESIS-AN package or decision).",Section 1.7,Re-read the section; underline the one load-bearing sentence; write its source and tier on the numbers card.,,not rehearsed
G-1.7-2,Chapter 1 Introduction,"1.7 Scope, evidence and governance",Lipid medicine,"Which statement in this section is least well supported, and what would you change?",Medium,New (generic probe),"Name the weakest clause first, concede, then state the bounded version.",Section 1.7,List the two weakest clauses; draft a one-sentence concession for each.,,not rehearsed
G-1.7-3,Chapter 1 Introduction,"1.7 Scope, evidence and governance",Lipid medicine,"Which source or number in this section would you defend under challenge, and where does it come from?",Medium,New (generic probe),"Give the number, its frame and its tier; name the table it lives in.",Section 1.7,Verify each number against its table; confirm DOI status in Appendix 2 of the spoken document.,,not rehearsed
G-1.8-1,Chapter 1 Introduction,1.8 Structure of the thesis,Lipid medicine,"What does this section establish that the preceding section did not, and which single sentence carries the claim?",Medium,New (generic probe),"Identify the load-bearing sentence and its source (publication, manuscript, THESIS-AN package or decision).",Section 1.8,Re-read the section; underline the one load-bearing sentence; write its source and tier on the numbers card.,,not rehearsed
G-1.8-2,Chapter 1 Introduction,1.8 Structure of the thesis,Lipid medicine,"Which statement in this section is least well supported, and what would you change?",Medium,New (generic probe),"Name the weakest clause first, concede, then state the bounded version.",Section 1.8,List the two weakest clauses; draft a one-sentence concession for each.,,not rehearsed
G-1.8-3,Chapter 1 Introduction,1.8 Structure of the thesis,Lipid medicine,"Which source or number in this section would you defend under challenge, and where does it come from?",Medium,New (generic probe),"Give the number, its frame and its tier; name the table it lives in.",Section 1.8,Verify each number against its table; confirm DOI status in Appendix 2 of the spoken document.,,not rehearsed
G-H1-Chapter1Intr,Chapter 1 Introduction,Chapter 1 — Introduction: when does the same LDL-C mean the same thing?,All,State the question this chapter answers and the one number that answers it.,Medium,"Spoken document, chapter answer sub-section","Chapter answer paragraph (Sections 4.10, 5.7, 6.9, 7.15, 8.1).",Chapter answer paragraph,Memorise the chapter answer verbatim.,,not rehearsed
S-1.1a,Chapter 1 Introduction,Section 1.1,Lipid medicine,"Why is FH a ""stringent"" setting for this question?",Medium,MD_THESIS_VIVA_FULL_QA_SPOKEN 1.1a,See spoken answer,Thesis section named in the answer; numbers card,Rehearse aloud with cues; time under 90 s,,not rehearsed
S-1.1b,Chapter 1 Introduction,Section 1.1,Lipid medicine,Give me the single example you open with.,Medium,MD_THESIS_VIVA_FULL_QA_SPOKEN 1.1b,See spoken answer,Thesis section named in the answer; numbers card,Rehearse aloud with cues; time under 90 s,,not rehearsed
S-1.1c,Chapter 1 Introduction,Section 1.1,Lipid medicine,"Isn't this just ""treated LDL-C is lower than untreated""? Where is the science?",Medium,MD_THESIS_VIVA_FULL_QA_SPOKEN 1.1c,See spoken answer,Thesis section named in the answer; numbers card,Rehearse aloud with cues; time under 90 s,,not rehearsed
S-1.2a,Chapter 1 Introduction,Section 1.2,Lipid medicine,Why is a current LDL-C not a measure of exposure?,Medium,MD_THESIS_VIVA_FULL_QA_SPOKEN 1.2a,See spoken answer,Thesis section named in the answer; numbers card,Rehearse aloud with cues; time under 90 s,,not rehearsed
S-1.2b,Chapter 1 Introduction,Section 1.2,Lipid medicine,"Why is apoB ""not an LDL-specific particle assay""?",Medium,MD_THESIS_VIVA_FULL_QA_SPOKEN 1.2b,See spoken answer,Thesis section named in the answer; numbers card,Rehearse aloud with cues; time under 90 s,,not rehearsed
S-1.2c,Chapter 1 Introduction,Section 1.2,Lipid medicine,"What is ""complementarity, not superiority"", and why did you settle on it?",Medium,MD_THESIS_VIVA_FULL_QA_SPOKEN 1.2c,See spoken answer,Thesis section named in the answer; numbers card,Rehearse aloud with cues; time under 90 s,,not rehearsed
S-1.2d,Chapter 1 Introduction,Section 1.2,Lipid medicine,"Why does the thesis prefer a residual to a ratio, in one sentence each?",Medium,MD_THESIS_VIVA_FULL_QA_SPOKEN 1.2d,See spoken answer,Thesis section named in the answer; numbers card,Rehearse aloud with cues; time under 90 s,,not rehearsed
S-1.2e,Chapter 1 Introduction,Section 1.2,Lipid medicine,What does back-calculating an untreated LDL-C actually give you?,Medium,MD_THESIS_VIVA_FULL_QA_SPOKEN 1.2e,See spoken answer,Thesis section named in the answer; numbers card,Rehearse aloud with cues; time under 90 s,,not rehearsed
S-1.3a,Chapter 1 Introduction,Section 1.3,Genetic medicine,Define the ascertainment-conditioned phenotype without jargon.,Medium,MD_THESIS_VIVA_FULL_QA_SPOKEN 1.3a,See spoken answer,Thesis section named in the answer; numbers card,Rehearse aloud with cues; time under 90 s,,not rehearsed
S-1.3b,Chapter 1 Introduction,Section 1.3,Lipid medicine,Who showed this before you?,Medium,MD_THESIS_VIVA_FULL_QA_SPOKEN 1.3b,See spoken answer,Thesis section named in the answer; numbers card,Rehearse aloud with cues; time under 90 s,,not rehearsed
S-1.3c,Chapter 1 Introduction,Section 1.3,Lipid medicine,Why does selection matter for a diagnostic test's AUC?,Medium,MD_THESIS_VIVA_FULL_QA_SPOKEN 1.3c,See spoken answer,Thesis section named in the answer; numbers card,Rehearse aloud with cues; time under 90 s,,not rehearsed
S-1.3d,Chapter 1 Introduction,Section 1.3,Lipid medicine,Are UK Biobank and the Welsh registry interchangeable halves of one population?,Medium,MD_THESIS_VIVA_FULL_QA_SPOKEN 1.3d,See spoken answer,Thesis section named in the answer; numbers card,Rehearse aloud with cues; time under 90 s,,not rehearsed
S-1.4b,Chapter 1 Introduction,Section 1.4,Lipid medicine,When was the framework written?,Medium,MD_THESIS_VIVA_FULL_QA_SPOKEN 1.4b,See spoken answer,Thesis section named in the answer; numbers card,Rehearse aloud with cues; time under 90 s,,not rehearsed
S-1.4c,Chapter 1 Introduction,Section 1.4,Lipid medicine,Name the five operational checks.,Medium,MD_THESIS_VIVA_FULL_QA_SPOKEN 1.4c,See spoken answer,Thesis section named in the answer; numbers card,Rehearse aloud with cues; time under 90 s,,not rehearsed
S-1.4d,Chapter 1 Introduction,Section 1.4,Lipid medicine,"Why does the fifth condition, sex, sit in Chapter 8 rather than in an empirical chapter?",Medium,MD_THESIS_VIVA_FULL_QA_SPOKEN 1.4d,See spoken answer,Thesis section named in the answer; numbers card,Rehearse aloud with cues; time under 90 s,,not rehearsed
S-1.5c,Chapter 1 Introduction,Section 1.5,Biostatistics,State each objective's estimand in one phrase.,Medium,MD_THESIS_VIVA_FULL_QA_SPOKEN 1.5c,See spoken answer,Thesis section named in the answer; numbers card,Rehearse aloud with cues; time under 90 s,,not rehearsed
S-1.5e,Chapter 1 Introduction,Section 1.5,Lipid medicine,"What is the ""object evaluated"" in Objective 3, and why does that phrase appear?",Medium,MD_THESIS_VIVA_FULL_QA_SPOKEN 1.5e,See spoken answer,Thesis section named in the answer; numbers card,Rehearse aloud with cues; time under 90 s,,not rehearsed
S-1.6a,Chapter 1 Introduction,Section 1.6,Lipid medicine,"What is new, given every component principle is established?",Medium,MD_THESIS_VIVA_FULL_QA_SPOKEN 1.6a,See spoken answer,Thesis section named in the answer; numbers card,Rehearse aloud with cues; time under 90 s,,not rehearsed
S-1.6b,Chapter 1 Introduction,Section 1.6,Lipid medicine,Nearest prior work for the particle condition?,Medium,MD_THESIS_VIVA_FULL_QA_SPOKEN 1.6b,See spoken answer,Thesis section named in the answer; numbers card,Rehearse aloud with cues; time under 90 s,,not rehearsed
S-1.6c,Chapter 1 Introduction,Section 1.6,Lipid medicine,Nearest prior work for the treatment condition?,Medium,MD_THESIS_VIVA_FULL_QA_SPOKEN 1.6c,See spoken answer,Thesis section named in the answer; numbers card,Rehearse aloud with cues; time under 90 s,,not rehearsed
S-1.6d,Chapter 1 Introduction,Section 1.6,Lipid medicine,Nearest prior work for the cohort condition?,Medium,MD_THESIS_VIVA_FULL_QA_SPOKEN 1.6d,See spoken answer,Thesis section named in the answer; numbers card,Rehearse aloud with cues; time under 90 s,,not rehearsed
S-1.7a,Chapter 1 Introduction,Section 1.7,Lipid medicine,What is deliberately out of scope?,Medium,MD_THESIS_VIVA_FULL_QA_SPOKEN 1.7a,See spoken answer,Thesis section named in the answer; numbers card,Rehearse aloud with cues; time under 90 s,,not rehearsed
S-1.7b,Chapter 1 Introduction,Section 1.7,Genetic medicine,Three different genetic definitions are used. Why not one?,Medium,MD_THESIS_VIVA_FULL_QA_SPOKEN 1.7b,See spoken answer,Thesis section named in the answer; numbers card,Rehearse aloud with cues; time under 90 s,,not rehearsed
S-1.8a,Chapter 1 Introduction,Section 1.8,Lipid medicine,"Why do the chapters ""inherit an open problem"" from one another?",Medium,MD_THESIS_VIVA_FULL_QA_SPOKEN 1.8a,See spoken answer,Thesis section named in the answer; numbers card,Rehearse aloud with cues; time under 90 s,,not rehearsed
T-Figure1.1.-1,Chapter 1 Introduction,Figure 1.1.: The four tasks of the thesis framework. Each box states the governing ,All,"Describe Figure 1.1. without looking at it: axes, groups, what the caption excludes, and the message in one sentence.",Medium,New (display probe),"State what is drawn, what is deliberately not drawn on the same axis, and what the figure cannot show.",Figure 1.1.,Sketch the figure from memory once; check the caption exclusions (e.g. constructs not on the same ladder).,,not rehearsed
T-Table1.1.-1,Chapter 1 Introduction,Table 1.1.: The five parts of the thesis question,Biostatistics,"Walk me through Table 1.1. row by row: denominators, units, interval convention, genetic frame and tier.",Medium,New (display probe),Read each row with its frame; never merge denominators across rows; name the source manuscript or package.,Table 1.1.,Practise a 90-second narration of the display; mark any row whose value differs from the chapter text (see corrections list).,,not rehearsed
T-Table1.1.-2,Chapter 1 Introduction,Table 1.1.: The five parts of the thesis question,Lipid medicine,"Which row of Table 1.1. would a critic attack first, and how do you answer?",Medium,New (display probe),"Pick the weakest row, concede its limit (tier, events, convention) and state what would remove it.",Table 1.1.,Write the weakest row and its concession on the numbers card.,,not rehearsed
T-Table1.2.-1,Chapter 1 Introduction,"Table 1.2.: Objectives, hypotheses and falsifiers",Biostatistics,"Walk me through Table 1.2. row by row: denominators, units, interval convention, genetic frame and tier.",Medium,New (display probe),Read each row with its frame; never merge denominators across rows; name the source manuscript or package.,Table 1.2.,Practise a 90-second narration of the display; mark any row whose value differs from the chapter text (see corrections list).,,not rehearsed
T-Table1.2.-2,Chapter 1 Introduction,"Table 1.2.: Objectives, hypotheses and falsifiers",Lipid medicine,"Which row of Table 1.2. would a critic attack first, and how do you answer?",Medium,New (display probe),"Pick the weakest row, concede its limit (tier, events, convention) and state what would remove it.",Table 1.2.,Write the weakest row and its concession on the numbers card.,,not rehearsed
A-Q2.1,Chapter 2 Literature review,Section 2.x,Lipid medicine,"This is a ""critical, claim-led review"" that you describe as ""search incomplete"". Why should I trust any of your novelty statements?",Medium,MD_THESIS_ANNUAL_REVIEW_VIVA_QA Q2.1,See annual-review answer,As cited in that answer,Cross-check against the spoken version; keep one wording,,not rehearsed
A-Q2.2,Chapter 2 Literature review,Section 2.x,Lipid medicine,Why is apoB not simply superior to LDL-C? State the strongest evidence on each side from your own review.,Medium,MD_THESIS_ANNUAL_REVIEW_VIVA_QA Q2.2,See annual-review answer,As cited in that answer,Cross-check against the spoken version; keep one wording,,not rehearsed
A-Q2.3,Chapter 2 Literature review,Section 2.x,Lipid medicine,Why does FH make discordance uncertain rather than obvious?,Medium,MD_THESIS_ANNUAL_REVIEW_VIVA_QA Q2.3,See annual-review answer,As cited in that answer,Cross-check against the spoken version; keep one wording,,not rehearsed
A-Q2.4,Chapter 2 Literature review,Section 2.x,Biostatistics,What is the difference between a ratio and a residual as an estimand?,Medium,MD_THESIS_ANNUAL_REVIEW_VIVA_QA Q2.4,See annual-review answer,As cited in that answer,Cross-check against the spoken version; keep one wording,,not rehearsed
A-Q2.5,Chapter 2 Literature review,Section 2.x,Biostatistics,Name the five model states and say which one is external validation.,Medium,MD_THESIS_ANNUAL_REVIEW_VIVA_QA Q2.5,See annual-review answer,As cited in that answer,Cross-check against the spoken version; keep one wording,,not rehearsed
A-Q2.6,Chapter 2 Literature review,Section 2.x,Lipid medicine,"Which prior study is closest to each of your four empirical chapters, and what is left over?",Medium,MD_THESIS_ANNUAL_REVIEW_VIVA_QA Q2.6,See annual-review answer,As cited in that answer,Cross-check against the spoken version; keep one wording,,not rehearsed
G-2.1-1,Chapter 2 Literature review,2.1 Purpose and conceptual stance,Lipid medicine,"What does this section establish that the preceding section did not, and which single sentence carries the claim?",Medium,New (generic probe),"Identify the load-bearing sentence and its source (publication, manuscript, THESIS-AN package or decision).",Section 2.1,Re-read the section; underline the one load-bearing sentence; write its source and tier on the numbers card.,,not rehearsed
G-2.1-2,Chapter 2 Literature review,2.1 Purpose and conceptual stance,Lipid medicine,"Which statement in this section is least well supported, and what would you change?",Medium,New (generic probe),"Name the weakest clause first, concede, then state the bounded version.",Section 2.1,List the two weakest clauses; draft a one-sentence concession for each.,,not rehearsed
G-2.1-3,Chapter 2 Literature review,2.1 Purpose and conceptual stance,Lipid medicine,"Which source or number in this section would you defend under challenge, and where does it come from?",Medium,New (generic probe),"Give the number, its frame and its tier; name the table it lives in.",Section 2.1,Verify each number against its table; confirm DOI status in Appendix 2 of the spoken document.,,not rehearsed
G-2.10-1,Chapter 2 Literature review,"2.10 Evaluating prediction: transport, performance and clinical utility",Lipid medicine,"What does this section establish that the preceding section did not, and which single sentence carries the claim?",Medium,New (generic probe),"Identify the load-bearing sentence and its source (publication, manuscript, THESIS-AN package or decision).",Section 2.10,Re-read the section; underline the one load-bearing sentence; write its source and tier on the numbers card.,,not rehearsed
G-2.10-2,Chapter 2 Literature review,"2.10 Evaluating prediction: transport, performance and clinical utility",Lipid medicine,"Which statement in this section is least well supported, and what would you change?",Medium,New (generic probe),"Name the weakest clause first, concede, then state the bounded version.",Section 2.10,List the two weakest clauses; draft a one-sentence concession for each.,,not rehearsed
G-2.10-3,Chapter 2 Literature review,"2.10 Evaluating prediction: transport, performance and clinical utility",Lipid medicine,"Which source or number in this section would you defend under challenge, and where does it come from?",Medium,New (generic probe),"Give the number, its frame and its tier; name the table it lives in.",Section 2.10,Verify each number against its table; confirm DOI status in Appendix 2 of the spoken document.,,not rehearsed
G-2.11-1,Chapter 2 Literature review,"2.11 Life course, sex and inherited modifiers",Lipid medicine,"What does this section establish that the preceding section did not, and which single sentence carries the claim?",Medium,New (generic probe),"Identify the load-bearing sentence and its source (publication, manuscript, THESIS-AN package or decision).",Section 2.11,Re-read the section; underline the one load-bearing sentence; write its source and tier on the numbers card.,,not rehearsed
G-2.11-2,Chapter 2 Literature review,"2.11 Life course, sex and inherited modifiers",Lipid medicine,"Which statement in this section is least well supported, and what would you change?",Medium,New (generic probe),"Name the weakest clause first, concede, then state the bounded version.",Section 2.11,List the two weakest clauses; draft a one-sentence concession for each.,,not rehearsed
G-2.11-3,Chapter 2 Literature review,"2.11 Life course, sex and inherited modifiers",Lipid medicine,"Which source or number in this section would you defend under challenge, and where does it come from?",Medium,New (generic probe),"Give the number, its frame and its tier; name the table it lives in.",Section 2.11,Verify each number against its table; confirm DOI status in Appendix 2 of the spoken document.,,not rehearsed
G-2.12-1,Chapter 2 Literature review,2.12 Evidentiary synthesis and transition to methodology,Lipid medicine,"What does this section establish that the preceding section did not, and which single sentence carries the claim?",Medium,New (generic probe),"Identify the load-bearing sentence and its source (publication, manuscript, THESIS-AN package or decision).",Section 2.12,Re-read the section; underline the one load-bearing sentence; write its source and tier on the numbers card.,,not rehearsed
G-2.12-2,Chapter 2 Literature review,2.12 Evidentiary synthesis and transition to methodology,Lipid medicine,"Which statement in this section is least well supported, and what would you change?",Medium,New (generic probe),"Name the weakest clause first, concede, then state the bounded version.",Section 2.12,List the two weakest clauses; draft a one-sentence concession for each.,,not rehearsed
G-2.12-3,Chapter 2 Literature review,2.12 Evidentiary synthesis and transition to methodology,Lipid medicine,"Which source or number in this section would you defend under challenge, and where does it come from?",Medium,New (generic probe),"Give the number, its frame and its tier; name the table it lives in.",Section 2.12,Verify each number against its table; confirm DOI status in Appendix 2 of the spoken document.,,not rehearsed
G-2.2-1,Chapter 2 Literature review,2.2 Familial hypercholesterolaemia as exposure and recognition,Lipid medicine,"What does this section establish that the preceding section did not, and which single sentence carries the claim?",Medium,New (generic probe),"Identify the load-bearing sentence and its source (publication, manuscript, THESIS-AN package or decision).",Section 2.2,Re-read the section; underline the one load-bearing sentence; write its source and tier on the numbers card.,,not rehearsed
G-2.2-2,Chapter 2 Literature review,2.2 Familial hypercholesterolaemia as exposure and recognition,Lipid medicine,"Which statement in this section is least well supported, and what would you change?",Medium,New (generic probe),"Name the weakest clause first, concede, then state the bounded version.",Section 2.2,List the two weakest clauses; draft a one-sentence concession for each.,,not rehearsed
G-2.2-3,Chapter 2 Literature review,2.2 Familial hypercholesterolaemia as exposure and recognition,Lipid medicine,"Which source or number in this section would you defend under challenge, and where does it come from?",Medium,New (generic probe),"Give the number, its frame and its tier; name the table it lives in.",Section 2.2,Verify each number against its table; confirm DOI status in Appendix 2 of the spoken document.,,not rehearsed
G-2.3-1,Chapter 2 Literature review,"2.3 LDL-C, apoB and the measurement of atherogenic burden",Lipid medicine,"What does this section establish that the preceding section did not, and which single sentence carries the claim?",Medium,New (generic probe),"Identify the load-bearing sentence and its source (publication, manuscript, THESIS-AN package or decision).",Section 2.3,Re-read the section; underline the one load-bearing sentence; write its source and tier on the numbers card.,,not rehearsed
G-2.3-2,Chapter 2 Literature review,"2.3 LDL-C, apoB and the measurement of atherogenic burden",Lipid medicine,"Which statement in this section is least well supported, and what would you change?",Medium,New (generic probe),"Name the weakest clause first, concede, then state the bounded version.",Section 2.3,List the two weakest clauses; draft a one-sentence concession for each.,,not rehearsed
G-2.3-3,Chapter 2 Literature review,"2.3 LDL-C, apoB and the measurement of atherogenic burden",Lipid medicine,"Which source or number in this section would you defend under challenge, and where does it come from?",Medium,New (generic probe),"Give the number, its frame and its tier; name the table it lives in.",Section 2.3,Verify each number against its table; confirm DOI status in Appendix 2 of the spoken document.,,not rehearsed
G-2.4-1,Chapter 2 Literature review,2.4 Why apoB–LDL-C discordance in FH remains uncertain,Lipid medicine,"What does this section establish that the preceding section did not, and which single sentence carries the claim?",Medium,New (generic probe),"Identify the load-bearing sentence and its source (publication, manuscript, THESIS-AN package or decision).",Section 2.4,Re-read the section; underline the one load-bearing sentence; write its source and tier on the numbers card.,,not rehearsed
G-2.4-2,Chapter 2 Literature review,2.4 Why apoB–LDL-C discordance in FH remains uncertain,Lipid medicine,"Which statement in this section is least well supported, and what would you change?",Medium,New (generic probe),"Name the weakest clause first, concede, then state the bounded version.",Section 2.4,List the two weakest clauses; draft a one-sentence concession for each.,,not rehearsed
G-2.4-3,Chapter 2 Literature review,2.4 Why apoB–LDL-C discordance in FH remains uncertain,Lipid medicine,"Which source or number in this section would you defend under challenge, and where does it come from?",Medium,New (generic probe),"Give the number, its frame and its tier; name the table it lives in.",Section 2.4,Verify each number against its table; confirm DOI status in Appendix 2 of the spoken document.,,not rehearsed
G-2.5-1,Chapter 2 Literature review,2.5 Ratio and residual formulations address different estimands,Biostatistics,"What does this section establish that the preceding section did not, and which single sentence carries the claim?",Medium,New (generic probe),"Identify the load-bearing sentence and its source (publication, manuscript, THESIS-AN package or decision).",Section 2.5,Re-read the section; underline the one load-bearing sentence; write its source and tier on the numbers card.,,not rehearsed
G-2.5-2,Chapter 2 Literature review,2.5 Ratio and residual formulations address different estimands,Biostatistics,"Which statement in this section is least well supported, and what would you change?",Medium,New (generic probe),"Name the weakest clause first, concede, then state the bounded version.",Section 2.5,List the two weakest clauses; draft a one-sentence concession for each.,,not rehearsed
G-2.5-3,Chapter 2 Literature review,2.5 Ratio and residual formulations address different estimands,Biostatistics,"Which source or number in this section would you defend under challenge, and where does it come from?",Medium,New (generic probe),"Give the number, its frame and its tier; name the table it lives in.",Section 2.5,Verify each number against its table; confirm DOI status in Appendix 2 of the spoken document.,,not rehearsed
G-2.6-1,Chapter 2 Literature review,"2.6 Treatment, phenotype distortion and pretreatment reconstruction",Biostatistics,"What does this section establish that the preceding section did not, and which single sentence carries the claim?",Medium,New (generic probe),"Identify the load-bearing sentence and its source (publication, manuscript, THESIS-AN package or decision).",Section 2.6,Re-read the section; underline the one load-bearing sentence; write its source and tier on the numbers card.,,not rehearsed
G-2.6-2,Chapter 2 Literature review,"2.6 Treatment, phenotype distortion and pretreatment reconstruction",Biostatistics,"Which statement in this section is least well supported, and what would you change?",Medium,New (generic probe),"Name the weakest clause first, concede, then state the bounded version.",Section 2.6,List the two weakest clauses; draft a one-sentence concession for each.,,not rehearsed
G-2.6-3,Chapter 2 Literature review,"2.6 Treatment, phenotype distortion and pretreatment reconstruction",Biostatistics,"Which source or number in this section would you defend under challenge, and where does it come from?",Medium,New (generic probe),"Give the number, its frame and its tier; name the table it lives in.",Section 2.6,Verify each number against its table; confirm DOI status in Appendix 2 of the spoken document.,,not rehearsed
G-2.7-1,Chapter 2 Literature review,"2.7 Ascertainment, spectrum effects and the ascertainment-conditioned phenotype",Genetic medicine,"What does this section establish that the preceding section did not, and which single sentence carries the claim?",Medium,New (generic probe),"Identify the load-bearing sentence and its source (publication, manuscript, THESIS-AN package or decision).",Section 2.7,Re-read the section; underline the one load-bearing sentence; write its source and tier on the numbers card.,,not rehearsed
G-2.7-2,Chapter 2 Literature review,"2.7 Ascertainment, spectrum effects and the ascertainment-conditioned phenotype",Genetic medicine,"Which statement in this section is least well supported, and what would you change?",Medium,New (generic probe),"Name the weakest clause first, concede, then state the bounded version.",Section 2.7,List the two weakest clauses; draft a one-sentence concession for each.,,not rehearsed
G-2.7-3,Chapter 2 Literature review,"2.7 Ascertainment, spectrum effects and the ascertainment-conditioned phenotype",Genetic medicine,"Which source or number in this section would you defend under challenge, and where does it come from?",Medium,New (generic probe),"Give the number, its frame and its tier; name the table it lives in.",Section 2.7,Verify each number against its table; confirm DOI status in Appendix 2 of the spoken document.,,not rehearsed
G-2.8-1,Chapter 2 Literature review,"2.8 Clinical criteria, electronic case-finding and molecular diagnosis",Lipid medicine,"What does this section establish that the preceding section did not, and which single sentence carries the claim?",Medium,New (generic probe),"Identify the load-bearing sentence and its source (publication, manuscript, THESIS-AN package or decision).",Section 2.8,Re-read the section; underline the one load-bearing sentence; write its source and tier on the numbers card.,,not rehearsed
G-2.8-2,Chapter 2 Literature review,"2.8 Clinical criteria, electronic case-finding and molecular diagnosis",Lipid medicine,"Which statement in this section is least well supported, and what would you change?",Medium,New (generic probe),"Name the weakest clause first, concede, then state the bounded version.",Section 2.8,List the two weakest clauses; draft a one-sentence concession for each.,,not rehearsed
G-2.8-3,Chapter 2 Literature review,"2.8 Clinical criteria, electronic case-finding and molecular diagnosis",Lipid medicine,"Which source or number in this section would you defend under challenge, and where does it come from?",Medium,New (generic probe),"Give the number, its frame and its tier; name the table it lives in.",Section 2.8,Verify each number against its table; confirm DOI status in Appendix 2 of the spoken document.,,not rehearsed
G-2.9-1,Chapter 2 Literature review,"2.9 From identification to prognosis: models, populations and estimands",Biostatistics,"What does this section establish that the preceding section did not, and which single sentence carries the claim?",Medium,New (generic probe),"Identify the load-bearing sentence and its source (publication, manuscript, THESIS-AN package or decision).",Section 2.9,Re-read the section; underline the one load-bearing sentence; write its source and tier on the numbers card.,,not rehearsed
G-2.9-2,Chapter 2 Literature review,"2.9 From identification to prognosis: models, populations and estimands",Biostatistics,"Which statement in this section is least well supported, and what would you change?",Medium,New (generic probe),"Name the weakest clause first, concede, then state the bounded version.",Section 2.9,List the two weakest clauses; draft a one-sentence concession for each.,,not rehearsed
G-2.9-3,Chapter 2 Literature review,"2.9 From identification to prognosis: models, populations and estimands",Biostatistics,"Which source or number in this section would you defend under challenge, and where does it come from?",Medium,New (generic probe),"Give the number, its frame and its tier; name the table it lives in.",Section 2.9,Verify each number against its table; confirm DOI status in Appendix 2 of the spoken document.,,not rehearsed
G-H1-Chapter2Lite,Chapter 2 Literature review,Chapter 2 — Literature review: what an LDL-C value carries in FH,All,State the question this chapter answers and the one number that answers it.,Medium,"Spoken document, chapter answer sub-section","Chapter answer paragraph (Sections 4.10, 5.7, 6.9, 7.15, 8.1).",Chapter answer paragraph,Memorise the chapter answer verbatim.,,not rehearsed
S-2.10a,Chapter 2 Literature review,Section 2.10,Biostatistics,Name the four questions of model evaluation and one measure for each.,Medium,MD_THESIS_VIVA_FULL_QA_SPOKEN 2.10a,See spoken answer,Thesis section named in the answer; numbers card,Rehearse aloud with cues; time under 90 s,,not rehearsed
S-2.10b,Chapter 2 Literature review,Section 2.10,Biostatistics,Why must competing death be handled?,Medium,MD_THESIS_VIVA_FULL_QA_SPOKEN 2.10b,See spoken answer,Thesis section named in the answer; numbers card,Rehearse aloud with cues; time under 90 s,,not rehearsed
S-2.10c,Chapter 2 Literature review,Section 2.10,Biostatistics,Why is checklist adherence not validation?,Medium,MD_THESIS_VIVA_FULL_QA_SPOKEN 2.10c,See spoken answer,Thesis section named in the answer; numbers card,Rehearse aloud with cues; time under 90 s,,not rehearsed
S-2.11a,Chapter 2 Literature review,Section 2.11,Lipid medicine,What is the FH-specific evidence on menopause?,Medium,MD_THESIS_VIVA_FULL_QA_SPOKEN 2.11a,See spoken answer,Thesis section named in the answer; numbers card,Rehearse aloud with cues; time under 90 s,,not rehearsed
S-2.12a,Chapter 2 Literature review,Section 2.12,Lipid medicine,What single rule does the review converge on?,Medium,MD_THESIS_VIVA_FULL_QA_SPOKEN 2.12a,See spoken answer,Thesis section named in the answer; numbers card,Rehearse aloud with cues; time under 90 s,,not rehearsed
S-2.1a,Chapter 2 Literature review,Section 2.1,Lipid medicine,"This is not a systematic review. Why not, and what did you do instead?",Medium,MD_THESIS_VIVA_FULL_QA_SPOKEN 2.1a,See spoken answer,Thesis section named in the answer; numbers card,Rehearse aloud with cues; time under 90 s,,not rehearsed
S-2.1b,Chapter 2 Literature review,Section 2.1,Lipid medicine,What are the four load-bearing propositions?,Medium,MD_THESIS_VIVA_FULL_QA_SPOKEN 2.1b,See spoken answer,Thesis section named in the answer; numbers card,Rehearse aloud with cues; time under 90 s,,not rehearsed
S-2.2a,Chapter 2 Literature review,Section 2.2,Lipid medicine,What are the three category errors you want to prevent?,Medium,MD_THESIS_VIVA_FULL_QA_SPOKEN 2.2a,See spoken answer,Thesis section named in the answer; numbers card,Rehearse aloud with cues; time under 90 s,,not rehearsed
S-2.2b,Chapter 2 Literature review,Section 2.2,Lipid medicine,Why call FH both an exposure and a recognition event?,Medium,MD_THESIS_VIVA_FULL_QA_SPOKEN 2.2b,See spoken answer,Thesis section named in the answer; numbers card,Rehearse aloud with cues; time under 90 s,,not rehearsed
S-2.3a,Chapter 2 Literature review,Section 2.3,Lipid medicine,Give me the strongest evidence that apoB carries information beyond LDL-C.,Medium,MD_THESIS_VIVA_FULL_QA_SPOKEN 2.3a,See spoken answer,Thesis section named in the answer; numbers card,Rehearse aloud with cues; time under 90 s,,not rehearsed
S-2.3b,Chapter 2 Literature review,Section 2.3,Lipid medicine,And the strongest evidence against apoB superiority?,Medium,MD_THESIS_VIVA_FULL_QA_SPOKEN 2.3b,See spoken answer,Thesis section named in the answer; numbers card,Rehearse aloud with cues; time under 90 s,,not rehearsed
S-2.3c,Chapter 2 Literature review,Section 2.3,Lipid medicine,Does NMR settle whether it is particle number or cholesterol per particle?,Medium,MD_THESIS_VIVA_FULL_QA_SPOKEN 2.3c,See spoken answer,Thesis section named in the answer; numbers card,Rehearse aloud with cues; time under 90 s,,not rehearsed
S-2.3d,Chapter 2 Literature review,Section 2.3,Lipid medicine,Where does lipoprotein(a) sit?,Medium,MD_THESIS_VIVA_FULL_QA_SPOKEN 2.3d,See spoken answer,Thesis section named in the answer; numbers card,Rehearse aloud with cues; time under 90 s,,not rehearsed
S-2.4a,Chapter 2 Literature review,Section 2.4,Lipid medicine,Why is equipoise appropriate rather than an expectation of a positive result?,Medium,MD_THESIS_VIVA_FULL_QA_SPOKEN 2.4a,See spoken answer,Thesis section named in the answer; numbers card,Rehearse aloud with cues; time under 90 s,,not rehearsed
S-2.4b,Chapter 2 Literature review,Section 2.4,Lipid medicine,"What is the nearest construction to yours, and what is the gap?",Medium,MD_THESIS_VIVA_FULL_QA_SPOKEN 2.4b,See spoken answer,Thesis section named in the answer; numbers card,Rehearse aloud with cues; time under 90 s,,not rehearsed
S-2.4c,Chapter 2 Literature review,Section 2.4,Lipid medicine,Pan 2026 already validated a frozen excess-apoB equation in UK Biobank. What is left?,Medium,MD_THESIS_VIVA_FULL_QA_SPOKEN 2.4c,See spoken answer,Thesis section named in the answer; numbers card,Rehearse aloud with cues; time under 90 s,,not rehearsed
S-2.5a,Chapter 2 Literature review,Section 2.5,Lipid medicine,Why can adjusting a ratio for its denominator not fix the coupling?,Medium,MD_THESIS_VIVA_FULL_QA_SPOKEN 2.5a,See spoken answer,Thesis section named in the answer; numbers card,Rehearse aloud with cues; time under 90 s,,not rehearsed
S-2.5b,Chapter 2 Literature review,Section 2.5,Lipid medicine,Write the residual on the board.,Medium,MD_THESIS_VIVA_FULL_QA_SPOKEN 2.5b,See spoken answer,Thesis section named in the answer; numbers card,Rehearse aloud with cues; time under 90 s,,not rehearsed
S-2.5c,Chapter 2 Literature review,Section 2.5,Lipid medicine,Is a threshold ever legitimate?,Medium,MD_THESIS_VIVA_FULL_QA_SPOKEN 2.5c,See spoken answer,Thesis section named in the answer; numbers card,Rehearse aloud with cues; time under 90 s,,not rehearsed
S-2.5d,Chapter 2 Literature review,Section 2.5,Lipid medicine,What did the erratum to your discordance paper change?,Medium,MD_THESIS_VIVA_FULL_QA_SPOKEN 2.5d,See spoken answer,Thesis section named in the answer; numbers card,Rehearse aloud with cues; time under 90 s,,not rehearsed
S-2.6a,Chapter 2 Literature review,Section 2.6,Lipid medicine,"Why is medication status ""a care-process variable""?",Medium,MD_THESIS_VIVA_FULL_QA_SPOKEN 2.6a,See spoken answer,Thesis section named in the answer; numbers card,Rehearse aloud with cues; time under 90 s,,not rehearsed
S-2.6b,Chapter 2 Literature review,Section 2.6,Biostatistics,What does the Simon Broome Register tell us about reconstruction?,Medium,MD_THESIS_VIVA_FULL_QA_SPOKEN 2.6b,See spoken answer,Thesis section named in the answer; numbers card,Rehearse aloud with cues; time under 90 s,,not rehearsed
S-2.7a,Chapter 2 Literature review,Section 2.7,Lipid medicine,What did Mourre 2025 show and why is it not your analysis?,Medium,MD_THESIS_VIVA_FULL_QA_SPOKEN 2.7a,See spoken answer,Thesis section named in the answer; numbers card,Rehearse aloud with cues; time under 90 s,,not rehearsed
S-2.7b,Chapter 2 Literature review,Section 2.7,Lipid medicine,What is the polygenic alternative explanation?,Medium,MD_THESIS_VIVA_FULL_QA_SPOKEN 2.7b,See spoken answer,Thesis section named in the answer; numbers card,Rehearse aloud with cues; time under 90 s,,not rehearsed
S-2.7c,Chapter 2 Literature review,Section 2.7,Lipid medicine,UK Biobank is 5 per cent of invitees. Does reweighting fix it?,Medium,MD_THESIS_VIVA_FULL_QA_SPOKEN 2.7c,See spoken answer,Thesis section named in the answer; numbers card,Rehearse aloud with cues; time under 90 s,,not rehearsed
S-2.8a,Chapter 2 Literature review,Section 2.8,Biostatistics,"Why is ""missing"" not ""absent"" for a tendon examination?",Medium,MD_THESIS_VIVA_FULL_QA_SPOKEN 2.8a,See spoken answer,Thesis section named in the answer; numbers card,Rehearse aloud with cues; time under 90 s,,not rehearsed
S-2.8b,Chapter 2 Literature review,Section 2.8,Lipid medicine,What did Mohammadnia show?,Medium,MD_THESIS_VIVA_FULL_QA_SPOKEN 2.8b,See spoken answer,Thesis section named in the answer; numbers card,Rehearse aloud with cues; time under 90 s,,not rehearsed
S-2.8c,Chapter 2 Literature review,Section 2.8,Lipid medicine,"Why is FAMCAT's PPV low, and is that FAMCAT's fault?",Medium,MD_THESIS_VIVA_FULL_QA_SPOKEN 2.8c,See spoken answer,Thesis section named in the answer; numbers card,Rehearse aloud with cues; time under 90 s,,not rehearsed
S-2.9a,Chapter 2 Literature review,Section 2.9,Biostatistics,"Why can't you rank SAFEHEART-RE, Montreal and the FH-Risk-Score from their published statistics?",Medium,MD_THESIS_VIVA_FULL_QA_SPOKEN 2.9a,See spoken answer,Thesis section named in the answer; numbers card,Rehearse aloud with cues; time under 90 s,,not rehearsed
S-2.9b,Chapter 2 Literature review,Section 2.9,Lipid medicine,What does the polygenic-score example teach?,Medium,MD_THESIS_VIVA_FULL_QA_SPOKEN 2.9b,See spoken answer,Thesis section named in the answer; numbers card,Rehearse aloud with cues; time under 90 s,,not rehearsed
T-Table2.1.-1,Chapter 2 Literature review,Table 2.1.: Load-bearing propositions and their roles in the thesis,Biostatistics,"Walk me through Table 2.1. row by row: denominators, units, interval convention, genetic frame and tier.",Medium,New (display probe),Read each row with its frame; never merge denominators across rows; name the source manuscript or package.,Table 2.1.,Practise a 90-second narration of the display; mark any row whose value differs from the chapter text (see corrections list).,,not rehearsed
T-Table2.1.-2,Chapter 2 Literature review,Table 2.1.: Load-bearing propositions and their roles in the thesis,Lipid medicine,"Which row of Table 2.1. would a critic attack first, and how do you answer?",Medium,New (display probe),"Pick the weakest row, concede its limit (tier, events, convention) and state what would remove it.",Table 2.1.,Write the weakest row and its concession on the numbers card.,,not rehearsed
T-Table2.2.-1,Chapter 2 Literature review,Table 2.2.: Identification approaches and information limitations,Biostatistics,"Walk me through Table 2.2. row by row: denominators, units, interval convention, genetic frame and tier.",Medium,New (display probe),Read each row with its frame; never merge denominators across rows; name the source manuscript or package.,Table 2.2.,Practise a 90-second narration of the display; mark any row whose value differs from the chapter text (see corrections list).,,not rehearsed
T-Table2.2.-2,Chapter 2 Literature review,Table 2.2.: Identification approaches and information limitations,Lipid medicine,"Which row of Table 2.2. would a critic attack first, and how do you answer?",Medium,New (display probe),"Pick the weakest row, concede its limit (tier, events, convention) and state what would remove it.",Table 2.2.,Write the weakest row and its concession on the numbers card.,,not rehearsed
T-Table2.3.-1,Chapter 2 Literature review,Table 2.3.: Domains of prediction-model performance,Biostatistics,"Walk me through Table 2.3. row by row: denominators, units, interval convention, genetic frame and tier.",Medium,New (display probe),Read each row with its frame; never merge denominators across rows; name the source manuscript or package.,Table 2.3.,Practise a 90-second narration of the display; mark any row whose value differs from the chapter text (see corrections list).,,not rehearsed
T-Table2.3.-2,Chapter 2 Literature review,Table 2.3.: Domains of prediction-model performance,Lipid medicine,"Which row of Table 2.3. would a critic attack first, and how do you answer?",Medium,New (display probe),"Pick the weakest row, concede its limit (tier, events, convention) and state what would remove it.",Table 2.3.,Write the weakest row and its concession on the numbers card.,,not rehearsed
T-Table2.4.-1,Chapter 2 Literature review,Table 2.4.: Nearest published studies and the surviving increment for each contrib,Biostatistics,"Walk me through Table 2.4. row by row: denominators, units, interval convention, genetic frame and tier.",Medium,New (display probe),Read each row with its frame; never merge denominators across rows; name the source manuscript or package.,Table 2.4.,Practise a 90-second narration of the display; mark any row whose value differs from the chapter text (see corrections list).,,not rehearsed
T-Table2.4.-2,Chapter 2 Literature review,Table 2.4.: Nearest published studies and the surviving increment for each contrib,Lipid medicine,"Which row of Table 2.4. would a critic attack first, and how do you answer?",Medium,New (display probe),"Pick the weakest row, concede its limit (tier, events, convention) and state what would remove it.",Table 2.4.,Write the weakest row and its concession on the numbers card.,,not rehearsed
S-3.2b,Chapter 3 Methods,Section 3.2,Lipid medicine,What is the causal boundary of the thesis?,High,MD_THESIS_VIVA_FULL_QA_SPOKEN 3.2b,See spoken answer,Thesis section named in the answer; numbers card,Rehearse aloud with cues; time under 90 s,,not rehearsed
A-Q3.1,Chapter 3 Methods,Section 3.x,Lipid medicine,"You describe six evidence tiers, T1 to T6. Which tier carries most of the thesis?",Medium,MD_THESIS_ANNUAL_REVIEW_VIVA_QA Q3.1,See annual-review answer,As cited in that answer,Cross-check against the spoken version; keep one wording,,not rehearsed
A-Q3.2,Chapter 3 Methods,Section 3.x,Lipid medicine,"What is the single most important finding, and what is the single most important limitation?",Medium,MD_THESIS_ANNUAL_REVIEW_VIVA_QA Q3.2,See annual-review answer,As cited in that answer,Cross-check against the spoken version; keep one wording,,not rehearsed
A-Q3.2,Chapter 3 Methods,Section 3.x,Lipid medicine,"Family structure: how did you handle it in each chapter, honestly?",Medium,MD_THESIS_ANNUAL_REVIEW_VIVA_QA Q3.2,See annual-review answer,As cited in that answer,Cross-check against the spoken version; keep one wording,,not rehearsed
A-Q3.3,Chapter 3 Methods,Section 3.x,Lipid medicine,"Why does the title lead with ""particle burden"" when four of the five conditions are not about particles?",Medium,MD_THESIS_ANNUAL_REVIEW_VIVA_QA Q3.3,See annual-review answer,As cited in that answer,Cross-check against the spoken version; keep one wording,,not rehearsed
A-Q3.3,Chapter 3 Methods,Section 3.x,Biostatistics,Why three different treatment-reconstruction conventions?,Medium,MD_THESIS_ANNUAL_REVIEW_VIVA_QA Q3.3,See annual-review answer,As cited in that answer,Cross-check against the spoken version; keep one wording,,not rehearsed
A-Q3.4,Chapter 3 Methods,Section 3.x,Lipid medicine,"Explain the difference between a cause-specific hazard and a subdistribution hazard, and which you used where.",Medium,MD_THESIS_ANNUAL_REVIEW_VIVA_QA Q3.4,See annual-review answer,As cited in that answer,Cross-check against the spoken version; keep one wording,,not rehearsed
A-Q3.5,Chapter 3 Methods,Section 3.x,Lipid medicine,What is your multiplicity position?,Medium,MD_THESIS_ANNUAL_REVIEW_VIVA_QA Q3.5,See annual-review answer,As cited in that answer,Cross-check against the spoken version; keep one wording,,not rehearsed
A-Q3.6,Chapter 3 Methods,Section 3.x,Lipid medicine,"What is the ""no-do-harm adoption gate""?",Medium,MD_THESIS_ANNUAL_REVIEW_VIVA_QA Q3.6,See annual-review answer,As cited in that answer,Cross-check against the spoken version; keep one wording,,not rehearsed
G-3.1-1,Chapter 3 Methods,3.1 Purpose and methodological stance,Lipid medicine,"What does this section establish that the preceding section did not, and which single sentence carries the claim?",Medium,New (generic probe),"Identify the load-bearing sentence and its source (publication, manuscript, THESIS-AN package or decision).",Section 3.1,Re-read the section; underline the one load-bearing sentence; write its source and tier on the numbers card.,,not rehearsed
G-3.1-2,Chapter 3 Methods,3.1 Purpose and methodological stance,Lipid medicine,"Which statement in this section is least well supported, and what would you change?",Medium,New (generic probe),"Name the weakest clause first, concede, then state the bounded version.",Section 3.1,List the two weakest clauses; draft a one-sentence concession for each.,,not rehearsed
G-3.1-3,Chapter 3 Methods,3.1 Purpose and methodological stance,Lipid medicine,"Which source or number in this section would you defend under challenge, and where does it come from?",Medium,New (generic probe),"Give the number, its frame and its tier; name the table it lives in.",Section 3.1,Verify each number against its table; confirm DOI status in Appendix 2 of the spoken document.,,not rehearsed
G-3.10-1,Chapter 3 Methods,"3.10 Reproducibility, auditability and bridge to Chapter 4",Lipid medicine,"What does this section establish that the preceding section did not, and which single sentence carries the claim?",Medium,New (generic probe),"Identify the load-bearing sentence and its source (publication, manuscript, THESIS-AN package or decision).",Section 3.10,Re-read the section; underline the one load-bearing sentence; write its source and tier on the numbers card.,,not rehearsed
G-3.10-2,Chapter 3 Methods,"3.10 Reproducibility, auditability and bridge to Chapter 4",Lipid medicine,"Which statement in this section is least well supported, and what would you change?",Medium,New (generic probe),"Name the weakest clause first, concede, then state the bounded version.",Section 3.10,List the two weakest clauses; draft a one-sentence concession for each.,,not rehearsed
G-3.10-3,Chapter 3 Methods,"3.10 Reproducibility, auditability and bridge to Chapter 4",Lipid medicine,"Which source or number in this section would you defend under challenge, and where does it come from?",Medium,New (generic probe),"Give the number, its frame and its tier; name the table it lives in.",Section 3.10,Verify each number against its table; confirm DOI status in Appendix 2 of the spoken document.,,not rehearsed
G-3.2-1,Chapter 3 Methods,3.2 Study programme and task-specific estimands,Biostatistics,"What does this section establish that the preceding section did not, and which single sentence carries the claim?",Medium,New (generic probe),"Identify the load-bearing sentence and its source (publication, manuscript, THESIS-AN package or decision).",Section 3.2,Re-read the section; underline the one load-bearing sentence; write its source and tier on the numbers card.,,not rehearsed
G-3.2-2,Chapter 3 Methods,3.2 Study programme and task-specific estimands,Biostatistics,"Which statement in this section is least well supported, and what would you change?",Medium,New (generic probe),"Name the weakest clause first, concede, then state the bounded version.",Section 3.2,List the two weakest clauses; draft a one-sentence concession for each.,,not rehearsed
G-3.2-3,Chapter 3 Methods,3.2 Study programme and task-specific estimands,Biostatistics,"Which source or number in this section would you defend under challenge, and where does it come from?",Medium,New (generic probe),"Give the number, its frame and its tier; name the table it lives in.",Section 3.2,Verify each number against its table; confirm DOI status in Appendix 2 of the spoken document.,,not rehearsed
G-3.3-1,Chapter 3 Methods,"3.3 Data sources, governance and cohort construction",Lipid medicine,"What does this section establish that the preceding section did not, and which single sentence carries the claim?",Medium,New (generic probe),"Identify the load-bearing sentence and its source (publication, manuscript, THESIS-AN package or decision).",Section 3.3,Re-read the section; underline the one load-bearing sentence; write its source and tier on the numbers card.,,not rehearsed
G-3.3-2,Chapter 3 Methods,"3.3 Data sources, governance and cohort construction",Lipid medicine,"Which statement in this section is least well supported, and what would you change?",Medium,New (generic probe),"Name the weakest clause first, concede, then state the bounded version.",Section 3.3,List the two weakest clauses; draft a one-sentence concession for each.,,not rehearsed
G-3.3-3,Chapter 3 Methods,"3.3 Data sources, governance and cohort construction",Lipid medicine,"Which source or number in this section would you defend under challenge, and where does it come from?",Medium,New (generic probe),"Give the number, its frame and its tier; name the table it lives in.",Section 3.3,Verify each number against its table; confirm DOI status in Appendix 2 of the spoken document.,,not rehearsed
G-3.3.1-1,Chapter 3 Methods,3.3.1 All-Wales FH Service,Lipid medicine,"What does this section establish that the preceding section did not, and which single sentence carries the claim?",Medium,New (generic probe),"Identify the load-bearing sentence and its source (publication, manuscript, THESIS-AN package or decision).",Section 3.3.1,Re-read the section; underline the one load-bearing sentence; write its source and tier on the numbers card.,,not rehearsed
G-3.3.1-2,Chapter 3 Methods,3.3.1 All-Wales FH Service,Lipid medicine,"Which statement in this section is least well supported, and what would you change?",Medium,New (generic probe),"Name the weakest clause first, concede, then state the bounded version.",Section 3.3.1,List the two weakest clauses; draft a one-sentence concession for each.,,not rehearsed
G-3.3.1-3,Chapter 3 Methods,3.3.1 All-Wales FH Service,Lipid medicine,"Which source or number in this section would you defend under challenge, and where does it come from?",Medium,New (generic probe),"Give the number, its frame and its tier; name the table it lives in.",Section 3.3.1,Verify each number against its table; confirm DOI status in Appendix 2 of the spoken document.,,not rehearsed
G-3.3.2-1,Chapter 3 Methods,3.3.2 UK Biobank,Lipid medicine,"What does this section establish that the preceding section did not, and which single sentence carries the claim?",Medium,New (generic probe),"Identify the load-bearing sentence and its source (publication, manuscript, THESIS-AN package or decision).",Section 3.3.2,Re-read the section; underline the one load-bearing sentence; write its source and tier on the numbers card.,,not rehearsed
G-3.3.2-2,Chapter 3 Methods,3.3.2 UK Biobank,Lipid medicine,"Which statement in this section is least well supported, and what would you change?",Medium,New (generic probe),"Name the weakest clause first, concede, then state the bounded version.",Section 3.3.2,List the two weakest clauses; draft a one-sentence concession for each.,,not rehearsed
G-3.3.2-3,Chapter 3 Methods,3.3.2 UK Biobank,Lipid medicine,"Which source or number in this section would you defend under challenge, and where does it come from?",Medium,New (generic probe),"Give the number, its frame and its tier; name the table it lives in.",Section 3.3.2,Verify each number against its table; confirm DOI status in Appendix 2 of the spoken document.,,not rehearsed
G-3.3.3-1,Chapter 3 Methods,3.3.3 Cohort-role matrix,Lipid medicine,"What does this section establish that the preceding section did not, and which single sentence carries the claim?",Medium,New (generic probe),"Identify the load-bearing sentence and its source (publication, manuscript, THESIS-AN package or decision).",Section 3.3.3,Re-read the section; underline the one load-bearing sentence; write its source and tier on the numbers card.,,not rehearsed
G-3.3.3-2,Chapter 3 Methods,3.3.3 Cohort-role matrix,Lipid medicine,"Which statement in this section is least well supported, and what would you change?",Medium,New (generic probe),"Name the weakest clause first, concede, then state the bounded version.",Section 3.3.3,List the two weakest clauses; draft a one-sentence concession for each.,,not rehearsed
G-3.3.3-3,Chapter 3 Methods,3.3.3 Cohort-role matrix,Lipid medicine,"Which source or number in this section would you defend under challenge, and where does it come from?",Medium,New (generic probe),"Give the number, its frame and its tier; name the table it lives in.",Section 3.3.3,Verify each number against its table; confirm DOI status in Appendix 2 of the spoken document.,,not rehearsed
G-3.3.4-1,Chapter 3 Methods,3.3.4 Governance and disclosure control,Lipid medicine,"What does this section establish that the preceding section did not, and which single sentence carries the claim?",Medium,New (generic probe),"Identify the load-bearing sentence and its source (publication, manuscript, THESIS-AN package or decision).",Section 3.3.4,Re-read the section; underline the one load-bearing sentence; write its source and tier on the numbers card.,,not rehearsed
G-3.3.4-2,Chapter 3 Methods,3.3.4 Governance and disclosure control,Lipid medicine,"Which statement in this section is least well supported, and what would you change?",Medium,New (generic probe),"Name the weakest clause first, concede, then state the bounded version.",Section 3.3.4,List the two weakest clauses; draft a one-sentence concession for each.,,not rehearsed
G-3.3.4-3,Chapter 3 Methods,3.3.4 Governance and disclosure control,Lipid medicine,"Which source or number in this section would you defend under challenge, and where does it come from?",Medium,New (generic probe),"Give the number, its frame and its tier; name the table it lives in.",Section 3.3.4,Verify each number against its table; confirm DOI status in Appendix 2 of the spoken document.,,not rehearsed
G-3.4-1,Chapter 3 Methods,"3.4 Data engineering, measurement and quality control",Lipid medicine,"What does this section establish that the preceding section did not, and which single sentence carries the claim?",Medium,New (generic probe),"Identify the load-bearing sentence and its source (publication, manuscript, THESIS-AN package or decision).",Section 3.4,Re-read the section; underline the one load-bearing sentence; write its source and tier on the numbers card.,,not rehearsed
G-3.4-2,Chapter 3 Methods,"3.4 Data engineering, measurement and quality control",Lipid medicine,"Which statement in this section is least well supported, and what would you change?",Medium,New (generic probe),"Name the weakest clause first, concede, then state the bounded version.",Section 3.4,List the two weakest clauses; draft a one-sentence concession for each.,,not rehearsed
G-3.4-3,Chapter 3 Methods,"3.4 Data engineering, measurement and quality control",Lipid medicine,"Which source or number in this section would you defend under challenge, and where does it come from?",Medium,New (generic probe),"Give the number, its frame and its tier; name the table it lives in.",Section 3.4,Verify each number against its table; confirm DOI status in Appendix 2 of the spoken document.,,not rehearsed
G-3.4.1-1,Chapter 3 Methods,3.4.1 Central path resolution and data snapshots,Lipid medicine,"What does this section establish that the preceding section did not, and which single sentence carries the claim?",Medium,New (generic probe),"Identify the load-bearing sentence and its source (publication, manuscript, THESIS-AN package or decision).",Section 3.4.1,Re-read the section; underline the one load-bearing sentence; write its source and tier on the numbers card.,,not rehearsed
G-3.4.1-2,Chapter 3 Methods,3.4.1 Central path resolution and data snapshots,Lipid medicine,"Which statement in this section is least well supported, and what would you change?",Medium,New (generic probe),"Name the weakest clause first, concede, then state the bounded version.",Section 3.4.1,List the two weakest clauses; draft a one-sentence concession for each.,,not rehearsed
G-3.4.1-3,Chapter 3 Methods,3.4.1 Central path resolution and data snapshots,Lipid medicine,"Which source or number in this section would you defend under challenge, and where does it come from?",Medium,New (generic probe),"Give the number, its frame and its tier; name the table it lives in.",Section 3.4.1,Verify each number against its table; confirm DOI status in Appendix 2 of the spoken document.,,not rehearsed
G-3.4.2-1,Chapter 3 Methods,"3.4.2 Units, ranges and plausible extremes",Lipid medicine,"What does this section establish that the preceding section did not, and which single sentence carries the claim?",Medium,New (generic probe),"Identify the load-bearing sentence and its source (publication, manuscript, THESIS-AN package or decision).",Section 3.4.2,Re-read the section; underline the one load-bearing sentence; write its source and tier on the numbers card.,,not rehearsed
G-3.4.2-2,Chapter 3 Methods,"3.4.2 Units, ranges and plausible extremes",Lipid medicine,"Which statement in this section is least well supported, and what would you change?",Medium,New (generic probe),"Name the weakest clause first, concede, then state the bounded version.",Section 3.4.2,List the two weakest clauses; draft a one-sentence concession for each.,,not rehearsed
G-3.4.2-3,Chapter 3 Methods,"3.4.2 Units, ranges and plausible extremes",Lipid medicine,"Which source or number in this section would you defend under challenge, and where does it come from?",Medium,New (generic probe),"Give the number, its frame and its tier; name the table it lives in.",Section 3.4.2,Verify each number against its table; confirm DOI status in Appendix 2 of the spoken document.,,not rehearsed
G-3.4.3-1,Chapter 3 Methods,3.4.3 Laboratory and temporal provenance,Lipid medicine,"What does this section establish that the preceding section did not, and which single sentence carries the claim?",Medium,New (generic probe),"Identify the load-bearing sentence and its source (publication, manuscript, THESIS-AN package or decision).",Section 3.4.3,Re-read the section; underline the one load-bearing sentence; write its source and tier on the numbers card.,,not rehearsed
G-3.4.3-2,Chapter 3 Methods,3.4.3 Laboratory and temporal provenance,Lipid medicine,"Which statement in this section is least well supported, and what would you change?",Medium,New (generic probe),"Name the weakest clause first, concede, then state the bounded version.",Section 3.4.3,List the two weakest clauses; draft a one-sentence concession for each.,,not rehearsed
G-3.4.3-3,Chapter 3 Methods,3.4.3 Laboratory and temporal provenance,Lipid medicine,"Which source or number in this section would you defend under challenge, and where does it come from?",Medium,New (generic probe),"Give the number, its frame and its tier; name the table it lives in.",Section 3.4.3,Verify each number against its table; confirm DOI status in Appendix 2 of the spoken document.,,not rehearsed
G-3.4.4-1,Chapter 3 Methods,3.4.4 Missing data,Biostatistics,"What does this section establish that the preceding section did not, and which single sentence carries the claim?",Medium,New (generic probe),"Identify the load-bearing sentence and its source (publication, manuscript, THESIS-AN package or decision).",Section 3.4.4,Re-read the section; underline the one load-bearing sentence; write its source and tier on the numbers card.,,not rehearsed
G-3.4.4-2,Chapter 3 Methods,3.4.4 Missing data,Biostatistics,"Which statement in this section is least well supported, and what would you change?",Medium,New (generic probe),"Name the weakest clause first, concede, then state the bounded version.",Section 3.4.4,List the two weakest clauses; draft a one-sentence concession for each.,,not rehearsed
G-3.4.4-3,Chapter 3 Methods,3.4.4 Missing data,Biostatistics,"Which source or number in this section would you defend under challenge, and where does it come from?",Medium,New (generic probe),"Give the number, its frame and its tier; name the table it lives in.",Section 3.4.4,Verify each number against its table; confirm DOI status in Appendix 2 of the spoken document.,,not rehearsed
G-3.5-1,Chapter 3 Methods,"3.5 Outcomes, time zero and competing events",Biostatistics,"What does this section establish that the preceding section did not, and which single sentence carries the claim?",Medium,New (generic probe),"Identify the load-bearing sentence and its source (publication, manuscript, THESIS-AN package or decision).",Section 3.5,Re-read the section; underline the one load-bearing sentence; write its source and tier on the numbers card.,,not rehearsed
G-3.5-2,Chapter 3 Methods,"3.5 Outcomes, time zero and competing events",Biostatistics,"Which statement in this section is least well supported, and what would you change?",Medium,New (generic probe),"Name the weakest clause first, concede, then state the bounded version.",Section 3.5,List the two weakest clauses; draft a one-sentence concession for each.,,not rehearsed
G-3.5-3,Chapter 3 Methods,"3.5 Outcomes, time zero and competing events",Biostatistics,"Which source or number in this section would you defend under challenge, and where does it come from?",Medium,New (generic probe),"Give the number, its frame and its tier; name the table it lives in.",Section 3.5,Verify each number against its table; confirm DOI status in Appendix 2 of the spoken document.,,not rehearsed
G-3.6-1,Chapter 3 Methods,3.6 Treatment measurement and reconstruction,Biostatistics,"What does this section establish that the preceding section did not, and which single sentence carries the claim?",Medium,New (generic probe),"Identify the load-bearing sentence and its source (publication, manuscript, THESIS-AN package or decision).",Section 3.6,Re-read the section; underline the one load-bearing sentence; write its source and tier on the numbers card.,,not rehearsed
G-3.6-2,Chapter 3 Methods,3.6 Treatment measurement and reconstruction,Biostatistics,"Which statement in this section is least well supported, and what would you change?",Medium,New (generic probe),"Name the weakest clause first, concede, then state the bounded version.",Section 3.6,List the two weakest clauses; draft a one-sentence concession for each.,,not rehearsed
G-3.6-3,Chapter 3 Methods,3.6 Treatment measurement and reconstruction,Biostatistics,"Which source or number in this section would you defend under challenge, and where does it come from?",Medium,New (generic probe),"Give the number, its frame and its tier; name the table it lives in.",Section 3.6,Verify each number against its table; confirm DOI status in Appendix 2 of the spoken document.,,not rehearsed
G-3.7-1,Chapter 3 Methods,3.7 Statistical analysis and study-specific methods,Biostatistics,"What does this section establish that the preceding section did not, and which single sentence carries the claim?",Medium,New (generic probe),"Identify the load-bearing sentence and its source (publication, manuscript, THESIS-AN package or decision).",Section 3.7,Re-read the section; underline the one load-bearing sentence; write its source and tier on the numbers card.,,not rehearsed
G-3.7-2,Chapter 3 Methods,3.7 Statistical analysis and study-specific methods,Biostatistics,"Which statement in this section is least well supported, and what would you change?",Medium,New (generic probe),"Name the weakest clause first, concede, then state the bounded version.",Section 3.7,List the two weakest clauses; draft a one-sentence concession for each.,,not rehearsed
G-3.7-3,Chapter 3 Methods,3.7 Statistical analysis and study-specific methods,Biostatistics,"Which source or number in this section would you defend under challenge, and where does it come from?",Medium,New (generic probe),"Give the number, its frame and its tier; name the table it lives in.",Section 3.7,Verify each number against its table; confirm DOI status in Appendix 2 of the spoken document.,,not rehearsed
G-3.7.1-1,Chapter 3 Methods,3.7.1 General principles,Lipid medicine,"What does this section establish that the preceding section did not, and which single sentence carries the claim?",Medium,New (generic probe),"Identify the load-bearing sentence and its source (publication, manuscript, THESIS-AN package or decision).",Section 3.7.1,Re-read the section; underline the one load-bearing sentence; write its source and tier on the numbers card.,,not rehearsed
G-3.7.1-2,Chapter 3 Methods,3.7.1 General principles,Lipid medicine,"Which statement in this section is least well supported, and what would you change?",Medium,New (generic probe),"Name the weakest clause first, concede, then state the bounded version.",Section 3.7.1,List the two weakest clauses; draft a one-sentence concession for each.,,not rehearsed
G-3.7.1-3,Chapter 3 Methods,3.7.1 General principles,Lipid medicine,"Which source or number in this section would you defend under challenge, and where does it come from?",Medium,New (generic probe),"Give the number, its frame and its tier; name the table it lives in.",Section 3.7.1,Verify each number against its table; confirm DOI status in Appendix 2 of the spoken document.,,not rehearsed
G-3.7.2-1,Chapter 3 Methods,3.7.2 Study-specific analysis matrix,Lipid medicine,"What does this section establish that the preceding section did not, and which single sentence carries the claim?",Medium,New (generic probe),"Identify the load-bearing sentence and its source (publication, manuscript, THESIS-AN package or decision).",Section 3.7.2,Re-read the section; underline the one load-bearing sentence; write its source and tier on the numbers card.,,not rehearsed
G-3.7.2-2,Chapter 3 Methods,3.7.2 Study-specific analysis matrix,Lipid medicine,"Which statement in this section is least well supported, and what would you change?",Medium,New (generic probe),"Name the weakest clause first, concede, then state the bounded version.",Section 3.7.2,List the two weakest clauses; draft a one-sentence concession for each.,,not rehearsed
G-3.7.2-3,Chapter 3 Methods,3.7.2 Study-specific analysis matrix,Lipid medicine,"Which source or number in this section would you defend under challenge, and where does it come from?",Medium,New (generic probe),"Give the number, its frame and its tier; name the table it lives in.",Section 3.7.2,Verify each number against its table; confirm DOI status in Appendix 2 of the spoken document.,,not rehearsed
G-3.8-1,Chapter 3 Methods,"3.8 Prediction development, transport and performance",Lipid medicine,"What does this section establish that the preceding section did not, and which single sentence carries the claim?",Medium,New (generic probe),"Identify the load-bearing sentence and its source (publication, manuscript, THESIS-AN package or decision).",Section 3.8,Re-read the section; underline the one load-bearing sentence; write its source and tier on the numbers card.,,not rehearsed
G-3.8-2,Chapter 3 Methods,"3.8 Prediction development, transport and performance",Lipid medicine,"Which statement in this section is least well supported, and what would you change?",Medium,New (generic probe),"Name the weakest clause first, concede, then state the bounded version.",Section 3.8,List the two weakest clauses; draft a one-sentence concession for each.,,not rehearsed
G-3.8-3,Chapter 3 Methods,"3.8 Prediction development, transport and performance",Lipid medicine,"Which source or number in this section would you defend under challenge, and where does it come from?",Medium,New (generic probe),"Give the number, its frame and its tier; name the table it lives in.",Section 3.8,Verify each number against its table; confirm DOI status in Appendix 2 of the spoken document.,,not rehearsed
G-3.9-1,Chapter 3 Methods,"3.9 Reporting, evidence maturity and the Methods–Results lock",Lipid medicine,"What does this section establish that the preceding section did not, and which single sentence carries the claim?",Medium,New (generic probe),"Identify the load-bearing sentence and its source (publication, manuscript, THESIS-AN package or decision).",Section 3.9,Re-read the section; underline the one load-bearing sentence; write its source and tier on the numbers card.,,not rehearsed
G-3.9-2,Chapter 3 Methods,"3.9 Reporting, evidence maturity and the Methods–Results lock",Lipid medicine,"Which statement in this section is least well supported, and what would you change?",Medium,New (generic probe),"Name the weakest clause first, concede, then state the bounded version.",Section 3.9,List the two weakest clauses; draft a one-sentence concession for each.,,not rehearsed
G-3.9-3,Chapter 3 Methods,"3.9 Reporting, evidence maturity and the Methods–Results lock",Lipid medicine,"Which source or number in this section would you defend under challenge, and where does it come from?",Medium,New (generic probe),"Give the number, its frame and its tier; name the table it lives in.",Section 3.9,Verify each number against its table; confirm DOI status in Appendix 2 of the spoken document.,,not rehearsed
G-H1-Chapter3Shar,Chapter 3 Methods,"Chapter 3 — Shared methods, cohorts and analytical governance",All,State the question this chapter answers and the one number that answers it.,Medium,"Spoken document, chapter answer sub-section","Chapter answer paragraph (Sections 4.10, 5.7, 6.9, 7.15, 8.1).",Chapter answer paragraph,Memorise the chapter answer verbatim.,,not rehearsed
S-3.10a,Chapter 3 Methods,Section 3.10,Lipid medicine,"What does ""zero silent correction"" mean?",Medium,MD_THESIS_VIVA_FULL_QA_SPOKEN 3.10a,See spoken answer,Thesis section named in the answer; numbers card,Rehearse aloud with cues; time under 90 s,,not rehearsed
S-3.10b,Chapter 3 Methods,Section 3.10,Lipid medicine,Which results are independently reproduced and which are source-locked?,Medium,MD_THESIS_VIVA_FULL_QA_SPOKEN 3.10b,See spoken answer,Thesis section named in the answer; numbers card,Rehearse aloud with cues; time under 90 s,,not rehearsed
S-3.1a,Chapter 3 Methods,Section 3.1,Lipid medicine,"What are the six components of your ""inferential contract""?",Medium,MD_THESIS_VIVA_FULL_QA_SPOKEN 3.1a,See spoken answer,Thesis section named in the answer; numbers card,Rehearse aloud with cues; time under 90 s,,not rehearsed
S-3.1b,Chapter 3 Methods,Section 3.1,Lipid medicine,What are the THESIS-AN packages?,Medium,MD_THESIS_VIVA_FULL_QA_SPOKEN 3.1b,See spoken answer,Thesis section named in the answer; numbers card,Rehearse aloud with cues; time under 90 s,,not rehearsed
S-3.2a,Chapter 3 Methods,Section 3.2,Biostatistics,Why can one statistical model not answer the thesis question?,Medium,MD_THESIS_VIVA_FULL_QA_SPOKEN 3.2a,See spoken answer,Thesis section named in the answer; numbers card,Rehearse aloud with cues; time under 90 s,,not rehearsed
S-3.2c,Chapter 3 Methods,Section 3.2,Lipid medicine,"Two digits, 0.660 and 0.725, appear for different quantities. Explain.",Medium,MD_THESIS_VIVA_FULL_QA_SPOKEN 3.2c,See spoken answer,Thesis section named in the answer; numbers card,Rehearse aloud with cues; time under 90 s,,not rehearsed
S-3.3a,Chapter 3 Methods,Section 3.3,Lipid medicine,"What is the frozen registry, and is 4,570 an analytical denominator?",Medium,MD_THESIS_VIVA_FULL_QA_SPOKEN 3.3a,See spoken answer,Thesis section named in the answer; numbers card,Rehearse aloud with cues; time under 90 s,,not rehearsed
S-3.3b,Chapter 3 Methods,Section 3.3,Lipid medicine,What is the UK Biobank extract?,Medium,MD_THESIS_VIVA_FULL_QA_SPOKEN 3.3b,See spoken answer,Thesis section named in the answer; numbers card,Rehearse aloud with cues; time under 90 s,,not rehearsed
S-3.3c,Chapter 3 Methods,Section 3.3,Lipid medicine,"Why is the flag frequency, one in 142, a problem?",Medium,MD_THESIS_VIVA_FULL_QA_SPOKEN 3.3c,See spoken answer,Thesis section named in the answer; numbers card,Rehearse aloud with cues; time under 90 s,,not rehearsed
S-3.3d,Chapter 3 Methods,Section 3.3,Lipid medicine,What is disclosure control?,Medium,MD_THESIS_VIVA_FULL_QA_SPOKEN 3.3d,See spoken answer,Thesis section named in the answer; numbers card,Rehearse aloud with cues; time under 90 s,,not rehearsed
S-3.4a,Chapter 3 Methods,Section 3.4,Lipid medicine,What is the row-count ledger?,Medium,MD_THESIS_VIVA_FULL_QA_SPOKEN 3.4a,See spoken answer,Thesis section named in the answer; numbers card,Rehearse aloud with cues; time under 90 s,,not rehearsed
S-3.4b,Chapter 3 Methods,Section 3.4,Lipid medicine,Why are outliers not excluded at 1.5 IQR?,Medium,MD_THESIS_VIVA_FULL_QA_SPOKEN 3.4b,See spoken answer,Thesis section named in the answer; numbers card,Rehearse aloud with cues; time under 90 s,,not rehearsed
S-3.4c,Chapter 3 Methods,Section 3.4,Lipid medicine,How was LDL-C derived in Wales?,Medium,MD_THESIS_VIVA_FULL_QA_SPOKEN 3.4c,See spoken answer,Thesis section named in the answer; numbers card,Rehearse aloud with cues; time under 90 s,,not rehearsed
S-3.4d,Chapter 3 Methods,Section 3.4,Biostatistics,What is your missing-data policy?,Medium,MD_THESIS_VIVA_FULL_QA_SPOKEN 3.4d,See spoken answer,Thesis section named in the answer; numbers card,Rehearse aloud with cues; time under 90 s,,not rehearsed
S-3.5a,Chapter 3 Methods,Section 3.5,Lipid medicine,Why not pool the event sets across chapters to gain power?,Medium,MD_THESIS_VIVA_FULL_QA_SPOKEN 3.5a,See spoken answer,Thesis section named in the answer; numbers card,Rehearse aloud with cues; time under 90 s,,not rehearsed
S-3.5b,Chapter 3 Methods,Section 3.5,Lipid medicine,What is time zero in each chapter?,Medium,MD_THESIS_VIVA_FULL_QA_SPOKEN 3.5b,See spoken answer,Thesis section named in the answer; numbers card,Rehearse aloud with cues; time under 90 s,,not rehearsed
S-3.5c,Chapter 3 Methods,Section 3.5,Biostatistics,"How many competing deaths, and why did the count change?",Medium,MD_THESIS_VIVA_FULL_QA_SPOKEN 3.5c,See spoken answer,Thesis section named in the answer; numbers card,Rehearse aloud with cues; time under 90 s,,not rehearsed
S-3.6a,Chapter 3 Methods,Section 3.6,Lipid medicine,State the three conventions and what each can support.,Medium,MD_THESIS_VIVA_FULL_QA_SPOKEN 3.6a,See spoken answer,Thesis section named in the answer; numbers card,Rehearse aloud with cues; time under 90 s,,not rehearsed
S-3.6b,Chapter 3 Methods,Section 3.6,Lipid medicine,Why do you have three?,Medium,MD_THESIS_VIVA_FULL_QA_SPOKEN 3.6b,See spoken answer,Thesis section named in the answer; numbers card,Rehearse aloud with cues; time under 90 s,,not rehearsed
S-3.7a,Chapter 3 Methods,Section 3.7,Lipid medicine,What is your position on p-values?,Medium,MD_THESIS_VIVA_FULL_QA_SPOKEN 3.7a,See spoken answer,Thesis section named in the answer; numbers card,Rehearse aloud with cues; time under 90 s,,not rehearsed
S-3.7b,Chapter 3 Methods,Section 3.7,Lipid medicine,Which diagnostics were completed and which were not?,Medium,MD_THESIS_VIVA_FULL_QA_SPOKEN 3.7b,See spoken answer,Thesis section named in the answer; numbers card,Rehearse aloud with cues; time under 90 s,,not rehearsed
S-3.7c,Chapter 3 Methods,Section 3.7,Lipid medicine,"Family dependence, chapter by chapter.",Medium,MD_THESIS_VIVA_FULL_QA_SPOKEN 3.7c,See spoken answer,Thesis section named in the answer; numbers card,Rehearse aloud with cues; time under 90 s,,not rehearsed
S-3.7d,Chapter 3 Methods,Section 3.7,Lipid medicine,What is your multiplicity position?,Medium,MD_THESIS_VIVA_FULL_QA_SPOKEN 3.7d,See spoken answer,Thesis section named in the answer; numbers card,Rehearse aloud with cues; time under 90 s,,not rehearsed
S-3.8a,Chapter 3 Methods,Section 3.8,Biostatistics,Name the five model states and the only one that is external validation.,Medium,MD_THESIS_VIVA_FULL_QA_SPOKEN 3.8a,See spoken answer,Thesis section named in the answer; numbers card,Rehearse aloud with cues; time under 90 s,,not rehearsed
S-3.8b,Chapter 3 Methods,Section 3.8,Lipid medicine,What is the sequential interval rule?,Medium,MD_THESIS_VIVA_FULL_QA_SPOKEN 3.8b,See spoken answer,Thesis section named in the answer; numbers card,Rehearse aloud with cues; time under 90 s,,not rehearsed
S-3.8c,Chapter 3 Methods,Section 3.8,Lipid medicine,What is the twenty-event floor?,Medium,MD_THESIS_VIVA_FULL_QA_SPOKEN 3.8c,See spoken answer,Thesis section named in the answer; numbers card,Rehearse aloud with cues; time under 90 s,,not rehearsed
S-3.8d,Chapter 3 Methods,Section 3.8,Lipid medicine,What does the Brier score not tell you?,Medium,MD_THESIS_VIVA_FULL_QA_SPOKEN 3.8d,See spoken answer,Thesis section named in the answer; numbers card,Rehearse aloud with cues; time under 90 s,,not rehearsed
S-3.9a,Chapter 3 Methods,Section 3.9,Lipid medicine,Recite the evidence tiers.,Medium,MD_THESIS_VIVA_FULL_QA_SPOKEN 3.9a,See spoken answer,Thesis section named in the answer; numbers card,Rehearse aloud with cues; time under 90 s,,not rehearsed
S-3.9b,Chapter 3 Methods,Section 3.9,Lipid medicine,What is currently gated?,Medium,MD_THESIS_VIVA_FULL_QA_SPOKEN 3.9b,See spoken answer,Thesis section named in the answer; numbers card,Rehearse aloud with cues; time under 90 s,,not rehearsed
S-3.9c,Chapter 3 Methods,Section 3.9,Lipid medicine,What is the no-do-harm adoption gate?,Medium,MD_THESIS_VIVA_FULL_QA_SPOKEN 3.9c,See spoken answer,Thesis section named in the answer; numbers card,Rehearse aloud with cues; time under 90 s,,not rehearsed
T-Box3.1.-1,Chapter 3 Methods,"Box 3.1.: Identity dictionary: sources, models and analysis packages",Biostatistics,"Walk me through Box 3.1. row by row: denominators, units, interval convention, genetic frame and tier.",Medium,New (display probe),Read each row with its frame; never merge denominators across rows; name the source manuscript or package.,Box 3.1.,Practise a 90-second narration of the display; mark any row whose value differs from the chapter text (see corrections list).,,not rehearsed
T-Box3.1.-2,Chapter 3 Methods,"Box 3.1.: Identity dictionary: sources, models and analysis packages",Lipid medicine,"Which row of Box 3.1. would a critic attack first, and how do you answer?",Medium,New (display probe),"Pick the weakest row, concede its limit (tier, events, convention) and state what would remove it.",Box 3.1.,Write the weakest row and its concession on the numbers card.,,not rehearsed
T-Figure3.1.-1,Chapter 3 Methods,Figure 3.1.: Cohort frames by chapter and data source. Counts are participants/even,All,"Describe Figure 3.1. without looking at it: axes, groups, what the caption excludes, and the message in one sentence.",Medium,New (display probe),"State what is drawn, what is deliberately not drawn on the same axis, and what the figure cannot show.",Figure 3.1.,Sketch the figure from memory once; check the caption exclusions (e.g. constructs not on the same ladder).,,not rehearsed
T-Table3.1.-1,Chapter 3 Methods,Table 3.1.: Study–estimand registry,Biostatistics,"Walk me through Table 3.1. row by row: denominators, units, interval convention, genetic frame and tier.",Medium,New (display probe),Read each row with its frame; never merge denominators across rows; name the source manuscript or package.,Table 3.1.,Practise a 90-second narration of the display; mark any row whose value differs from the chapter text (see corrections list).,,not rehearsed
T-Table3.1.-2,Chapter 3 Methods,Table 3.1.: Study–estimand registry,Lipid medicine,"Which row of Table 3.1. would a critic attack first, and how do you answer?",Medium,New (display probe),"Pick the weakest row, concede its limit (tier, events, convention) and state what would remove it.",Table 3.1.,Write the weakest row and its concession on the numbers card.,,not rehearsed
T-Table3.2.-1,Chapter 3 Methods,Table 3.2.: Data-source roles,Biostatistics,"Walk me through Table 3.2. row by row: denominators, units, interval convention, genetic frame and tier.",Medium,New (display probe),Read each row with its frame; never merge denominators across rows; name the source manuscript or package.,Table 3.2.,Practise a 90-second narration of the display; mark any row whose value differs from the chapter text (see corrections list).,,not rehearsed
T-Table3.2.-2,Chapter 3 Methods,Table 3.2.: Data-source roles,Lipid medicine,"Which row of Table 3.2. would a critic attack first, and how do you answer?",Medium,New (display probe),"Pick the weakest row, concede its limit (tier, events, convention) and state what would remove it.",Table 3.2.,Write the weakest row and its concession on the numbers card.,,not rehearsed
T-Table3.3.-1,Chapter 3 Methods,Table 3.3.: Outcome and performance estimands,Biostatistics,"Walk me through Table 3.3. row by row: denominators, units, interval convention, genetic frame and tier.",Medium,New (display probe),Read each row with its frame; never merge denominators across rows; name the source manuscript or package.,Table 3.3.,Practise a 90-second narration of the display; mark any row whose value differs from the chapter text (see corrections list).,,not rehearsed
T-Table3.3.-2,Chapter 3 Methods,Table 3.3.: Outcome and performance estimands,Lipid medicine,"Which row of Table 3.3. would a critic attack first, and how do you answer?",Medium,New (display probe),"Pick the weakest row, concede its limit (tier, events, convention) and state what would remove it.",Table 3.3.,Write the weakest row and its concession on the numbers card.,,not rehearsed
T-Table3.4.-1,Chapter 3 Methods,Table 3.4.: Reconstruction conventions,Biostatistics,"Walk me through Table 3.4. row by row: denominators, units, interval convention, genetic frame and tier.",Medium,New (display probe),Read each row with its frame; never merge denominators across rows; name the source manuscript or package.,Table 3.4.,Practise a 90-second narration of the display; mark any row whose value differs from the chapter text (see corrections list).,,not rehearsed
T-Table3.4.-2,Chapter 3 Methods,Table 3.4.: Reconstruction conventions,Lipid medicine,"Which row of Table 3.4. would a critic attack first, and how do you answer?",Medium,New (display probe),"Pick the weakest row, concede its limit (tier, events, convention) and state what would remove it.",Table 3.4.,Write the weakest row and its concession on the numbers card.,,not rehearsed
T-Table3.5.-1,Chapter 3 Methods,Table 3.5.: Task-specific analyses,Biostatistics,"Walk me through Table 3.5. row by row: denominators, units, interval convention, genetic frame and tier.",Medium,New (display probe),Read each row with its frame; never merge denominators across rows; name the source manuscript or package.,Table 3.5.,Practise a 90-second narration of the display; mark any row whose value differs from the chapter text (see corrections list).,,not rehearsed
T-Table3.5.-2,Chapter 3 Methods,Table 3.5.: Task-specific analyses,Lipid medicine,"Which row of Table 3.5. would a critic attack first, and how do you answer?",Medium,New (display probe),"Pick the weakest row, concede its limit (tier, events, convention) and state what would remove it.",Table 3.5.,Write the weakest row and its concession on the numbers card.,,not rehearsed
T-Table3.6.-1,Chapter 3 Methods,Table 3.6.: Evidence-admission framework,Biostatistics,"Walk me through Table 3.6. row by row: denominators, units, interval convention, genetic frame and tier.",Medium,New (display probe),Read each row with its frame; never merge denominators across rows; name the source manuscript or package.,Table 3.6.,Practise a 90-second narration of the display; mark any row whose value differs from the chapter text (see corrections list).,,not rehearsed
T-Table3.6.-2,Chapter 3 Methods,Table 3.6.: Evidence-admission framework,Lipid medicine,"Which row of Table 3.6. would a critic attack first, and how do you answer?",Medium,New (display probe),"Pick the weakest row, concede its limit (tier, events, convention) and state what would remove it.",Table 3.6.,Write the weakest row and its concession on the numbers card.,,not rehearsed
S-4.1b,Chapter 4 Measure,Section 4.1,Lipid medicine,"Why a ""staged correction"" rather than simply presenting the residual?",High,MD_THESIS_VIVA_FULL_QA_SPOKEN 4.1b,See spoken answer,Thesis section named in the answer; numbers card,Rehearse aloud with cues; time under 90 s,,not rehearsed
S-4.2c,Chapter 4 Measure,Section 4.2,Lipid medicine,Four of 75 events are unconfirmed. Why keep them?,High,MD_THESIS_VIVA_FULL_QA_SPOKEN 4.2c,See spoken answer,Thesis section named in the answer; numbers card,Rehearse aloud with cues; time under 90 s,,not rehearsed
S-4.3a,Chapter 4 Measure,Section 4.3,Lipid medicine,What did the published paper actually find?,High,MD_THESIS_VIVA_FULL_QA_SPOKEN 4.3a,See spoken answer,Thesis section named in the answer; numbers card,Rehearse aloud with cues; time under 90 s,,not rehearsed
S-4.3b,Chapter 4 Measure,Section 4.3,Lipid medicine,Your version of record contains three different proportions for the same comparison. Explain.,High,MD_THESIS_VIVA_FULL_QA_SPOKEN 4.3b,See spoken answer,Thesis section named in the answer; numbers card,Rehearse aloud with cues; time under 90 s,,not rehearsed
S-4.5a,Chapter 4 Measure,Section 4.5,Lipid medicine,Give me the primary estimate and its adjustment ladder.,High,MD_THESIS_VIVA_FULL_QA_SPOKEN 4.5a,See spoken answer,Thesis section named in the answer; numbers card,Rehearse aloud with cues; time under 90 s,,not rehearsed
S-4.5b,Chapter 4 Measure,Section 4.5,Biostatistics,"Why is the competing-risk estimate ""non-load-bearing""?",High,MD_THESIS_VIVA_FULL_QA_SPOKEN 4.5b,See spoken answer,Thesis section named in the answer; numbers card,Rehearse aloud with cues; time under 90 s,,not rehearsed
S-4.5d,Chapter 4 Measure,Section 4.5,Lipid medicine,Does the residual improve discrimination?,High,MD_THESIS_VIVA_FULL_QA_SPOKEN 4.5d,See spoken answer,Thesis section named in the answer; numbers card,Rehearse aloud with cues; time under 90 s,,not rehearsed
S-4.7e,Chapter 4 Measure,Section 4.7,Lipid medicine,Does the Mendelian randomisation literature convert your association into a causal target?,High,MD_THESIS_VIVA_FULL_QA_SPOKEN 4.7e,See spoken answer,Thesis section named in the answer; numbers card,Rehearse aloud with cues; time under 90 s,,not rehearsed
A-Q4.1,Chapter 4 Measure,Section 4.x,Lipid medicine,Your published paper reported a hazard ratio of 38.55. Defend or retract it.,Medium,MD_THESIS_ANNUAL_REVIEW_VIVA_QA Q4.1,See annual-review answer,As cited in that answer,Cross-check against the spoken version; keep one wording,,not rehearsed
A-Q4.10,Chapter 4 Measure,Section 4.x,Lipid medicine,What would resolve the particle question?,Medium,MD_THESIS_ANNUAL_REVIEW_VIVA_QA Q4.10,See annual-review answer,As cited in that answer,Cross-check against the spoken version; keep one wording,,not rehearsed
A-Q4.2,Chapter 4 Measure,Section 4.x,Biostatistics,"What exactly is the primary estimate, and how robust is it?",Medium,MD_THESIS_ANNUAL_REVIEW_VIVA_QA Q4.2,See annual-review answer,As cited in that answer,Cross-check against the spoken version; keep one wording,,not rehearsed
A-Q4.3,Chapter 4 Measure,Section 4.x,Lipid medicine,Does the residual add anything to prediction?,Medium,MD_THESIS_ANNUAL_REVIEW_VIVA_QA Q4.3,See annual-review answer,As cited in that answer,Cross-check against the spoken version; keep one wording,,not rehearsed
A-Q4.4,Chapter 4 Measure,Section 4.x,Lipid medicine,The frozen Welsh equation gave 2.22 versus a local 1.356. Is the effect bigger in UK Biobank?,Medium,MD_THESIS_ANNUAL_REVIEW_VIVA_QA Q4.4,See annual-review answer,As cited in that answer,Cross-check against the spoken version; keep one wording,,not rehearsed
A-Q4.5,Chapter 4 Measure,Section 4.x,Biostatistics,In the joint model apoB was 4.94 and LDL-C 0.26. Is LDL-C protective in FH?,Medium,MD_THESIS_ANNUAL_REVIEW_VIVA_QA Q4.5,See annual-review answer,As cited in that answer,Cross-check against the spoken version; keep one wording,,not rehearsed
A-Q4.6,Chapter 4 Measure,Section 4.x,Lipid medicine,"What is the residual, biologically?",Medium,MD_THESIS_ANNUAL_REVIEW_VIVA_QA Q4.6,See annual-review answer,As cited in that answer,Cross-check against the spoken version; keep one wording,,not rehearsed
A-Q4.7,Chapter 4 Measure,Section 4.x,Lipid medicine,"Absolute risk: what did quartile 4 versus the rest look like, and can I use it in clinic?",Medium,MD_THESIS_ANNUAL_REVIEW_VIVA_QA Q4.7,See annual-review answer,As cited in that answer,Cross-check against the spoken version; keep one wording,,not rehearsed
A-Q4.8,Chapter 4 Measure,Section 4.x,Genetic medicine,Why not restrict to never-treated carriers to get clean biology?,Medium,MD_THESIS_ANNUAL_REVIEW_VIVA_QA Q4.8,See annual-review answer,As cited in that answer,Cross-check against the spoken version; keep one wording,,not rehearsed
A-Q4.9,Chapter 4 Measure,Section 4.x,Genetic medicine,"Why is this frame ""rare LDLR/APOB variant carriers"" rather than genetically confirmed FH?",Medium,MD_THESIS_ANNUAL_REVIEW_VIVA_QA Q4.9,See annual-review answer,As cited in that answer,Cross-check against the spoken version; keep one wording,,not rehearsed
G-4.1-1,Chapter 4 Measure,4.1 The measurement question,Lipid medicine,"What does this section establish that the preceding section did not, and which single sentence carries the claim?",Medium,New (generic probe),"Identify the load-bearing sentence and its source (publication, manuscript, THESIS-AN package or decision).",Section 4.1,Re-read the section; underline the one load-bearing sentence; write its source and tier on the numbers card.,,not rehearsed
G-4.1-2,Chapter 4 Measure,4.1 The measurement question,Lipid medicine,"Which statement in this section is least well supported, and what would you change?",Medium,New (generic probe),"Name the weakest clause first, concede, then state the bounded version.",Section 4.1,List the two weakest clauses; draft a one-sentence concession for each.,,not rehearsed
G-4.1-3,Chapter 4 Measure,4.1 The measurement question,Lipid medicine,"Which source or number in this section would you defend under challenge, and where does it come from?",Medium,New (generic probe),"Give the number, its frame and its tier; name the table it lives in.",Section 4.1,Verify each number against its table; confirm DOI status in Appendix 2 of the spoken document.,,not rehearsed
G-4.10-1,Chapter 4 Measure,"4.10 Contribution, limitations and hinge to selection",Lipid medicine,"What does this section establish that the preceding section did not, and which single sentence carries the claim?",Medium,New (generic probe),"Identify the load-bearing sentence and its source (publication, manuscript, THESIS-AN package or decision).",Section 4.10,Re-read the section; underline the one load-bearing sentence; write its source and tier on the numbers card.,,not rehearsed
G-4.10-2,Chapter 4 Measure,"4.10 Contribution, limitations and hinge to selection",Lipid medicine,"Which statement in this section is least well supported, and what would you change?",Medium,New (generic probe),"Name the weakest clause first, concede, then state the bounded version.",Section 4.10,List the two weakest clauses; draft a one-sentence concession for each.,,not rehearsed
G-4.10-3,Chapter 4 Measure,"4.10 Contribution, limitations and hinge to selection",Lipid medicine,"Which source or number in this section would you defend under challenge, and where does it come from?",Medium,New (generic probe),"Give the number, its frame and its tier; name the table it lives in.",Section 4.10,Verify each number against its table; confirm DOI status in Appendix 2 of the spoken document.,,not rehearsed
G-4.2-1,Chapter 4 Measure,"4.2 Cohorts, measurements and estimands",Biostatistics,"What does this section establish that the preceding section did not, and which single sentence carries the claim?",Medium,New (generic probe),"Identify the load-bearing sentence and its source (publication, manuscript, THESIS-AN package or decision).",Section 4.2,Re-read the section; underline the one load-bearing sentence; write its source and tier on the numbers card.,,not rehearsed
G-4.2-2,Chapter 4 Measure,"4.2 Cohorts, measurements and estimands",Biostatistics,"Which statement in this section is least well supported, and what would you change?",Medium,New (generic probe),"Name the weakest clause first, concede, then state the bounded version.",Section 4.2,List the two weakest clauses; draft a one-sentence concession for each.,,not rehearsed
G-4.2-3,Chapter 4 Measure,"4.2 Cohorts, measurements and estimands",Biostatistics,"Which source or number in this section would you defend under challenge, and where does it come from?",Medium,New (generic probe),"Give the number, its frame and its tier; name the table it lives in.",Section 4.2,Verify each number against its table; confirm DOI status in Appendix 2 of the spoken document.,,not rehearsed
G-4.3-1,Chapter 4 Measure,4.3 The published ratio analysis,Lipid medicine,"What does this section establish that the preceding section did not, and which single sentence carries the claim?",Medium,New (generic probe),"Identify the load-bearing sentence and its source (publication, manuscript, THESIS-AN package or decision).",Section 4.3,Re-read the section; underline the one load-bearing sentence; write its source and tier on the numbers card.,,not rehearsed
G-4.3-2,Chapter 4 Measure,4.3 The published ratio analysis,Lipid medicine,"Which statement in this section is least well supported, and what would you change?",Medium,New (generic probe),"Name the weakest clause first, concede, then state the bounded version.",Section 4.3,List the two weakest clauses; draft a one-sentence concession for each.,,not rehearsed
G-4.3-3,Chapter 4 Measure,4.3 The published ratio analysis,Lipid medicine,"Which source or number in this section would you defend under challenge, and where does it come from?",Medium,New (generic probe),"Give the number, its frame and its tier; name the table it lives in.",Section 4.3,Verify each number against its table; confirm DOI status in Appendix 2 of the spoken document.,,not rehearsed
G-4.4-1,Chapter 4 Measure,4.4 Why the historical hazard ratio was unstable,Lipid medicine,"What does this section establish that the preceding section did not, and which single sentence carries the claim?",Medium,New (generic probe),"Identify the load-bearing sentence and its source (publication, manuscript, THESIS-AN package or decision).",Section 4.4,Re-read the section; underline the one load-bearing sentence; write its source and tier on the numbers card.,,not rehearsed
G-4.4-2,Chapter 4 Measure,4.4 Why the historical hazard ratio was unstable,Lipid medicine,"Which statement in this section is least well supported, and what would you change?",Medium,New (generic probe),"Name the weakest clause first, concede, then state the bounded version.",Section 4.4,List the two weakest clauses; draft a one-sentence concession for each.,,not rehearsed
G-4.4-3,Chapter 4 Measure,4.4 Why the historical hazard ratio was unstable,Lipid medicine,"Which source or number in this section would you defend under challenge, and where does it come from?",Medium,New (generic probe),"Give the number, its frame and its tier; name the table it lives in.",Section 4.4,Verify each number against its table; confirm DOI status in Appendix 2 of the spoken document.,,not rehearsed
G-4.5-1,Chapter 4 Measure,4.5 Residual re-specification and robustness,Biostatistics,"What does this section establish that the preceding section did not, and which single sentence carries the claim?",Medium,New (generic probe),"Identify the load-bearing sentence and its source (publication, manuscript, THESIS-AN package or decision).",Section 4.5,Re-read the section; underline the one load-bearing sentence; write its source and tier on the numbers card.,,not rehearsed
G-4.5-2,Chapter 4 Measure,4.5 Residual re-specification and robustness,Biostatistics,"Which statement in this section is least well supported, and what would you change?",Medium,New (generic probe),"Name the weakest clause first, concede, then state the bounded version.",Section 4.5,List the two weakest clauses; draft a one-sentence concession for each.,,not rehearsed
G-4.5-3,Chapter 4 Measure,4.5 Residual re-specification and robustness,Biostatistics,"Which source or number in this section would you defend under challenge, and where does it come from?",Medium,New (generic probe),"Give the number, its frame and its tier; name the table it lives in.",Section 4.5,Verify each number against its table; confirm DOI status in Appendix 2 of the spoken document.,,not rehearsed
G-4.6-1,Chapter 4 Measure,4.6 Retirement of the ratio threshold,Lipid medicine,"What does this section establish that the preceding section did not, and which single sentence carries the claim?",Medium,New (generic probe),"Identify the load-bearing sentence and its source (publication, manuscript, THESIS-AN package or decision).",Section 4.6,Re-read the section; underline the one load-bearing sentence; write its source and tier on the numbers card.,,not rehearsed
G-4.6-2,Chapter 4 Measure,4.6 Retirement of the ratio threshold,Lipid medicine,"Which statement in this section is least well supported, and what would you change?",Medium,New (generic probe),"Name the weakest clause first, concede, then state the bounded version.",Section 4.6,List the two weakest clauses; draft a one-sentence concession for each.,,not rehearsed
G-4.6-3,Chapter 4 Measure,4.6 Retirement of the ratio threshold,Lipid medicine,"Which source or number in this section would you defend under challenge, and where does it come from?",Medium,New (generic probe),"Give the number, its frame and its tier; name the table it lives in.",Section 4.6,Verify each number against its table; confirm DOI status in Appendix 2 of the spoken document.,,not rehearsed
G-4.7-1,Chapter 4 Measure,4.7 Biological interpretation and mechanistic limits,Lipid medicine,"What does this section establish that the preceding section did not, and which single sentence carries the claim?",Medium,New (generic probe),"Identify the load-bearing sentence and its source (publication, manuscript, THESIS-AN package or decision).",Section 4.7,Re-read the section; underline the one load-bearing sentence; write its source and tier on the numbers card.,,not rehearsed
G-4.7-2,Chapter 4 Measure,4.7 Biological interpretation and mechanistic limits,Lipid medicine,"Which statement in this section is least well supported, and what would you change?",Medium,New (generic probe),"Name the weakest clause first, concede, then state the bounded version.",Section 4.7,List the two weakest clauses; draft a one-sentence concession for each.,,not rehearsed
G-4.7-3,Chapter 4 Measure,4.7 Biological interpretation and mechanistic limits,Lipid medicine,"Which source or number in this section would you defend under challenge, and where does it come from?",Medium,New (generic probe),"Give the number, its frame and its tier; name the table it lives in.",Section 4.7,Verify each number against its table; confirm DOI status in Appendix 2 of the spoken document.,,not rehearsed
G-4.8-1,Chapter 4 Measure,4.8 Frozen-equation application,Lipid medicine,"What does this section establish that the preceding section did not, and which single sentence carries the claim?",Medium,New (generic probe),"Identify the load-bearing sentence and its source (publication, manuscript, THESIS-AN package or decision).",Section 4.8,Re-read the section; underline the one load-bearing sentence; write its source and tier on the numbers card.,,not rehearsed
G-4.8-2,Chapter 4 Measure,4.8 Frozen-equation application,Lipid medicine,"Which statement in this section is least well supported, and what would you change?",Medium,New (generic probe),"Name the weakest clause first, concede, then state the bounded version.",Section 4.8,List the two weakest clauses; draft a one-sentence concession for each.,,not rehearsed
G-4.8-3,Chapter 4 Measure,4.8 Frozen-equation application,Lipid medicine,"Which source or number in this section would you defend under challenge, and where does it come from?",Medium,New (generic probe),"Give the number, its frame and its tier; name the table it lives in.",Section 4.8,Verify each number against its table; confirm DOI status in Appendix 2 of the spoken document.,,not rehearsed
G-4.9-1,Chapter 4 Measure,4.9 The never-treated boundary,Lipid medicine,"What does this section establish that the preceding section did not, and which single sentence carries the claim?",Medium,New (generic probe),"Identify the load-bearing sentence and its source (publication, manuscript, THESIS-AN package or decision).",Section 4.9,Re-read the section; underline the one load-bearing sentence; write its source and tier on the numbers card.,,not rehearsed
G-4.9-2,Chapter 4 Measure,4.9 The never-treated boundary,Lipid medicine,"Which statement in this section is least well supported, and what would you change?",Medium,New (generic probe),"Name the weakest clause first, concede, then state the bounded version.",Section 4.9,List the two weakest clauses; draft a one-sentence concession for each.,,not rehearsed
G-4.9-3,Chapter 4 Measure,4.9 The never-treated boundary,Lipid medicine,"Which source or number in this section would you defend under challenge, and where does it come from?",Medium,New (generic probe),"Give the number, its frame and its tier; name the table it lives in.",Section 4.9,Verify each number against its table; confirm DOI status in Appendix 2 of the spoken document.,,not rehearsed
G-H1-Chapter4Meas,Chapter 4 Measure,Chapter 4 — Measure: do particles carry information at the same LDL-C?,All,State the question this chapter answers and the one number that answers it.,Medium,"Spoken document, chapter answer sub-section","Chapter answer paragraph (Sections 4.10, 5.7, 6.9, 7.15, 8.1).",Chapter answer paragraph,Memorise the chapter answer verbatim.,,not rehearsed
S-4.10a,Chapter 4 Measure,Section 4.10,Lipid medicine,State the answer to the particles part in three sentences.,Medium,MD_THESIS_VIVA_FULL_QA_SPOKEN 4.10a,See spoken answer,Thesis section named in the answer; numbers card,Rehearse aloud with cues; time under 90 s,,not rehearsed
S-4.10b,Chapter 4 Measure,Section 4.10,Lipid medicine,What did you not compare the residual with?,Medium,MD_THESIS_VIVA_FULL_QA_SPOKEN 4.10b,See spoken answer,Thesis section named in the answer; numbers card,Rehearse aloud with cues; time under 90 s,,not rehearsed
S-4.10c,Chapter 4 Measure,Section 4.10,Lipid medicine,"Perimeter of the claim, in one breath.",Medium,MD_THESIS_VIVA_FULL_QA_SPOKEN 4.10c,See spoken answer,Thesis section named in the answer; numbers card,Rehearse aloud with cues; time under 90 s,,not rehearsed
S-4.1a,Chapter 4 Measure,Section 4.1,Lipid medicine,State the chapter's question and its non-claims.,Medium,MD_THESIS_VIVA_FULL_QA_SPOKEN 4.1a,See spoken answer,Thesis section named in the answer; numbers card,Rehearse aloud with cues; time under 90 s,,not rehearsed
S-4.2a,Chapter 4 Measure,Section 4.2,Lipid medicine,Describe the two frames precisely.,Medium,MD_THESIS_VIVA_FULL_QA_SPOKEN 4.2a,See spoken answer,Thesis section named in the answer; numbers card,Rehearse aloud with cues; time under 90 s,,not rehearsed
S-4.2b,Chapter 4 Measure,Section 4.2,Lipid medicine,"Were participants with prevalent ASCVD excluded from the 1,461?",Medium,MD_THESIS_VIVA_FULL_QA_SPOKEN 4.2b,See spoken answer,Thesis section named in the answer; numbers card,Rehearse aloud with cues; time under 90 s,,not rehearsed
S-4.2d,Chapter 4 Measure,Section 4.2,Lipid medicine,What is the difference between the local and the transported residual?,Medium,MD_THESIS_VIVA_FULL_QA_SPOKEN 4.2d,See spoken answer,Thesis section named in the answer; numbers card,Rehearse aloud with cues; time under 90 s,,not rehearsed
S-4.2e,Chapter 4 Measure,Section 4.2,Biostatistics,Three estimands were kept separate. Name them.,Medium,MD_THESIS_VIVA_FULL_QA_SPOKEN 4.2e,See spoken answer,Thesis section named in the answer; numbers card,Rehearse aloud with cues; time under 90 s,,not rehearsed
S-4.3c,Chapter 4 Measure,Section 4.3,Lipid medicine,"What were the paper's limitations, in your own words?",Medium,MD_THESIS_VIVA_FULL_QA_SPOKEN 4.3c,See spoken answer,Thesis section named in the answer; numbers card,Rehearse aloud with cues; time under 90 s,,not rehearsed
S-4.3d,Chapter 4 Measure,Section 4.3,Lipid medicine,You have two congress abstracts on the same cohort. Are they replication?,Medium,MD_THESIS_VIVA_FULL_QA_SPOKEN 4.3d,See spoken answer,Thesis section named in the answer; numbers card,Rehearse aloud with cues; time under 90 s,,not rehearsed
S-4.4a,Chapter 4 Measure,Section 4.4,Lipid medicine,Walk me through the sparse-data geometry.,Medium,MD_THESIS_VIVA_FULL_QA_SPOKEN 4.4a,See spoken answer,Thesis section named in the answer; numbers card,Rehearse aloud with cues; time under 90 s,,not rehearsed
S-4.4b,Chapter 4 Measure,Section 4.4,Lipid medicine,Why does temporal ordering matter here?,Medium,MD_THESIS_VIVA_FULL_QA_SPOKEN 4.4b,See spoken answer,Thesis section named in the answer; numbers card,Rehearse aloud with cues; time under 90 s,,not rehearsed
S-4.4c,Chapter 4 Measure,Section 4.4,Lipid medicine,Is 0.31 a biological constant?,Medium,MD_THESIS_VIVA_FULL_QA_SPOKEN 4.4c,See spoken answer,Thesis section named in the answer; numbers card,Rehearse aloud with cues; time under 90 s,,not rehearsed
S-4.4d,Chapter 4 Measure,Section 4.4,Lipid medicine,What happened to the Firth estimate and the negative controls?,Medium,MD_THESIS_VIVA_FULL_QA_SPOKEN 4.4d,See spoken answer,Thesis section named in the answer; numbers card,Rehearse aloud with cues; time under 90 s,,not rehearsed
S-4.5c,Chapter 4 Measure,Section 4.5,Lipid medicine,What is the absolute-incidence result?,Medium,MD_THESIS_VIVA_FULL_QA_SPOKEN 4.5c,See spoken answer,Thesis section named in the answer; numbers card,Rehearse aloud with cues; time under 90 s,,not rehearsed
S-4.5e,Chapter 4 Measure,Section 4.5,Biostatistics,You tested apoB information in a prediction model and it failed. Why is that in this chapter?,Medium,MD_THESIS_VIVA_FULL_QA_SPOKEN 4.5e,See spoken answer,Thesis section named in the answer; numbers card,Rehearse aloud with cues; time under 90 s,,not rehearsed
S-4.5f,Chapter 4 Measure,Section 4.5,Lipid medicine,What is the whole-population result for?,Medium,MD_THESIS_VIVA_FULL_QA_SPOKEN 4.5f,See spoken answer,Thesis section named in the answer; numbers card,Rehearse aloud with cues; time under 90 s,,not rehearsed
S-4.6a,Chapter 4 Measure,Section 4.6,Lipid medicine,On what criteria did you retire the published hazard ratio?,Medium,MD_THESIS_VIVA_FULL_QA_SPOKEN 4.6a,See spoken answer,Thesis section named in the answer; numbers card,Rehearse aloud with cues; time under 90 s,,not rehearsed
S-4.6b,Chapter 4 Measure,Section 4.6,Lipid medicine,Could a clinician use 0.31 tomorrow?,Medium,MD_THESIS_VIVA_FULL_QA_SPOKEN 4.6b,See spoken answer,Thesis section named in the answer; numbers card,Rehearse aloud with cues; time under 90 s,,not rehearsed
S-4.7a,Chapter 4 Measure,Section 4.7,Lipid medicine,"What is the residual, biologically?",Medium,MD_THESIS_VIVA_FULL_QA_SPOKEN 4.7a,See spoken answer,Thesis section named in the answer; numbers card,Rehearse aloud with cues; time under 90 s,,not rehearsed
S-4.7b,Chapter 4 Measure,Section 4.7,Lipid medicine,Did remnant cholesterol explain it?,Medium,MD_THESIS_VIVA_FULL_QA_SPOKEN 4.7b,See spoken answer,Thesis section named in the answer; numbers card,Rehearse aloud with cues; time under 90 s,,not rehearsed
S-4.7c,Chapter 4 Measure,Section 4.7,Biostatistics,In the joint model LDL-C was protective. Is it?,Medium,MD_THESIS_VIVA_FULL_QA_SPOKEN 4.7c,See spoken answer,Thesis section named in the answer; numbers card,Rehearse aloud with cues; time under 90 s,,not rehearsed
S-4.7d,Chapter 4 Measure,Section 4.7,Lipid medicine,What did the polygenic score add?,Medium,MD_THESIS_VIVA_FULL_QA_SPOKEN 4.7d,See spoken answer,Thesis section named in the answer; numbers card,Rehearse aloud with cues; time under 90 s,,not rehearsed
S-4.8a,Chapter 4 Measure,Section 4.8,Lipid medicine,Why freeze the Welsh equation at all?,Medium,MD_THESIS_VIVA_FULL_QA_SPOKEN 4.8a,See spoken answer,Thesis section named in the answer; numbers card,Rehearse aloud with cues; time under 90 s,,not rehearsed
S-4.8b,Chapter 4 Measure,Section 4.8,Lipid medicine,Is the effect twice as large in UK Biobank?,Medium,MD_THESIS_VIVA_FULL_QA_SPOKEN 4.8b,See spoken answer,Thesis section named in the answer; numbers card,Rehearse aloud with cues; time under 90 s,,not rehearsed
S-4.8c,Chapter 4 Measure,Section 4.8,Biostatistics,Is this external validation?,Medium,MD_THESIS_VIVA_FULL_QA_SPOKEN 4.8c,See spoken answer,Thesis section named in the answer; numbers card,Rehearse aloud with cues; time under 90 s,,not rehearsed
S-4.9a,Chapter 4 Measure,Section 4.9,Genetic medicine,Why not analyse only untreated carriers?,Medium,MD_THESIS_VIVA_FULL_QA_SPOKEN 4.9a,See spoken answer,Thesis section named in the answer; numbers card,Rehearse aloud with cues; time under 90 s,,not rehearsed
T-Figure4.1.-1,Chapter 4 Measure,Figure 4.1.: Robustness ladder for the LDL-conditioned apoB residual (Table 4.2). (,All,"Describe Figure 4.1. without looking at it: axes, groups, what the caption excludes, and the message in one sentence.",Medium,New (display probe),"State what is drawn, what is deliberately not drawn on the same axis, and what the figure cannot show.",Figure 4.1.,Sketch the figure from memory once; check the caption exclusions (e.g. constructs not on the same ladder).,,not rehearsed
T-Table4.1.-1,Chapter 4 Measure,Table 4.1.: Evidential progression from ratio to residual,Biostatistics,"Walk me through Table 4.1. row by row: denominators, units, interval convention, genetic frame and tier.",Medium,New (display probe),Read each row with its frame; never merge denominators across rows; name the source manuscript or package.,Table 4.1.,Practise a 90-second narration of the display; mark any row whose value differs from the chapter text (see corrections list).,,not rehearsed
T-Table4.1.-2,Chapter 4 Measure,Table 4.1.: Evidential progression from ratio to residual,Lipid medicine,"Which row of Table 4.1. would a critic attack first, and how do you answer?",Medium,New (display probe),"Pick the weakest row, concede its limit (tier, events, convention) and state what would remove it.",Table 4.1.,Write the weakest row and its concession on the numbers card.,,not rehearsed
T-Table4.2.-1,Chapter 4 Measure,Table 4.2.: Robustness ladder for LDL-conditioned apoB,Biostatistics,"Walk me through Table 4.2. row by row: denominators, units, interval convention, genetic frame and tier.",Medium,New (display probe),Read each row with its frame; never merge denominators across rows; name the source manuscript or package.,Table 4.2.,Practise a 90-second narration of the display; mark any row whose value differs from the chapter text (see corrections list).,,not rehearsed
T-Table4.2.-2,Chapter 4 Measure,Table 4.2.: Robustness ladder for LDL-conditioned apoB,Lipid medicine,"Which row of Table 4.2. would a critic attack first, and how do you answer?",Medium,New (display probe),"Pick the weakest row, concede its limit (tier, events, convention) and state what would remove it.",Table 4.2.,Write the weakest row and its concession on the numbers card.,,not rehearsed
S-5.1a,Chapter 5 Select,Section 5.1,Biostatistics,"What is the estimand, and why is it not causal?",High,MD_THESIS_VIVA_FULL_QA_SPOKEN 5.1a,See spoken answer,Thesis section named in the answer; numbers card,Rehearse aloud with cues; time under 90 s,,not rehearsed
S-5.2c,Chapter 5 Select,Section 5.2,Lipid medicine,Are the reconstructed rows a random subset?,High,MD_THESIS_VIVA_FULL_QA_SPOKEN 5.2c,See spoken answer,Thesis section named in the answer; numbers card,Rehearse aloud with cues; time under 90 s,,not rehearsed
S-5.2d,Chapter 5 Select,Section 5.2,Lipid medicine,Chapter 7 says the registry's drug-specific back-calculation was biased by 4.5 millimoles per litre. Chapter 5 uses a drug-specific rule. Reconcile.,High,MD_THESIS_VIVA_FULL_QA_SPOKEN 5.2d,See spoken answer,Thesis section named in the answer; numbers card,Rehearse aloud with cues; time under 90 s,,not rehearsed
S-5.3a,Chapter 5 Select,Section 5.3,Lipid medicine,"The primary estimate, with its inference.",High,MD_THESIS_VIVA_FULL_QA_SPOKEN 5.3a,See spoken answer,Thesis section named in the answer; numbers card,Rehearse aloud with cues; time under 90 s,,not rehearsed
S-5.3c,Chapter 5 Select,Section 5.3,Genetic medicine,The within-pedigree result. Is it real?,High,MD_THESIS_VIVA_FULL_QA_SPOKEN 5.3c,See spoken answer,Thesis section named in the answer; numbers card,Rehearse aloud with cues; time under 90 s,,not rehearsed
S-5.3e,Chapter 5 Select,Section 5.3,Genetic medicine,Where is the sex-stratified within-pedigree estimate from the earlier draft?,High,MD_THESIS_VIVA_FULL_QA_SPOKEN 5.3e,See spoken answer,Thesis section named in the answer; numbers card,Rehearse aloud with cues; time under 90 s,,not rehearsed
S-5.4c,Chapter 5 Select,Section 5.4,Genetic medicine,What is the variant-level synthesis and why is its status weaker?,High,MD_THESIS_VIVA_FULL_QA_SPOKEN 5.4c,See spoken answer,Thesis section named in the answer; numbers card,Rehearse aloud with cues; time under 90 s,,not rehearsed
S-5.6b,Chapter 5 Select,Section 5.6,Lipid medicine,"What is ""selection leakage""?",High,MD_THESIS_VIVA_FULL_QA_SPOKEN 5.6b,See spoken answer,Thesis section named in the answer; numbers card,Rehearse aloud with cues; time under 90 s,,not rehearsed
A-Q5.1,Chapter 5 Select,Section 5.x,Biostatistics,State the primary estimate and its estimand precisely.,Medium,MD_THESIS_ANNUAL_REVIEW_VIVA_QA Q5.1,See annual-review answer,As cited in that answer,Cross-check against the spoken version; keep one wording,,not rehearsed
A-Q5.10,Chapter 5 Select,Section 5.x,Lipid medicine,"What is ""selection leakage"" and does TUDOR suffer from it?",Medium,MD_THESIS_ANNUAL_REVIEW_VIVA_QA Q5.10,See annual-review answer,As cited in that answer,Cross-check against the spoken version; keep one wording,,not rehearsed
A-Q5.2,Chapter 5 Select,Section 5.x,Lipid medicine,Walk me down the attenuation ladder and tell me what each step is.,Medium,MD_THESIS_ANNUAL_REVIEW_VIVA_QA Q5.2,See annual-review answer,As cited in that answer,Cross-check against the spoken version; keep one wording,,not rehearsed
A-Q5.3,Chapter 5 Select,Section 5.x,Lipid medicine,Is the within-family difference real?,Medium,MD_THESIS_ANNUAL_REVIEW_VIVA_QA Q5.3,See annual-review answer,As cited in that answer,Cross-check against the spoken version; keep one wording,,not rehearsed
A-Q5.4,Chapter 5 Select,Section 5.x,Genetic medicine,Residue matching is not allele matching. How much does that matter?,Medium,MD_THESIS_ANNUAL_REVIEW_VIVA_QA Q5.4,See annual-review answer,As cited in that answer,Cross-check against the spoken version; keep one wording,,not rehearsed
A-Q5.5,Chapter 5 Select,Section 5.x,Lipid medicine,Does the difference depend on reconstructed untreated values?,Medium,MD_THESIS_ANNUAL_REVIEW_VIVA_QA Q5.5,See annual-review answer,As cited in that answer,Cross-check against the spoken version; keep one wording,,not rehearsed
A-Q5.6,Chapter 5 Select,Section 5.x,Lipid medicine,Regression to the mean: isn't the proband value just the highest value in a noisy series?,Medium,MD_THESIS_ANNUAL_REVIEW_VIVA_QA Q5.6,See annual-review answer,As cited in that answer,Cross-check against the spoken version; keep one wording,,not rehearsed
A-Q5.7,Chapter 5 Select,Section 5.x,Lipid medicine,"Is the three-stratum ordering 5.80, 4.76, 3.87 mmol/L a matched comparison?",Medium,MD_THESIS_ANNUAL_REVIEW_VIVA_QA Q5.7,See annual-review answer,As cited in that answer,Cross-check against the spoken version; keep one wording,,not rehearsed
A-Q5.8,Chapter 5 Select,Section 5.x,Lipid medicine,What does this chapter mean for the 4.9 mmol/L criterion?,Medium,MD_THESIS_ANNUAL_REVIEW_VIVA_QA Q5.8,See annual-review answer,As cited in that answer,Cross-check against the spoken version; keep one wording,,not rehearsed
A-Q5.9,Chapter 5 Select,Section 5.x,Lipid medicine,Is there a cumulative-exposure story here?,Medium,MD_THESIS_ANNUAL_REVIEW_VIVA_QA Q5.9,See annual-review answer,As cited in that answer,Cross-check against the spoken version; keep one wording,,not rehearsed
G-5.1-1,Chapter 5 Select,5.1 Selection as part of the phenotype,Lipid medicine,"What does this section establish that the preceding section did not, and which single sentence carries the claim?",Medium,New (generic probe),"Identify the load-bearing sentence and its source (publication, manuscript, THESIS-AN package or decision).",Section 5.1,Re-read the section; underline the one load-bearing sentence; write its source and tier on the numbers card.,,not rehearsed
G-5.1-2,Chapter 5 Select,5.1 Selection as part of the phenotype,Lipid medicine,"Which statement in this section is least well supported, and what would you change?",Medium,New (generic probe),"Name the weakest clause first, concede, then state the bounded version.",Section 5.1,List the two weakest clauses; draft a one-sentence concession for each.,,not rehearsed
G-5.1-3,Chapter 5 Select,5.1 Selection as part of the phenotype,Lipid medicine,"Which source or number in this section would you defend under challenge, and where does it come from?",Medium,New (generic probe),"Give the number, its frame and its tier; name the table it lives in.",Section 5.1,Verify each number against its table; confirm DOI status in Appendix 2 of the spoken document.,,not rehearsed
G-5.2-1,Chapter 5 Select,"5.2 Study design, cohorts and phenotype provenance",Lipid medicine,"What does this section establish that the preceding section did not, and which single sentence carries the claim?",Medium,New (generic probe),"Identify the load-bearing sentence and its source (publication, manuscript, THESIS-AN package or decision).",Section 5.2,Re-read the section; underline the one load-bearing sentence; write its source and tier on the numbers card.,,not rehearsed
G-5.2-2,Chapter 5 Select,"5.2 Study design, cohorts and phenotype provenance",Lipid medicine,"Which statement in this section is least well supported, and what would you change?",Medium,New (generic probe),"Name the weakest clause first, concede, then state the bounded version.",Section 5.2,List the two weakest clauses; draft a one-sentence concession for each.,,not rehearsed
G-5.2-3,Chapter 5 Select,"5.2 Study design, cohorts and phenotype provenance",Lipid medicine,"Which source or number in this section would you defend under challenge, and where does it come from?",Medium,New (generic probe),"Give the number, its frame and its tier; name the table it lives in.",Section 5.2,Verify each number against its table; confirm DOI status in Appendix 2 of the spoken document.,,not rehearsed
G-5.3-1,Chapter 5 Select,5.3 Primary result and attenuation through age and pedigree,Genetic medicine,"What does this section establish that the preceding section did not, and which single sentence carries the claim?",Medium,New (generic probe),"Identify the load-bearing sentence and its source (publication, manuscript, THESIS-AN package or decision).",Section 5.3,Re-read the section; underline the one load-bearing sentence; write its source and tier on the numbers card.,,not rehearsed
G-5.3-2,Chapter 5 Select,5.3 Primary result and attenuation through age and pedigree,Genetic medicine,"Which statement in this section is least well supported, and what would you change?",Medium,New (generic probe),"Name the weakest clause first, concede, then state the bounded version.",Section 5.3,List the two weakest clauses; draft a one-sentence concession for each.,,not rehearsed
G-5.3-3,Chapter 5 Select,5.3 Primary result and attenuation through age and pedigree,Genetic medicine,"Which source or number in this section would you defend under challenge, and where does it come from?",Medium,New (generic probe),"Give the number, its frame and its tier; name the table it lives in.",Section 5.3,Verify each number against its table; confirm DOI status in Appendix 2 of the spoken document.,,not rehearsed
G-5.4-1,Chapter 5 Select,"5.4 Robustness, heterogeneity and the three ascertainment strata",Biostatistics,"What does this section establish that the preceding section did not, and which single sentence carries the claim?",Medium,New (generic probe),"Identify the load-bearing sentence and its source (publication, manuscript, THESIS-AN package or decision).",Section 5.4,Re-read the section; underline the one load-bearing sentence; write its source and tier on the numbers card.,,not rehearsed
G-5.4-2,Chapter 5 Select,"5.4 Robustness, heterogeneity and the three ascertainment strata",Biostatistics,"Which statement in this section is least well supported, and what would you change?",Medium,New (generic probe),"Name the weakest clause first, concede, then state the bounded version.",Section 5.4,List the two weakest clauses; draft a one-sentence concession for each.,,not rehearsed
G-5.4-3,Chapter 5 Select,"5.4 Robustness, heterogeneity and the three ascertainment strata",Biostatistics,"Which source or number in this section would you defend under challenge, and where does it come from?",Medium,New (generic probe),"Give the number, its frame and its tier; name the table it lives in.",Section 5.4,Verify each number against its table; confirm DOI status in Appendix 2 of the spoken document.,,not rehearsed
G-5.5-1,Chapter 5 Select,5.5 Cumulative exposure and exploratory event associations,Lipid medicine,"What does this section establish that the preceding section did not, and which single sentence carries the claim?",Medium,New (generic probe),"Identify the load-bearing sentence and its source (publication, manuscript, THESIS-AN package or decision).",Section 5.5,Re-read the section; underline the one load-bearing sentence; write its source and tier on the numbers card.,,not rehearsed
G-5.5-2,Chapter 5 Select,5.5 Cumulative exposure and exploratory event associations,Lipid medicine,"Which statement in this section is least well supported, and what would you change?",Medium,New (generic probe),"Name the weakest clause first, concede, then state the bounded version.",Section 5.5,List the two weakest clauses; draft a one-sentence concession for each.,,not rehearsed
G-5.5-3,Chapter 5 Select,5.5 Cumulative exposure and exploratory event associations,Lipid medicine,"Which source or number in this section would you defend under challenge, and where does it come from?",Medium,New (generic probe),"Give the number, its frame and its tier; name the table it lives in.",Section 5.5,Verify each number against its table; confirm DOI status in Appendix 2 of the spoken document.,,not rehearsed
G-5.6-1,Chapter 5 Select,5.6 Consequences for identification and prediction,Lipid medicine,"What does this section establish that the preceding section did not, and which single sentence carries the claim?",Medium,New (generic probe),"Identify the load-bearing sentence and its source (publication, manuscript, THESIS-AN package or decision).",Section 5.6,Re-read the section; underline the one load-bearing sentence; write its source and tier on the numbers card.,,not rehearsed
G-5.6-2,Chapter 5 Select,5.6 Consequences for identification and prediction,Lipid medicine,"Which statement in this section is least well supported, and what would you change?",Medium,New (generic probe),"Name the weakest clause first, concede, then state the bounded version.",Section 5.6,List the two weakest clauses; draft a one-sentence concession for each.,,not rehearsed
G-5.6-3,Chapter 5 Select,5.6 Consequences for identification and prediction,Lipid medicine,"Which source or number in this section would you defend under challenge, and where does it come from?",Medium,New (generic probe),"Give the number, its frame and its tier; name the table it lives in.",Section 5.6,Verify each number against its table; confirm DOI status in Appendix 2 of the spoken document.,,not rehearsed
G-5.7-1,Chapter 5 Select,"5.7 Contribution, limitations and hinge to identification",Lipid medicine,"What does this section establish that the preceding section did not, and which single sentence carries the claim?",Medium,New (generic probe),"Identify the load-bearing sentence and its source (publication, manuscript, THESIS-AN package or decision).",Section 5.7,Re-read the section; underline the one load-bearing sentence; write its source and tier on the numbers card.,,not rehearsed
G-5.7-2,Chapter 5 Select,"5.7 Contribution, limitations and hinge to identification",Lipid medicine,"Which statement in this section is least well supported, and what would you change?",Medium,New (generic probe),"Name the weakest clause first, concede, then state the bounded version.",Section 5.7,List the two weakest clauses; draft a one-sentence concession for each.,,not rehearsed
G-5.7-3,Chapter 5 Select,"5.7 Contribution, limitations and hinge to identification",Lipid medicine,"Which source or number in this section would you defend under challenge, and where does it come from?",Medium,New (generic probe),"Give the number, its frame and its tier; name the table it lives in.",Section 5.7,Verify each number against its table; confirm DOI status in Appendix 2 of the spoken document.,,not rehearsed
G-H1-Chapter5Sele,Chapter 5 Select,Chapter 5 — Select: does the route into care change the visible phenotype?,All,State the question this chapter answers and the one number that answers it.,Medium,"Spoken document, chapter answer sub-section","Chapter answer paragraph (Sections 4.10, 5.7, 6.9, 7.15, 8.1).",Chapter answer paragraph,Memorise the chapter answer verbatim.,,not rehearsed
S-5.1b,Chapter 5 Select,Section 5.1,Lipid medicine,Explain Figure 5.1.,Medium,MD_THESIS_VIVA_FULL_QA_SPOKEN 5.1b,See spoken answer,Thesis section named in the answer; numbers card,Rehearse aloud with cues; time under 90 s,,not rehearsed
S-5.1c,Chapter 5 Select,Section 5.1,Lipid medicine,"Distinguish expressivity, recognition and prognosis.",Medium,MD_THESIS_VIVA_FULL_QA_SPOKEN 5.1c,See spoken answer,Thesis section named in the answer; numbers card,Rehearse aloud with cues; time under 90 s,,not rehearsed
S-5.2a,Chapter 5 Select,Section 5.2,Lipid medicine,Give me the denominators.,Medium,MD_THESIS_VIVA_FULL_QA_SPOKEN 5.2a,See spoken answer,Thesis section named in the answer; numbers card,Rehearse aloud with cues; time under 90 s,,not rehearsed
S-5.2b,Chapter 5 Select,Section 5.2,Lipid medicine,What is the provenance hierarchy for the untreated value?,Medium,MD_THESIS_VIVA_FULL_QA_SPOKEN 5.2b,See spoken answer,Thesis section named in the answer; numbers card,Rehearse aloud with cues; time under 90 s,,not rehearsed
S-5.2e,Chapter 5 Select,Section 5.2,Genetic medicine,"What does residue matching control, and what does it not?",Medium,MD_THESIS_VIVA_FULL_QA_SPOKEN 5.2e,See spoken answer,Thesis section named in the answer; numbers card,Rehearse aloud with cues; time under 90 s,,not rehearsed
S-5.2f,Chapter 5 Select,Section 5.2,Genetic medicine,How much LDL-C variance does the variant explain?,Medium,MD_THESIS_VIVA_FULL_QA_SPOKEN 5.2f,See spoken answer,Thesis section named in the answer; numbers card,Rehearse aloud with cues; time under 90 s,,not rehearsed
S-5.2g,Chapter 5 Select,Section 5.2,Lipid medicine,What does the newborn evidence show?,Medium,MD_THESIS_VIVA_FULL_QA_SPOKEN 5.2g,See spoken answer,Thesis section named in the answer; numbers card,Rehearse aloud with cues; time under 90 s,,not rehearsed
S-5.3b,Chapter 5 Select,Section 5.3,Lipid medicine,Age was the largest threat. What did you do?,Medium,MD_THESIS_VIVA_FULL_QA_SPOKEN 5.3b,See spoken answer,Thesis section named in the answer; numbers card,Rehearse aloud with cues; time under 90 s,,not rehearsed
S-5.3d,Chapter 5 Select,Section 5.3,Lipid medicine,"Why is the ladder ""more informative than any coefficient""?",Medium,MD_THESIS_VIVA_FULL_QA_SPOKEN 5.3d,See spoken answer,Thesis section named in the answer; numbers card,Rehearse aloud with cues; time under 90 s,,not rehearsed
S-5.4a,Chapter 5 Select,Section 5.4,Biostatistics,List the robustness rows and their purpose.,Medium,MD_THESIS_VIVA_FULL_QA_SPOKEN 5.4a,See spoken answer,Thesis section named in the answer; numbers card,Rehearse aloud with cues; time under 90 s,,not rehearsed
S-5.4b,Chapter 5 Select,Section 5.4,Lipid medicine,Why is the non-HDL difference larger than the LDL-C difference?,Medium,MD_THESIS_VIVA_FULL_QA_SPOKEN 5.4b,See spoken answer,Thesis section named in the answer; numbers card,Rehearse aloud with cues; time under 90 s,,not rehearsed
S-5.4d,Chapter 5 Select,Section 5.4,Lipid medicine,"Is 5.80, 4.76, 3.87 a matched comparison?",Medium,MD_THESIS_VIVA_FULL_QA_SPOKEN 5.4d,See spoken answer,Thesis section named in the answer; numbers card,Rehearse aloud with cues; time under 90 s,,not rehearsed
S-5.4e,Chapter 5 Select,Section 5.4,Lipid medicine,The first-versus-later reading result: regression to the mean?,Medium,MD_THESIS_VIVA_FULL_QA_SPOKEN 5.4e,See spoken answer,Thesis section named in the answer; numbers card,Rehearse aloud with cues; time under 90 s,,not rehearsed
S-5.5a,Chapter 5 Select,Section 5.5,Lipid medicine,Did earlier detection mean lower exposure?,Medium,MD_THESIS_VIVA_FULL_QA_SPOKEN 5.5a,See spoken answer,Thesis section named in the answer; numbers card,Rehearse aloud with cues; time under 90 s,,not rehearsed
S-5.5b,Chapter 5 Select,Section 5.5,Lipid medicine,Were the per-unit LDL-C associations similar by setting?,Medium,MD_THESIS_VIVA_FULL_QA_SPOKEN 5.5b,See spoken answer,Thesis section named in the answer; numbers card,Rehearse aloud with cues; time under 90 s,,not rehearsed
S-5.5c,Chapter 5 Select,Section 5.5,Lipid medicine,Can I add 1.09 to a cascade relative's value?,Medium,MD_THESIS_VIVA_FULL_QA_SPOKEN 5.5c,See spoken answer,Thesis section named in the answer; numbers card,Rehearse aloud with cues; time under 90 s,,not rehearsed
S-5.6a,Chapter 5 Select,Section 5.6,Lipid medicine,What is the reporting unit for identification research?,Medium,MD_THESIS_VIVA_FULL_QA_SPOKEN 5.6a,See spoken answer,Thesis section named in the answer; numbers card,Rehearse aloud with cues; time under 90 s,,not rehearsed
S-5.6c,Chapter 5 Select,Section 5.6,Genetic medicine,What proportion of P/LP carriers meet the Simon Broome LDL-C criterion?,Medium,MD_THESIS_VIVA_FULL_QA_SPOKEN 5.6c,See spoken answer,Thesis section named in the answer; numbers card,Rehearse aloud with cues; time under 90 s,,not rehearsed
S-5.6d,Chapter 5 Select,Section 5.6,Genetic medicine,How does ascertainment reach Chapter 7?,Medium,MD_THESIS_VIVA_FULL_QA_SPOKEN 5.6d,See spoken answer,Thesis section named in the answer; numbers card,Rehearse aloud with cues; time under 90 s,,not rehearsed
S-5.7a,Chapter 5 Select,Section 5.7,Genetic medicine,State the answer to the route part.,Medium,MD_THESIS_VIVA_FULL_QA_SPOKEN 5.7a,See spoken answer,Thesis section named in the answer; numbers card,Rehearse aloud with cues; time under 90 s,,not rehearsed
S-5.7b,Chapter 5 Select,Section 5.7,Lipid medicine,The limitations that prevent a larger claim.,Medium,MD_THESIS_VIVA_FULL_QA_SPOKEN 5.7b,See spoken answer,Thesis section named in the answer; numbers card,Rehearse aloud with cues; time under 90 s,,not rehearsed
S-5.7c,Chapter 5 Select,Section 5.7,Lipid medicine,Which ancestry restriction?,Medium,MD_THESIS_VIVA_FULL_QA_SPOKEN 5.7c,See spoken answer,Thesis section named in the answer; numbers card,Rehearse aloud with cues; time under 90 s,,not rehearsed
T-Figure5.1.-1,Chapter 5 Select,Figure 5.1.: Selection versus confounding in the route contrast (conceptual; not an,All,"Describe Figure 5.1. without looking at it: axes, groups, what the caption excludes, and the message in one sentence.",Medium,New (display probe),"State what is drawn, what is deliberately not drawn on the same axis, and what the figure cannot show.",Figure 5.1.,Sketch the figure from memory once; check the caption exclusions (e.g. constructs not on the same ladder).,,not rehearsed
T-Figure5.2.-1,Chapter 5 Select,Figure 5.2.: Attenuation of the untreated LDL-C difference between phenotype-referr,All,"Describe Figure 5.2. without looking at it: axes, groups, what the caption excludes, and the message in one sentence.",Medium,New (display probe),"State what is drawn, what is deliberately not drawn on the same axis, and what the figure cannot show.",Figure 5.2.,Sketch the figure from memory once; check the caption exclusions (e.g. constructs not on the same ladder).,,not rehearsed
T-Table5.1.-1,Chapter 5 Select,Table 5.1.: Cohort and endpoint-provenance map by ascertainment route,Biostatistics,"Walk me through Table 5.1. row by row: denominators, units, interval convention, genetic frame and tier.",Medium,New (display probe),Read each row with its frame; never merge denominators across rows; name the source manuscript or package.,Table 5.1.,Practise a 90-second narration of the display; mark any row whose value differs from the chapter text (see corrections list).,,not rehearsed
T-Table5.1.-2,Chapter 5 Select,Table 5.1.: Cohort and endpoint-provenance map by ascertainment route,Lipid medicine,"Which row of Table 5.1. would a critic attack first, and how do you answer?",Medium,New (display probe),"Pick the weakest row, concede its limit (tier, events, convention) and state what would remove it.",Table 5.1.,Write the weakest row and its concession on the numbers card.,,not rehearsed
T-Table5.2.-1,Chapter 5 Select,"Table 5.2.: Primary contrast, attenuation and robustness",Biostatistics,"Walk me through Table 5.2. row by row: denominators, units, interval convention, genetic frame and tier.",Medium,New (display probe),Read each row with its frame; never merge denominators across rows; name the source manuscript or package.,Table 5.2.,Practise a 90-second narration of the display; mark any row whose value differs from the chapter text (see corrections list).,,not rehearsed
T-Table5.2.-2,Chapter 5 Select,"Table 5.2.: Primary contrast, attenuation and robustness",Lipid medicine,"Which row of Table 5.2. would a critic attack first, and how do you answer?",Medium,New (display probe),"Pick the weakest row, concede its limit (tier, events, convention) and state what would remove it.",Table 5.2.,Write the weakest row and its concession on the numbers card.,,not rehearsed
A-Q6.4,Chapter 6 Identify,Section 6.x,Genetic medicine,"The published TUDOR paper says ""ascertainment-aware"" with an ""Index Effect"". Your evaluated object has no such term. Explain, and tell me why there is no corrigendum.",High,MD_THESIS_ANNUAL_REVIEW_VIVA_QA Q6.4,See annual-review answer,As cited in that answer,Cross-check against the spoken version; keep one wording,,not rehearsed
S-6.2b,Chapter 6 Identify,Section 6.2,Genetic medicine,"The published paper says ascertainment-aware. The object has no route term. Explain, and tell me why there is no corrigendum.",High,MD_THESIS_VIVA_FULL_QA_SPOKEN 6.2b,See spoken answer,Thesis section named in the answer; numbers card,Rehearse aloud with cues; time under 90 s,,not rehearsed
S-6.2c,Chapter 6 Identify,Section 6.2,Biostatistics,"Your Atherosclerosis Plus abstract claims ""dual external validation in 4,028 genetically confirmed cases"". Is that consistent with the thesis?",High,MD_THESIS_VIVA_FULL_QA_SPOKEN 6.2c,See spoken answer,Thesis section named in the answer; numbers card,Rehearse aloud with cues; time under 90 s,,not rehearsed
S-6.2e,Chapter 6 Identify,Section 6.2,Lipid medicine,"Which paired test, and what is wrong with it here?",High,MD_THESIS_VIVA_FULL_QA_SPOKEN 6.2e,See spoken answer,Thesis section named in the answer; numbers card,Rehearse aloud with cues; time under 90 s,,not rehearsed
S-6.3c,Chapter 6 Identify,Section 6.3,Lipid medicine,Why is NRI secondary?,High,MD_THESIS_VIVA_FULL_QA_SPOKEN 6.3c,See spoken answer,Thesis section named in the answer; numbers card,Rehearse aloud with cues; time under 90 s,,not rehearsed
S-6.4a,Chapter 6 Identify,Section 6.4,Lipid medicine,Make the case against your own comparison.,High,MD_THESIS_VIVA_FULL_QA_SPOKEN 6.4a,See spoken answer,Thesis section named in the answer; numbers card,Rehearse aloud with cues; time under 90 s,,not rehearsed
S-6.4b,Chapter 6 Identify,Section 6.4,Lipid medicine,What is the counterweight?,High,MD_THESIS_VIVA_FULL_QA_SPOKEN 6.4b,See spoken answer,Thesis section named in the answer; numbers card,Rehearse aloud with cues; time under 90 s,,not rehearsed
S-6.4e,Chapter 6 Identify,Section 6.4,Lipid medicine,Family leakage?,High,MD_THESIS_VIVA_FULL_QA_SPOKEN 6.4e,See spoken answer,Thesis section named in the answer; numbers card,Rehearse aloud with cues; time under 90 s,,not rehearsed
S-6.5b,Chapter 6 Identify,Section 6.5,Lipid medicine,Which is the most consequential number?,High,MD_THESIS_VIVA_FULL_QA_SPOKEN 6.5b,See spoken answer,Thesis section named in the answer; numbers card,Rehearse aloud with cues; time under 90 s,,not rehearsed
S-6.5c,Chapter 6 Identify,Section 6.5,Biostatistics,Why is 0.756 not external validation?,High,MD_THESIS_VIVA_FULL_QA_SPOKEN 6.5c,See spoken answer,Thesis section named in the answer; numbers card,Rehearse aloud with cues; time under 90 s,,not rehearsed
S-6.7a,Chapter 6 Identify,Section 6.7,Biostatistics,Is TUDOR calibrated?,High,MD_THESIS_VIVA_FULL_QA_SPOKEN 6.7a,See spoken answer,Thesis section named in the answer; numbers card,Rehearse aloud with cues; time under 90 s,,not rehearsed
S-6.8a,Chapter 6 Identify,Section 6.8,Lipid medicine,Why is there no PROBAST+AI rating for TUDOR when you gave one for CALON-5?,High,MD_THESIS_VIVA_FULL_QA_SPOKEN 6.8a,See spoken answer,Thesis section named in the answer; numbers card,Rehearse aloud with cues; time under 90 s,,not rehearsed
A-Q6.1,Chapter 6 Identify,Section 6.x,Lipid medicine,What is TUDOR and what is it for?,Medium,MD_THESIS_ANNUAL_REVIEW_VIVA_QA Q6.1,See annual-review answer,As cited in that answer,Cross-check against the spoken version; keep one wording,,not rehearsed
A-Q6.10,Chapter 6 Identify,Section 6.x,Genetic medicine,Why does Chapter 6 say 80.2% of P/LP carriers were below the Simon Broome trigger and Chapter 5 say 84.5%?,Medium,MD_THESIS_ANNUAL_REVIEW_VIVA_QA Q6.10,See annual-review answer,As cited in that answer,Cross-check against the spoken version; keep one wording,,not rehearsed
A-Q6.2,Chapter 6 Identify,Section 6.x,Lipid medicine,Give me the head-to-head result and then tell me why it flatters TUDOR.,Medium,MD_THESIS_ANNUAL_REVIEW_VIVA_QA Q6.2,See annual-review answer,As cited in that answer,Cross-check against the spoken version; keep one wording,,not rehearsed
A-Q6.3,Chapter 6 Identify,Section 6.x,Lipid medicine,Why were the Welsh head-to-head AUC differences reported without a paired test or interval when you own the data?,Medium,MD_THESIS_ANNUAL_REVIEW_VIVA_QA Q6.3,See annual-review answer,As cited in that answer,Cross-check against the spoken version; keep one wording,,not rehearsed
A-Q6.5,Chapter 6 Identify,Section 6.x,Lipid medicine,What happened on transport?,Medium,MD_THESIS_ANNUAL_REVIEW_VIVA_QA Q6.5,See annual-review answer,As cited in that answer,Cross-check against the spoken version; keep one wording,,not rehearsed
A-Q6.6,Chapter 6 Identify,Section 6.x,Biostatistics,Is TUDOR calibrated?,Medium,MD_THESIS_ANNUAL_REVIEW_VIVA_QA Q6.6,See annual-review answer,As cited in that answer,Cross-check against the spoken version; keep one wording,,not rehearsed
A-Q6.7,Chapter 6 Identify,Section 6.x,Lipid medicine,What is the workload trade-off?,Medium,MD_THESIS_ANNUAL_REVIEW_VIVA_QA Q6.7,See annual-review answer,As cited in that answer,Cross-check against the spoken version; keep one wording,,not rehearsed
A-Q6.8,Chapter 6 Identify,Section 6.x,Biostatistics,"How bad is the reconstruction error, and why does the AUC not care?",Medium,MD_THESIS_ANNUAL_REVIEW_VIVA_QA Q6.8,See annual-review answer,As cited in that answer,Cross-check against the spoken version; keep one wording,,not rehearsed
A-Q6.9,Chapter 6 Identify,Section 6.x,Lipid medicine,Was there family leakage between development and evaluation folds?,Medium,MD_THESIS_ANNUAL_REVIEW_VIVA_QA Q6.9,See annual-review answer,As cited in that answer,Cross-check against the spoken version; keep one wording,,not rehearsed
G-6.1-1,Chapter 6 Identify,6.1 Identification after treatment and selection,Lipid medicine,"What does this section establish that the preceding section did not, and which single sentence carries the claim?",Medium,New (generic probe),"Identify the load-bearing sentence and its source (publication, manuscript, THESIS-AN package or decision).",Section 6.1,Re-read the section; underline the one load-bearing sentence; write its source and tier on the numbers card.,,not rehearsed
G-6.1-2,Chapter 6 Identify,6.1 Identification after treatment and selection,Lipid medicine,"Which statement in this section is least well supported, and what would you change?",Medium,New (generic probe),"Name the weakest clause first, concede, then state the bounded version.",Section 6.1,List the two weakest clauses; draft a one-sentence concession for each.,,not rehearsed
G-6.1-3,Chapter 6 Identify,6.1 Identification after treatment and selection,Lipid medicine,"Which source or number in this section would you defend under challenge, and where does it come from?",Medium,New (generic probe),"Give the number, its frame and its tier; name the table it lives in.",Section 6.1,Verify each number against its table; confirm DOI status in Appendix 2 of the spoken document.,,not rehearsed
G-6.2-1,Chapter 6 Identify,"6.2 Model specification, cohorts and evaluation states",Biostatistics,"What does this section establish that the preceding section did not, and which single sentence carries the claim?",Medium,New (generic probe),"Identify the load-bearing sentence and its source (publication, manuscript, THESIS-AN package or decision).",Section 6.2,Re-read the section; underline the one load-bearing sentence; write its source and tier on the numbers card.,,not rehearsed
G-6.2-2,Chapter 6 Identify,"6.2 Model specification, cohorts and evaluation states",Biostatistics,"Which statement in this section is least well supported, and what would you change?",Medium,New (generic probe),"Name the weakest clause first, concede, then state the bounded version.",Section 6.2,List the two weakest clauses; draft a one-sentence concession for each.,,not rehearsed
G-6.2-3,Chapter 6 Identify,"6.2 Model specification, cohorts and evaluation states",Biostatistics,"Which source or number in this section would you defend under challenge, and where does it come from?",Medium,New (generic probe),"Give the number, its frame and its tier; name the table it lives in.",Section 6.2,Verify each number against its table; confirm DOI status in Appendix 2 of the spoken document.,,not rehearsed
G-6.3-1,Chapter 6 Identify,6.3 Welsh head-to-head discrimination,Lipid medicine,"What does this section establish that the preceding section did not, and which single sentence carries the claim?",Medium,New (generic probe),"Identify the load-bearing sentence and its source (publication, manuscript, THESIS-AN package or decision).",Section 6.3,Re-read the section; underline the one load-bearing sentence; write its source and tier on the numbers card.,,not rehearsed
G-6.3-2,Chapter 6 Identify,6.3 Welsh head-to-head discrimination,Lipid medicine,"Which statement in this section is least well supported, and what would you change?",Medium,New (generic probe),"Name the weakest clause first, concede, then state the bounded version.",Section 6.3,List the two weakest clauses; draft a one-sentence concession for each.,,not rehearsed
G-6.3-3,Chapter 6 Identify,6.3 Welsh head-to-head discrimination,Lipid medicine,"Which source or number in this section would you defend under challenge, and where does it come from?",Medium,New (generic probe),"Give the number, its frame and its tier; name the table it lives in.",Section 6.3,Verify each number against its table; confirm DOI status in Appendix 2 of the spoken document.,,not rehearsed
G-6.4-1,Chapter 6 Identify,6.4 Comparator fairness and the ascertainment-claim boundary,Genetic medicine,"What does this section establish that the preceding section did not, and which single sentence carries the claim?",Medium,New (generic probe),"Identify the load-bearing sentence and its source (publication, manuscript, THESIS-AN package or decision).",Section 6.4,Re-read the section; underline the one load-bearing sentence; write its source and tier on the numbers card.,,not rehearsed
G-6.4-2,Chapter 6 Identify,6.4 Comparator fairness and the ascertainment-claim boundary,Genetic medicine,"Which statement in this section is least well supported, and what would you change?",Medium,New (generic probe),"Name the weakest clause first, concede, then state the bounded version.",Section 6.4,List the two weakest clauses; draft a one-sentence concession for each.,,not rehearsed
G-6.4-3,Chapter 6 Identify,6.4 Comparator fairness and the ascertainment-claim boundary,Genetic medicine,"Which source or number in this section would you defend under challenge, and where does it come from?",Medium,New (generic probe),"Give the number, its frame and its tier; name the table it lives in.",Section 6.4,Verify each number against its table; confirm DOI status in Appendix 2 of the spoken document.,,not rehearsed
G-6.5-1,Chapter 6 Identify,"6.5 Frozen application, target refit and the intended-use boundary",Lipid medicine,"What does this section establish that the preceding section did not, and which single sentence carries the claim?",Medium,New (generic probe),"Identify the load-bearing sentence and its source (publication, manuscript, THESIS-AN package or decision).",Section 6.5,Re-read the section; underline the one load-bearing sentence; write its source and tier on the numbers card.,,not rehearsed
G-6.5-2,Chapter 6 Identify,"6.5 Frozen application, target refit and the intended-use boundary",Lipid medicine,"Which statement in this section is least well supported, and what would you change?",Medium,New (generic probe),"Name the weakest clause first, concede, then state the bounded version.",Section 6.5,List the two weakest clauses; draft a one-sentence concession for each.,,not rehearsed
G-6.5-3,Chapter 6 Identify,"6.5 Frozen application, target refit and the intended-use boundary",Lipid medicine,"Which source or number in this section would you defend under challenge, and where does it come from?",Medium,New (generic probe),"Give the number, its frame and its tier; name the table it lives in.",Section 6.5,Verify each number against its table; confirm DOI status in Appendix 2 of the spoken document.,,not rehearsed
G-6.6-1,Chapter 6 Identify,6.6 Pretreatment reconstruction as a measurement model,Biostatistics,"What does this section establish that the preceding section did not, and which single sentence carries the claim?",Medium,New (generic probe),"Identify the load-bearing sentence and its source (publication, manuscript, THESIS-AN package or decision).",Section 6.6,Re-read the section; underline the one load-bearing sentence; write its source and tier on the numbers card.,,not rehearsed
G-6.6-2,Chapter 6 Identify,6.6 Pretreatment reconstruction as a measurement model,Biostatistics,"Which statement in this section is least well supported, and what would you change?",Medium,New (generic probe),"Name the weakest clause first, concede, then state the bounded version.",Section 6.6,List the two weakest clauses; draft a one-sentence concession for each.,,not rehearsed
G-6.6-3,Chapter 6 Identify,6.6 Pretreatment reconstruction as a measurement model,Biostatistics,"Which source or number in this section would you defend under challenge, and where does it come from?",Medium,New (generic probe),"Give the number, its frame and its tier; name the table it lives in.",Section 6.6,Verify each number against its table; confirm DOI status in Appendix 2 of the spoken document.,,not rehearsed
G-6.7-1,Chapter 6 Identify,"6.7 Calibration, workload and clinical utility",Biostatistics,"What does this section establish that the preceding section did not, and which single sentence carries the claim?",Medium,New (generic probe),"Identify the load-bearing sentence and its source (publication, manuscript, THESIS-AN package or decision).",Section 6.7,Re-read the section; underline the one load-bearing sentence; write its source and tier on the numbers card.,,not rehearsed
G-6.7-2,Chapter 6 Identify,"6.7 Calibration, workload and clinical utility",Biostatistics,"Which statement in this section is least well supported, and what would you change?",Medium,New (generic probe),"Name the weakest clause first, concede, then state the bounded version.",Section 6.7,List the two weakest clauses; draft a one-sentence concession for each.,,not rehearsed
G-6.7-3,Chapter 6 Identify,"6.7 Calibration, workload and clinical utility",Biostatistics,"Which source or number in this section would you defend under challenge, and where does it come from?",Medium,New (generic probe),"Give the number, its frame and its tier; name the table it lives in.",Section 6.7,Verify each number against its table; confirm DOI status in Appendix 2 of the spoken document.,,not rehearsed
G-6.8-1,Chapter 6 Identify,"6.8 Reporting appraisal, limitations and validation gates",Biostatistics,"What does this section establish that the preceding section did not, and which single sentence carries the claim?",Medium,New (generic probe),"Identify the load-bearing sentence and its source (publication, manuscript, THESIS-AN package or decision).",Section 6.8,Re-read the section; underline the one load-bearing sentence; write its source and tier on the numbers card.,,not rehearsed
G-6.8-2,Chapter 6 Identify,"6.8 Reporting appraisal, limitations and validation gates",Biostatistics,"Which statement in this section is least well supported, and what would you change?",Medium,New (generic probe),"Name the weakest clause first, concede, then state the bounded version.",Section 6.8,List the two weakest clauses; draft a one-sentence concession for each.,,not rehearsed
G-6.8-3,Chapter 6 Identify,"6.8 Reporting appraisal, limitations and validation gates",Biostatistics,"Which source or number in this section would you defend under challenge, and where does it come from?",Medium,New (generic probe),"Give the number, its frame and its tier; name the table it lives in.",Section 6.8,Verify each number against its table; confirm DOI status in Appendix 2 of the spoken document.,,not rehearsed
G-6.9-1,Chapter 6 Identify,6.9 Contribution and transition to prediction,Lipid medicine,"What does this section establish that the preceding section did not, and which single sentence carries the claim?",Medium,New (generic probe),"Identify the load-bearing sentence and its source (publication, manuscript, THESIS-AN package or decision).",Section 6.9,Re-read the section; underline the one load-bearing sentence; write its source and tier on the numbers card.,,not rehearsed
G-6.9-2,Chapter 6 Identify,6.9 Contribution and transition to prediction,Lipid medicine,"Which statement in this section is least well supported, and what would you change?",Medium,New (generic probe),"Name the weakest clause first, concede, then state the bounded version.",Section 6.9,List the two weakest clauses; draft a one-sentence concession for each.,,not rehearsed
G-6.9-3,Chapter 6 Identify,6.9 Contribution and transition to prediction,Lipid medicine,"Which source or number in this section would you defend under challenge, and where does it come from?",Medium,New (generic probe),"Give the number, its frame and its tier; name the table it lives in.",Section 6.9,Verify each number against its table; confirm DOI status in Appendix 2 of the spoken document.,,not rehearsed
G-H1-Chapter6Iden,Chapter 6 Identify,Chapter 6 — Identify: can carriers be found after treatment?,All,State the question this chapter answers and the one number that answers it.,Medium,"Spoken document, chapter answer sub-section","Chapter answer paragraph (Sections 4.10, 5.7, 6.9, 7.15, 8.1).",Chapter answer paragraph,Memorise the chapter answer verbatim.,,not rehearsed
S-6.1a,Chapter 6 Identify,Section 6.1,Lipid medicine,"What is the contemporary identification question, and how does it differ from Simon Broome's?",Medium,MD_THESIS_VIVA_FULL_QA_SPOKEN 6.1a,See spoken answer,Thesis section named in the answer; numbers card,Rehearse aloud with cues; time under 90 s,,not rehearsed
S-6.1b,Chapter 6 Identify,Section 6.1,Lipid medicine,Quantify the failure of a single LDL-C gate.,Medium,MD_THESIS_VIVA_FULL_QA_SPOKEN 6.1b,See spoken answer,Thesis section named in the answer; numbers card,Rehearse aloud with cues; time under 90 s,,not rehearsed
S-6.1c,Chapter 6 Identify,Section 6.1,Lipid medicine,What would weaken the chapter's hypothesis?,Medium,MD_THESIS_VIVA_FULL_QA_SPOKEN 6.1c,See spoken answer,Thesis section named in the answer; numbers card,Rehearse aloud with cues; time under 90 s,,not rehearsed
S-6.2a,Chapter 6 Identify,Section 6.2,Lipid medicine,Specify TUDOR exactly.,Medium,MD_THESIS_VIVA_FULL_QA_SPOKEN 6.2a,See spoken answer,Thesis section named in the answer; numbers card,Rehearse aloud with cues; time under 90 s,,not rehearsed
S-6.2d,Chapter 6 Identify,Section 6.2,Lipid medicine,Name the evaluation frames and say why they cannot be merged.,Medium,MD_THESIS_VIVA_FULL_QA_SPOKEN 6.2d,See spoken answer,Thesis section named in the answer; numbers card,Rehearse aloud with cues; time under 90 s,,not rehearsed
S-6.3a,Chapter 6 Identify,Section 6.3,Lipid medicine,The result.,Medium,MD_THESIS_VIVA_FULL_QA_SPOKEN 6.3a,See spoken answer,Thesis section named in the answer; numbers card,Rehearse aloud with cues; time under 90 s,,not rehearsed
S-6.3b,Chapter 6 Identify,Section 6.3,Lipid medicine,"What does that ordering answer, and what does it not?",Medium,MD_THESIS_VIVA_FULL_QA_SPOKEN 6.3b,See spoken answer,Thesis section named in the answer; numbers card,Rehearse aloud with cues; time under 90 s,,not rehearsed
S-6.3d,Chapter 6 Identify,Section 6.3,Lipid medicine,Does TUDOR beat pretreatment LDL-C alone?,Medium,MD_THESIS_VIVA_FULL_QA_SPOKEN 6.3d,See spoken answer,Thesis section named in the answer; numbers card,Rehearse aloud with cues; time under 90 s,,not rehearsed
S-6.4c,Chapter 6 Identify,Section 6.4,Lipid medicine,Was TUDOR compared with the Welsh service's own criteria?,Medium,MD_THESIS_VIVA_FULL_QA_SPOKEN 6.4c,See spoken answer,Thesis section named in the answer; numbers card,Rehearse aloud with cues; time under 90 s,,not rehearsed
S-6.4d,Chapter 6 Identify,Section 6.4,Genetic medicine,Can you partition TUDOR's advantage into treatment-awareness and route?,Medium,MD_THESIS_VIVA_FULL_QA_SPOKEN 6.4d,See spoken answer,Thesis section named in the answer; numbers card,Rehearse aloud with cues; time under 90 s,,not rehearsed
S-6.5a,Chapter 6 Identify,Section 6.5,Lipid medicine,"Transport ladder, in numbers.",Medium,MD_THESIS_VIVA_FULL_QA_SPOKEN 6.5a,See spoken answer,Thesis section named in the answer; numbers card,Rehearse aloud with cues; time under 90 s,,not rehearsed
S-6.5d,Chapter 6 Identify,Section 6.5,Lipid medicine,What does 0.631 mean?,Medium,MD_THESIS_VIVA_FULL_QA_SPOKEN 6.5d,See spoken answer,Thesis section named in the answer; numbers card,Rehearse aloud with cues; time under 90 s,,not rehearsed
S-6.5e,Chapter 6 Identify,Section 6.5,Lipid medicine,Subgroups?,Medium,MD_THESIS_VIVA_FULL_QA_SPOKEN 6.5e,See spoken answer,Thesis section named in the answer; numbers card,Rehearse aloud with cues; time under 90 s,,not rehearsed
S-6.6a,Chapter 6 Identify,Section 6.6,Biostatistics,How large is the reconstruction error?,Medium,MD_THESIS_VIVA_FULL_QA_SPOKEN 6.6a,See spoken answer,Thesis section named in the answer; numbers card,Rehearse aloud with cues; time under 90 s,,not rehearsed
S-6.6b,Chapter 6 Identify,Section 6.6,Biostatistics,Why did the AUC not move across reconstruction methods?,Medium,MD_THESIS_VIVA_FULL_QA_SPOKEN 6.6b,See spoken answer,Thesis section named in the answer; numbers card,Rehearse aloud with cues; time under 90 s,,not rehearsed
S-6.6c,Chapter 6 Identify,Section 6.6,Lipid medicine,The clinical boundary of a TUDOR score?,Medium,MD_THESIS_VIVA_FULL_QA_SPOKEN 6.6c,See spoken answer,Thesis section named in the answer; numbers card,Rehearse aloud with cues; time under 90 s,,not rehearsed
S-6.7b,Chapter 6 Identify,Section 6.7,Lipid medicine,The operating points.,Medium,MD_THESIS_VIVA_FULL_QA_SPOKEN 6.7b,See spoken answer,Thesis section named in the answer; numbers card,Rehearse aloud with cues; time under 90 s,,not rehearsed
S-6.7c,Chapter 6 Identify,Section 6.7,Lipid medicine,Why do numbers needed to screen differ tenfold?,Medium,MD_THESIS_VIVA_FULL_QA_SPOKEN 6.7c,See spoken answer,Thesis section named in the answer; numbers card,Rehearse aloud with cues; time under 90 s,,not rehearsed
S-6.7d,Chapter 6 Identify,Section 6.7,Biostatistics,Why no decision curve for TUDOR?,Medium,MD_THESIS_VIVA_FULL_QA_SPOKEN 6.7d,See spoken answer,Thesis section named in the answer; numbers card,Rehearse aloud with cues; time under 90 s,,not rehearsed
S-6.8b,Chapter 6 Identify,Section 6.8,Lipid medicine,What blocks independent deployment?,Medium,MD_THESIS_VIVA_FULL_QA_SPOKEN 6.8b,See spoken answer,Thesis section named in the answer; numbers card,Rehearse aloud with cues; time under 90 s,,not rehearsed
S-6.8c,Chapter 6 Identify,Section 6.8,Biostatistics,"The next validation stage, in order.",Medium,MD_THESIS_VIVA_FULL_QA_SPOKEN 6.8c,See spoken answer,Thesis section named in the answer; numbers card,Rehearse aloud with cues; time under 90 s,,not rehearsed
S-6.9a,Chapter 6 Identify,Section 6.9,Lipid medicine,State the answer to the treatment part.,Medium,MD_THESIS_VIVA_FULL_QA_SPOKEN 6.9a,See spoken answer,Thesis section named in the answer; numbers card,Rehearse aloud with cues; time under 90 s,,not rehearsed
T-Box6.1.-1,Chapter 6 Identify,Box 6.1.: TUDOR model card: published description and evaluated object,Biostatistics,"Walk me through Box 6.1. row by row: denominators, units, interval convention, genetic frame and tier.",Medium,New (display probe),Read each row with its frame; never merge denominators across rows; name the source manuscript or package.,Box 6.1.,Practise a 90-second narration of the display; mark any row whose value differs from the chapter text (see corrections list).,,not rehearsed
T-Box6.1.-2,Chapter 6 Identify,Box 6.1.: TUDOR model card: published description and evaluated object,Lipid medicine,"Which row of Box 6.1. would a critic attack first, and how do you answer?",Medium,New (display probe),"Pick the weakest row, concede its limit (tier, events, convention) and state what would remove it.",Box 6.1.,Write the weakest row and its concession on the numbers card.,,not rehearsed
T-Figure6.1.-1,Chapter 6 Identify,Figure 6.1.: TUDOR discrimination: head-to-head comparison and evaluation states (T,All,"Describe Figure 6.1. without looking at it: axes, groups, what the caption excludes, and the message in one sentence.",Medium,New (display probe),"State what is drawn, what is deliberately not drawn on the same axis, and what the figure cannot show.",Figure 6.1.,Sketch the figure from memory once; check the caption exclusions (e.g. constructs not on the same ladder).,,not rehearsed
T-Table6.1.-1,Chapter 6 Identify,Table 6.1.: TUDOR cohort and model-state roles,Biostatistics,"Walk me through Table 6.1. row by row: denominators, units, interval convention, genetic frame and tier.",Medium,New (display probe),Read each row with its frame; never merge denominators across rows; name the source manuscript or package.,Table 6.1.,Practise a 90-second narration of the display; mark any row whose value differs from the chapter text (see corrections list).,,not rehearsed
T-Table6.1.-2,Chapter 6 Identify,Table 6.1.: TUDOR cohort and model-state roles,Lipid medicine,"Which row of Table 6.1. would a critic attack first, and how do you answer?",Medium,New (display probe),"Pick the weakest row, concede its limit (tier, events, convention) and state what would remove it.",Table 6.1.,Write the weakest row and its concession on the numbers card.,,not rehearsed
T-Table6.2.-1,Chapter 6 Identify,Table 6.2.: Discrimination in the Welsh complete-case head-to-head cohort,Biostatistics,"Walk me through Table 6.2. row by row: denominators, units, interval convention, genetic frame and tier.",Medium,New (display probe),Read each row with its frame; never merge denominators across rows; name the source manuscript or package.,Table 6.2.,Practise a 90-second narration of the display; mark any row whose value differs from the chapter text (see corrections list).,,not rehearsed
T-Table6.2.-2,Chapter 6 Identify,Table 6.2.: Discrimination in the Welsh complete-case head-to-head cohort,Lipid medicine,"Which row of Table 6.2. would a critic attack first, and how do you answer?",Medium,New (display probe),"Pick the weakest row, concede its limit (tier, events, convention) and state what would remove it.",Table 6.2.,Write the weakest row and its concession on the numbers card.,,not rehearsed
T-Table6.3.-1,Chapter 6 Identify,Table 6.3.: TUDOR discrimination across evaluation states,Biostatistics,"Walk me through Table 6.3. row by row: denominators, units, interval convention, genetic frame and tier.",Medium,New (display probe),Read each row with its frame; never merge denominators across rows; name the source manuscript or package.,Table 6.3.,Practise a 90-second narration of the display; mark any row whose value differs from the chapter text (see corrections list).,,not rehearsed
T-Table6.3.-2,Chapter 6 Identify,Table 6.3.: TUDOR discrimination across evaluation states,Lipid medicine,"Which row of Table 6.3. would a critic attack first, and how do you answer?",Medium,New (display probe),"Pick the weakest row, concede its limit (tier, events, convention) and state what would remove it.",Table 6.3.,Write the weakest row and its concession on the numbers card.,,not rehearsed
T-Table6.4.-1,Chapter 6 Identify,"Table 6.4.: Retrospective operating-point analysis in the local 43,594/652 sensiti",Biostatistics,"Walk me through Table 6.4. row by row: denominators, units, interval convention, genetic frame and tier.",Medium,New (display probe),Read each row with its frame; never merge denominators across rows; name the source manuscript or package.,Table 6.4.,Practise a 90-second narration of the display; mark any row whose value differs from the chapter text (see corrections list).,,not rehearsed
T-Table6.4.-2,Chapter 6 Identify,"Table 6.4.: Retrospective operating-point analysis in the local 43,594/652 sensiti",Lipid medicine,"Which row of Table 6.4. would a critic attack first, and how do you answer?",Medium,New (display probe),"Pick the weakest row, concede its limit (tier, events, convention) and state what would remove it.",Table 6.4.,Write the weakest row and its concession on the numbers card.,,not rehearsed
T-Table6.5.-1,Chapter 6 Identify,Table 6.5.: Narrative risk-of-bias considerations for TUDOR; not a completed PROBA,Biostatistics,"Walk me through Table 6.5. row by row: denominators, units, interval convention, genetic frame and tier.",Medium,New (display probe),Read each row with its frame; never merge denominators across rows; name the source manuscript or package.,Table 6.5.,Practise a 90-second narration of the display; mark any row whose value differs from the chapter text (see corrections list).,,not rehearsed
T-Table6.5.-2,Chapter 6 Identify,Table 6.5.: Narrative risk-of-bias considerations for TUDOR; not a completed PROBA,Lipid medicine,"Which row of Table 6.5. would a critic attack first, and how do you answer?",Medium,New (display probe),"Pick the weakest row, concede its limit (tier, events, convention) and state what would remove it.",Table 6.5.,Write the weakest row and its concession on the numbers card.,,not rehearsed
A-Q7.2,Chapter 7 Predict,Section 7.x,Lipid medicine,"""Prespecified ... after the CALON-5 results were known."" That is a contradiction. Which is it?",High,MD_THESIS_ANNUAL_REVIEW_VIVA_QA Q7.2,See annual-review answer,As cited in that answer,Cross-check against the spoken version; keep one wording,,not rehearsed
A-Q7.6,Chapter 7 Predict,Section 7.x,Biostatistics,The reconstruction equation has R-squared 0.0975 and a slope of 0.33. Why is that acceptable?,High,MD_THESIS_ANNUAL_REVIEW_VIVA_QA Q7.6,See annual-review answer,As cited in that answer,Cross-check against the spoken version; keep one wording,,not rehearsed
S-7.11c,Chapter 7 Predict,Section 7.11,Lipid medicine,The size of a decisive study.,High,MD_THESIS_VIVA_FULL_QA_SPOKEN 7.11c,See spoken answer,Thesis section named in the answer; numbers card,Rehearse aloud with cues; time under 90 s,,not rehearsed
S-7.12a,Chapter 7 Predict,Section 7.12,Lipid medicine,Do they show utility?,High,MD_THESIS_VIVA_FULL_QA_SPOKEN 7.12a,See spoken answer,Thesis section named in the answer; numbers card,Rehearse aloud with cues; time under 90 s,,not rehearsed
S-7.1c,Chapter 7 Predict,Section 7.1,Biostatistics,"You call both models high risk of bias on your own appraisal. Why, in four points?",High,MD_THESIS_VIVA_FULL_QA_SPOKEN 7.1c,See spoken answer,Thesis section named in the answer; numbers card,Rehearse aloud with cues; time under 90 s,,not rehearsed
S-7.2c,Chapter 7 Predict,Section 7.2,Lipid medicine,R-squared of 0.0975 and a slope of 0.33. Defend using it.,High,MD_THESIS_VIVA_FULL_QA_SPOKEN 7.2c,See spoken answer,Thesis section named in the answer; numbers card,Rehearse aloud with cues; time under 90 s,,not rehearsed
S-7.2e,Chapter 7 Predict,Section 7.2,Lipid medicine,"""Prespecified after the results were known"" is a contradiction.",High,MD_THESIS_VIVA_FULL_QA_SPOKEN 7.2e,See spoken answer,Thesis section named in the answer; numbers card,Rehearse aloud with cues; time under 90 s,,not rehearsed
S-7.3a,Chapter 7 Predict,Section 7.3,Lipid medicine,"Events per parameter, both directions.",High,MD_THESIS_VIVA_FULL_QA_SPOKEN 7.3a,See spoken answer,Thesis section named in the answer; numbers card,Rehearse aloud with cues; time under 90 s,,not rehearsed
S-7.3b,Chapter 7 Predict,Section 7.3,Biostatistics,"Why is this ""cross-cohort evaluation"" and not external validation?",High,MD_THESIS_VIVA_FULL_QA_SPOKEN 7.3b,See spoken answer,Thesis section named in the answer; numbers card,Rehearse aloud with cues; time under 90 s,,not rehearsed
S-7.4b,Chapter 7 Predict,Section 7.4,Biostatistics,"Why is the registry complete-case set not missing at random, and what did you do?",High,MD_THESIS_VIVA_FULL_QA_SPOKEN 7.4b,See spoken answer,Thesis section named in the answer; numbers card,Rehearse aloud with cues; time under 90 s,,not rehearsed
S-7.5b,Chapter 7 Predict,Section 7.5,Lipid medicine,How much is age and sex?,High,MD_THESIS_VIVA_FULL_QA_SPOKEN 7.5b,See spoken answer,Thesis section named in the answer; numbers card,Rehearse aloud with cues; time under 90 s,,not rehearsed
S-7.6a,Chapter 7 Predict,Section 7.6,Lipid medicine,The headline.,High,MD_THESIS_VIVA_FULL_QA_SPOKEN 7.6a,See spoken answer,Thesis section named in the answer; numbers card,Rehearse aloud with cues; time under 90 s,,not rehearsed
S-7.7b,Chapter 7 Predict,Section 7.7,Lipid medicine,Its weakness?,High,MD_THESIS_VIVA_FULL_QA_SPOKEN 7.7b,See spoken answer,Thesis section named in the answer; numbers card,Rehearse aloud with cues; time under 90 s,,not rehearsed
S-7.8b,Chapter 7 Predict,Section 7.8,Lipid medicine,The results.,High,MD_THESIS_VIVA_FULL_QA_SPOKEN 7.8b,See spoken answer,Thesis section named in the answer; numbers card,Rehearse aloud with cues; time under 90 s,,not rehearsed
A-Q7.1,Chapter 7 Predict,Section 7.x,Biostatistics,Describe the two models and why neither is primary.,Medium,MD_THESIS_ANNUAL_REVIEW_VIVA_QA Q7.1,See annual-review answer,As cited in that answer,Cross-check against the spoken version; keep one wording,,not rehearsed
A-Q7.10,Chapter 7 Predict,Section 7.x,Lipid medicine,What is the size of a decisive study?,Medium,MD_THESIS_ANNUAL_REVIEW_VIVA_QA Q7.10,See annual-review answer,As cited in that answer,Cross-check against the spoken version; keep one wording,,not rehearsed
A-Q7.11,Chapter 7 Predict,Section 7.x,Biostatistics,Do the decision curves show utility?,Medium,MD_THESIS_ANNUAL_REVIEW_VIVA_QA Q7.11,See annual-review answer,As cited in that answer,Cross-check against the spoken version; keep one wording,,not rehearsed
A-Q7.12,Chapter 7 Predict,Section 7.x,Lipid medicine,Section 7.7 is the most clinically striking result. What is its weakness?,Medium,MD_THESIS_ANNUAL_REVIEW_VIVA_QA Q7.12,See annual-review answer,As cited in that answer,Cross-check against the spoken version; keep one wording,,not rehearsed
A-Q7.13,Chapter 7 Predict,Section 7.x,Lipid medicine,Goal attainment was almost nil. Is that a data artefact?,Medium,MD_THESIS_ANNUAL_REVIEW_VIVA_QA Q7.13,See annual-review answer,As cited in that answer,Cross-check against the spoken version; keep one wording,,not rehearsed
A-Q7.14,Chapter 7 Predict,Section 7.x,Lipid medicine,Effect modification by sex or age?,Medium,MD_THESIS_ANNUAL_REVIEW_VIVA_QA Q7.14,See annual-review answer,As cited in that answer,Cross-check against the spoken version; keep one wording,,not rehearsed
A-Q7.15,Chapter 7 Predict,Section 7.x,Lipid medicine,What is CALON-C and why is it in an appendix?,Medium,MD_THESIS_ANNUAL_REVIEW_VIVA_QA Q7.15,See annual-review answer,As cited in that answer,Cross-check against the spoken version; keep one wording,,not rehearsed
A-Q7.3,Chapter 7 Predict,Section 7.x,Lipid medicine,Twenty-eight events. Why report the registry fit at all?,Medium,MD_THESIS_ANNUAL_REVIEW_VIVA_QA Q7.3,See annual-review answer,As cited in that answer,Cross-check against the spoken version; keep one wording,,not rehearsed
A-Q7.4,Chapter 7 Predict,Section 7.x,Biostatistics,"Give me the discrimination and calibration headline, then the mechanism.",Medium,MD_THESIS_ANNUAL_REVIEW_VIVA_QA Q7.4,See annual-review answer,As cited in that answer,Cross-check against the spoken version; keep one wording,,not rehearsed
A-Q7.5,Chapter 7 Predict,Section 7.x,Lipid medicine,How much of the ranking is just age and sex?,Medium,MD_THESIS_ANNUAL_REVIEW_VIVA_QA Q7.5,See annual-review answer,As cited in that answer,Cross-check against the spoken version; keep one wording,,not rehearsed
A-Q7.7,Chapter 7 Predict,Section 7.x,Biostatistics,Missingness in the registry was informative. What did you do?,Medium,MD_THESIS_ANNUAL_REVIEW_VIVA_QA Q7.7,See annual-review answer,As cited in that answer,Cross-check against the spoken version; keep one wording,,not rehearsed
A-Q7.8,Chapter 7 Predict,Section 7.x,Lipid medicine,Registry event times come from recorded ages and censoring is heavy. How much does that undermine the ten-year estimates?,Medium,MD_THESIS_ANNUAL_REVIEW_VIVA_QA Q7.8,See annual-review answer,As cited in that answer,Cross-check against the spoken version; keep one wording,,not rehearsed
A-Q7.9,Chapter 7 Predict,Section 7.x,Lipid medicine,Did CALON-5 beat the published FH scores?,Medium,MD_THESIS_ANNUAL_REVIEW_VIVA_QA Q7.9,See annual-review answer,As cited in that answer,Cross-check against the spoken version; keep one wording,,not rehearsed
G-7.1-1,Chapter 7 Predict,7.1 The part of the question this chapter answers,Lipid medicine,"What does this section establish that the preceding section did not, and which single sentence carries the claim?",Medium,New (generic probe),"Identify the load-bearing sentence and its source (publication, manuscript, THESIS-AN package or decision).",Section 7.1,Re-read the section; underline the one load-bearing sentence; write its source and tier on the numbers card.,,not rehearsed
G-7.1-2,Chapter 7 Predict,7.1 The part of the question this chapter answers,Lipid medicine,"Which statement in this section is least well supported, and what would you change?",Medium,New (generic probe),"Name the weakest clause first, concede, then state the bounded version.",Section 7.1,List the two weakest clauses; draft a one-sentence concession for each.,,not rehearsed
G-7.1-3,Chapter 7 Predict,7.1 The part of the question this chapter answers,Lipid medicine,"Which source or number in this section would you defend under challenge, and where does it come from?",Medium,New (generic probe),"Give the number, its frame and its tier; name the table it lives in.",Section 7.1,Verify each number against its table; confirm DOI status in Appendix 2 of the spoken document.,,not rehearsed
G-7.10-1,Chapter 7 Predict,7.10 Treatment reconstruction and measurement error,Biostatistics,"What does this section establish that the preceding section did not, and which single sentence carries the claim?",Medium,New (generic probe),"Identify the load-bearing sentence and its source (publication, manuscript, THESIS-AN package or decision).",Section 7.10,Re-read the section; underline the one load-bearing sentence; write its source and tier on the numbers card.,,not rehearsed
G-7.10-2,Chapter 7 Predict,7.10 Treatment reconstruction and measurement error,Biostatistics,"Which statement in this section is least well supported, and what would you change?",Medium,New (generic probe),"Name the weakest clause first, concede, then state the bounded version.",Section 7.10,List the two weakest clauses; draft a one-sentence concession for each.,,not rehearsed
G-7.10-3,Chapter 7 Predict,7.10 Treatment reconstruction and measurement error,Biostatistics,"Which source or number in this section would you defend under challenge, and where does it come from?",Medium,New (generic probe),"Give the number, its frame and its tier; name the table it lives in.",Section 7.10,Verify each number against its table; confirm DOI status in Appendix 2 of the spoken document.,,not rehearsed
G-7.11-1,Chapter 7 Predict,"7.11 Calculability, precision and the size of a decisive study",Biostatistics,"What does this section establish that the preceding section did not, and which single sentence carries the claim?",Medium,New (generic probe),"Identify the load-bearing sentence and its source (publication, manuscript, THESIS-AN package or decision).",Section 7.11,Re-read the section; underline the one load-bearing sentence; write its source and tier on the numbers card.,,not rehearsed
G-7.11-2,Chapter 7 Predict,"7.11 Calculability, precision and the size of a decisive study",Biostatistics,"Which statement in this section is least well supported, and what would you change?",Medium,New (generic probe),"Name the weakest clause first, concede, then state the bounded version.",Section 7.11,List the two weakest clauses; draft a one-sentence concession for each.,,not rehearsed
G-7.11-3,Chapter 7 Predict,"7.11 Calculability, precision and the size of a decisive study",Biostatistics,"Which source or number in this section would you defend under challenge, and where does it come from?",Medium,New (generic probe),"Give the number, its frame and its tier; name the table it lives in.",Section 7.11,Verify each number against its table; confirm DOI status in Appendix 2 of the spoken document.,,not rehearsed
G-7.12-1,Chapter 7 Predict,7.12 Decision curves and the boundary on clinical use,Biostatistics,"What does this section establish that the preceding section did not, and which single sentence carries the claim?",Medium,New (generic probe),"Identify the load-bearing sentence and its source (publication, manuscript, THESIS-AN package or decision).",Section 7.12,Re-read the section; underline the one load-bearing sentence; write its source and tier on the numbers card.,,not rehearsed
G-7.12-2,Chapter 7 Predict,7.12 Decision curves and the boundary on clinical use,Biostatistics,"Which statement in this section is least well supported, and what would you change?",Medium,New (generic probe),"Name the weakest clause first, concede, then state the bounded version.",Section 7.12,List the two weakest clauses; draft a one-sentence concession for each.,,not rehearsed
G-7.12-3,Chapter 7 Predict,7.12 Decision curves and the boundary on clinical use,Biostatistics,"Which source or number in this section would you defend under challenge, and where does it come from?",Medium,New (generic probe),"Give the number, its frame and its tier; name the table it lives in.",Section 7.12,Verify each number against its table; confirm DOI status in Appendix 2 of the spoken document.,,not rehearsed
G-7.13-1,Chapter 7 Predict,7.13 Effect modification,Lipid medicine,"What does this section establish that the preceding section did not, and which single sentence carries the claim?",Medium,New (generic probe),"Identify the load-bearing sentence and its source (publication, manuscript, THESIS-AN package or decision).",Section 7.13,Re-read the section; underline the one load-bearing sentence; write its source and tier on the numbers card.,,not rehearsed
G-7.13-2,Chapter 7 Predict,7.13 Effect modification,Lipid medicine,"Which statement in this section is least well supported, and what would you change?",Medium,New (generic probe),"Name the weakest clause first, concede, then state the bounded version.",Section 7.13,List the two weakest clauses; draft a one-sentence concession for each.,,not rehearsed
G-7.13-3,Chapter 7 Predict,7.13 Effect modification,Lipid medicine,"Which source or number in this section would you defend under challenge, and where does it come from?",Medium,New (generic probe),"Give the number, its frame and its tier; name the table it lives in.",Section 7.13,Verify each number against its table; confirm DOI status in Appendix 2 of the spoken document.,,not rehearsed
G-7.14-1,Chapter 7 Predict,7.14 The CALON-C lineage,Lipid medicine,"What does this section establish that the preceding section did not, and which single sentence carries the claim?",Medium,New (generic probe),"Identify the load-bearing sentence and its source (publication, manuscript, THESIS-AN package or decision).",Section 7.14,Re-read the section; underline the one load-bearing sentence; write its source and tier on the numbers card.,,not rehearsed
G-7.14-2,Chapter 7 Predict,7.14 The CALON-C lineage,Lipid medicine,"Which statement in this section is least well supported, and what would you change?",Medium,New (generic probe),"Name the weakest clause first, concede, then state the bounded version.",Section 7.14,List the two weakest clauses; draft a one-sentence concession for each.,,not rehearsed
G-7.14-3,Chapter 7 Predict,7.14 The CALON-C lineage,Lipid medicine,"Which source or number in this section would you defend under challenge, and where does it come from?",Medium,New (generic probe),"Give the number, its frame and its tier; name the table it lives in.",Section 7.14,Verify each number against its table; confirm DOI status in Appendix 2 of the spoken document.,,not rehearsed
G-7.15-1,Chapter 7 Predict,7.15 Answer to the cohort part of the question,Lipid medicine,"What does this section establish that the preceding section did not, and which single sentence carries the claim?",Medium,New (generic probe),"Identify the load-bearing sentence and its source (publication, manuscript, THESIS-AN package or decision).",Section 7.15,Re-read the section; underline the one load-bearing sentence; write its source and tier on the numbers card.,,not rehearsed
G-7.15-2,Chapter 7 Predict,7.15 Answer to the cohort part of the question,Lipid medicine,"Which statement in this section is least well supported, and what would you change?",Medium,New (generic probe),"Name the weakest clause first, concede, then state the bounded version.",Section 7.15,List the two weakest clauses; draft a one-sentence concession for each.,,not rehearsed
G-7.15-3,Chapter 7 Predict,7.15 Answer to the cohort part of the question,Lipid medicine,"Which source or number in this section would you defend under challenge, and where does it come from?",Medium,New (generic probe),"Give the number, its frame and its tier; name the table it lives in.",Section 7.15,Verify each number against its table; confirm DOI status in Appendix 2 of the spoken document.,,not rehearsed
G-7.2-1,Chapter 7 Predict,"7.2 Model identities, lineage and intended setting",Biostatistics,"What does this section establish that the preceding section did not, and which single sentence carries the claim?",Medium,New (generic probe),"Identify the load-bearing sentence and its source (publication, manuscript, THESIS-AN package or decision).",Section 7.2,Re-read the section; underline the one load-bearing sentence; write its source and tier on the numbers card.,,not rehearsed
G-7.2-2,Chapter 7 Predict,"7.2 Model identities, lineage and intended setting",Biostatistics,"Which statement in this section is least well supported, and what would you change?",Medium,New (generic probe),"Name the weakest clause first, concede, then state the bounded version.",Section 7.2,List the two weakest clauses; draft a one-sentence concession for each.,,not rehearsed
G-7.2-3,Chapter 7 Predict,"7.2 Model identities, lineage and intended setting",Biostatistics,"Which source or number in this section would you defend under challenge, and where does it come from?",Medium,New (generic probe),"Give the number, its frame and its tier; name the table it lives in.",Section 7.2,Verify each number against its table; confirm DOI status in Appendix 2 of the spoken document.,,not rehearsed
G-7.3-1,Chapter 7 Predict,7.3 Development and internal validation,Biostatistics,"What does this section establish that the preceding section did not, and which single sentence carries the claim?",Medium,New (generic probe),"Identify the load-bearing sentence and its source (publication, manuscript, THESIS-AN package or decision).",Section 7.3,Re-read the section; underline the one load-bearing sentence; write its source and tier on the numbers card.,,not rehearsed
G-7.3-2,Chapter 7 Predict,7.3 Development and internal validation,Biostatistics,"Which statement in this section is least well supported, and what would you change?",Medium,New (generic probe),"Name the weakest clause first, concede, then state the bounded version.",Section 7.3,List the two weakest clauses; draft a one-sentence concession for each.,,not rehearsed
G-7.3-3,Chapter 7 Predict,7.3 Development and internal validation,Biostatistics,"Which source or number in this section would you defend under challenge, and where does it come from?",Medium,New (generic probe),"Give the number, its frame and its tier; name the table it lives in.",Section 7.3,Verify each number against its table; confirm DOI status in Appendix 2 of the spoken document.,,not rehearsed
G-7.4-1,Chapter 7 Predict,"7.4 Cohorts, flow and missingness",Biostatistics,"What does this section establish that the preceding section did not, and which single sentence carries the claim?",Medium,New (generic probe),"Identify the load-bearing sentence and its source (publication, manuscript, THESIS-AN package or decision).",Section 7.4,Re-read the section; underline the one load-bearing sentence; write its source and tier on the numbers card.,,not rehearsed
G-7.4-2,Chapter 7 Predict,"7.4 Cohorts, flow and missingness",Biostatistics,"Which statement in this section is least well supported, and what would you change?",Medium,New (generic probe),"Name the weakest clause first, concede, then state the bounded version.",Section 7.4,List the two weakest clauses; draft a one-sentence concession for each.,,not rehearsed
G-7.4-3,Chapter 7 Predict,"7.4 Cohorts, flow and missingness",Biostatistics,"Which source or number in this section would you defend under challenge, and where does it come from?",Medium,New (generic probe),"Give the number, its frame and its tier; name the table it lives in.",Section 7.4,Verify each number against its table; confirm DOI status in Appendix 2 of the spoken document.,,not rehearsed
G-7.5-1,Chapter 7 Predict,7.5 Discrimination under frozen application,Lipid medicine,"What does this section establish that the preceding section did not, and which single sentence carries the claim?",Medium,New (generic probe),"Identify the load-bearing sentence and its source (publication, manuscript, THESIS-AN package or decision).",Section 7.5,Re-read the section; underline the one load-bearing sentence; write its source and tier on the numbers card.,,not rehearsed
G-7.5-2,Chapter 7 Predict,7.5 Discrimination under frozen application,Lipid medicine,"Which statement in this section is least well supported, and what would you change?",Medium,New (generic probe),"Name the weakest clause first, concede, then state the bounded version.",Section 7.5,List the two weakest clauses; draft a one-sentence concession for each.,,not rehearsed
G-7.5-3,Chapter 7 Predict,7.5 Discrimination under frozen application,Lipid medicine,"Which source or number in this section would you defend under challenge, and where does it come from?",Medium,New (generic probe),"Give the number, its frame and its tier; name the table it lives in.",Section 7.5,Verify each number against its table; confirm DOI status in Appendix 2 of the spoken document.,,not rehearsed
G-7.6-1,Chapter 7 Predict,7.6 Calibration under frozen application and after updating,Biostatistics,"What does this section establish that the preceding section did not, and which single sentence carries the claim?",Medium,New (generic probe),"Identify the load-bearing sentence and its source (publication, manuscript, THESIS-AN package or decision).",Section 7.6,Re-read the section; underline the one load-bearing sentence; write its source and tier on the numbers card.,,not rehearsed
G-7.6-2,Chapter 7 Predict,7.6 Calibration under frozen application and after updating,Biostatistics,"Which statement in this section is least well supported, and what would you change?",Medium,New (generic probe),"Name the weakest clause first, concede, then state the bounded version.",Section 7.6,List the two weakest clauses; draft a one-sentence concession for each.,,not rehearsed
G-7.6-3,Chapter 7 Predict,7.6 Calibration under frozen application and after updating,Biostatistics,"Which source or number in this section would you defend under challenge, and where does it come from?",Medium,New (generic probe),"Give the number, its frame and its tier; name the table it lives in.",Section 7.6,Verify each number against its table; confirm DOI status in Appendix 2 of the spoken document.,,not rehearsed
G-7.7-1,Chapter 7 Predict,7.7 What the recorded value costs guideline grading,Lipid medicine,"What does this section establish that the preceding section did not, and which single sentence carries the claim?",Medium,New (generic probe),"Identify the load-bearing sentence and its source (publication, manuscript, THESIS-AN package or decision).",Section 7.7,Re-read the section; underline the one load-bearing sentence; write its source and tier on the numbers card.,,not rehearsed
G-7.7-2,Chapter 7 Predict,7.7 What the recorded value costs guideline grading,Lipid medicine,"Which statement in this section is least well supported, and what would you change?",Medium,New (generic probe),"Name the weakest clause first, concede, then state the bounded version.",Section 7.7,List the two weakest clauses; draft a one-sentence concession for each.,,not rehearsed
G-7.7-3,Chapter 7 Predict,7.7 What the recorded value costs guideline grading,Lipid medicine,"Which source or number in this section would you defend under challenge, and where does it come from?",Medium,New (generic probe),"Give the number, its frame and its tier; name the table it lives in.",Section 7.7,Verify each number against its table; confirm DOI status in Appendix 2 of the spoken document.,,not rehearsed
G-7.8-1,Chapter 7 Predict,7.8 Comparison with published FH scores,Lipid medicine,"What does this section establish that the preceding section did not, and which single sentence carries the claim?",Medium,New (generic probe),"Identify the load-bearing sentence and its source (publication, manuscript, THESIS-AN package or decision).",Section 7.8,Re-read the section; underline the one load-bearing sentence; write its source and tier on the numbers card.,,not rehearsed
G-7.8-2,Chapter 7 Predict,7.8 Comparison with published FH scores,Lipid medicine,"Which statement in this section is least well supported, and what would you change?",Medium,New (generic probe),"Name the weakest clause first, concede, then state the bounded version.",Section 7.8,List the two weakest clauses; draft a one-sentence concession for each.,,not rehearsed
G-7.8-3,Chapter 7 Predict,7.8 Comparison with published FH scores,Lipid medicine,"Which source or number in this section would you defend under challenge, and where does it come from?",Medium,New (generic probe),"Give the number, its frame and its tier; name the table it lives in.",Section 7.8,Verify each number against its table; confirm DOI status in Appendix 2 of the spoken document.,,not rehearsed
G-7.9-1,Chapter 7 Predict,7.9 Risk enhancers over the model estimate,Biostatistics,"What does this section establish that the preceding section did not, and which single sentence carries the claim?",Medium,New (generic probe),"Identify the load-bearing sentence and its source (publication, manuscript, THESIS-AN package or decision).",Section 7.9,Re-read the section; underline the one load-bearing sentence; write its source and tier on the numbers card.,,not rehearsed
G-7.9-2,Chapter 7 Predict,7.9 Risk enhancers over the model estimate,Biostatistics,"Which statement in this section is least well supported, and what would you change?",Medium,New (generic probe),"Name the weakest clause first, concede, then state the bounded version.",Section 7.9,List the two weakest clauses; draft a one-sentence concession for each.,,not rehearsed
G-7.9-3,Chapter 7 Predict,7.9 Risk enhancers over the model estimate,Biostatistics,"Which source or number in this section would you defend under challenge, and where does it come from?",Medium,New (generic probe),"Give the number, its frame and its tier; name the table it lives in.",Section 7.9,Verify each number against its table; confirm DOI status in Appendix 2 of the spoken document.,,not rehearsed
G-H1-Chapter7Pred,Chapter 7 Predict,Chapter 7 — Predict: does risk ranking survive a change of cohort?,All,State the question this chapter answers and the one number that answers it.,Medium,"Spoken document, chapter answer sub-section","Chapter answer paragraph (Sections 4.10, 5.7, 6.9, 7.15, 8.1).",Chapter answer paragraph,Memorise the chapter answer verbatim.,,not rehearsed
S-7.10a,Chapter 7 Predict,Section 7.10,Biostatistics,Can stable concordance validate the reconstruction?,Medium,MD_THESIS_VIVA_FULL_QA_SPOKEN 7.10a,See spoken answer,Thesis section named in the answer; numbers card,Rehearse aloud with cues; time under 90 s,,not rehearsed
S-7.10b,Chapter 7 Predict,Section 7.10,Lipid medicine,What would be the stronger design?,Medium,MD_THESIS_VIVA_FULL_QA_SPOKEN 7.10b,See spoken answer,Thesis section named in the answer; numbers card,Rehearse aloud with cues; time under 90 s,,not rehearsed
S-7.11a,Chapter 7 Predict,Section 7.11,Lipid medicine,"Why is calculability ""a result in its own right""?",Medium,MD_THESIS_VIVA_FULL_QA_SPOKEN 7.11a,See spoken answer,Thesis section named in the answer; numbers card,Rehearse aloud with cues; time under 90 s,,not rehearsed
S-7.11b,Chapter 7 Predict,Section 7.11,Lipid medicine,"Why not impute SAFEHEART-RE's inputs, as McKay did?",Medium,MD_THESIS_VIVA_FULL_QA_SPOKEN 7.11b,See spoken answer,Thesis section named in the answer; numbers card,Rehearse aloud with cues; time under 90 s,,not rehearsed
S-7.12b,Chapter 7 Predict,Section 7.12,Lipid medicine,What is the credible action in FH?,Medium,MD_THESIS_VIVA_FULL_QA_SPOKEN 7.12b,See spoken answer,Thesis section named in the answer; numbers card,Rehearse aloud with cues; time under 90 s,,not rehearsed
S-7.12c,Chapter 7 Predict,Section 7.12,Lipid medicine,Reclassification against the cut-point?,Medium,MD_THESIS_VIVA_FULL_QA_SPOKEN 7.12c,See spoken answer,Thesis section named in the answer; numbers card,Rehearse aloud with cues; time under 90 s,,not rehearsed
S-7.13a,Chapter 7 Predict,Section 7.13,Lipid medicine,Sex and age?,Medium,MD_THESIS_VIVA_FULL_QA_SPOKEN 7.13a,See spoken answer,Thesis section named in the answer; numbers card,Rehearse aloud with cues; time under 90 s,,not rehearsed
S-7.14a,Chapter 7 Predict,Section 7.14,Lipid medicine,What does CALON-C add that CALON-5 does not?,Medium,MD_THESIS_VIVA_FULL_QA_SPOKEN 7.14a,See spoken answer,Thesis section named in the answer; numbers card,Rehearse aloud with cues; time under 90 s,,not rehearsed
S-7.14b,Chapter 7 Predict,Section 7.14,Lipid medicine,Why is it lineage rather than evidence?,Medium,MD_THESIS_VIVA_FULL_QA_SPOKEN 7.14b,See spoken answer,Thesis section named in the answer; numbers card,Rehearse aloud with cues; time under 90 s,,not rehearsed
S-7.15a,Chapter 7 Predict,Section 7.15,Lipid medicine,State the answer to the cohort part.,Medium,MD_THESIS_VIVA_FULL_QA_SPOKEN 7.15a,See spoken answer,Thesis section named in the answer; numbers card,Rehearse aloud with cues; time under 90 s,,not rehearsed
S-7.15b,Chapter 7 Predict,Section 7.15,Biostatistics,"In one sentence, why is neither model clinical?",Medium,MD_THESIS_VIVA_FULL_QA_SPOKEN 7.15b,See spoken answer,Thesis section named in the answer; numbers card,Rehearse aloud with cues; time under 90 s,,not rehearsed
S-7.1a,Chapter 7 Predict,Section 7.1,Lipid medicine,"Two meanings of ""the same thing"" for a risk score?",Medium,MD_THESIS_VIVA_FULL_QA_SPOKEN 7.1a,See spoken answer,Thesis section named in the answer; numbers card,Rehearse aloud with cues; time under 90 s,,not rehearsed
S-7.1b,Chapter 7 Predict,Section 7.1,Biostatistics,Why can a within-FH model never inform whether to treat?,Medium,MD_THESIS_VIVA_FULL_QA_SPOKEN 7.1b,See spoken answer,Thesis section named in the answer; numbers card,Rehearse aloud with cues; time under 90 s,,not rehearsed
S-7.2a,Chapter 7 Predict,Section 7.2,Lipid medicine,Specify CALON-5.,Medium,MD_THESIS_VIVA_FULL_QA_SPOKEN 7.2a,See spoken answer,Thesis section named in the answer; numbers card,Rehearse aloud with cues; time under 90 s,,not rehearsed
S-7.2b,Chapter 7 Predict,Section 7.2,Lipid medicine,Where does the untreated lipid value come from?,Medium,MD_THESIS_VIVA_FULL_QA_SPOKEN 7.2b,See spoken answer,Thesis section named in the answer; numbers card,Rehearse aloud with cues; time under 90 s,,not rehearsed
S-7.2d,Chapter 7 Predict,Section 7.2,Biostatistics,What is the two-term model and why does it exist?,Medium,MD_THESIS_VIVA_FULL_QA_SPOKEN 7.2d,See spoken answer,Thesis section named in the answer; numbers card,Rehearse aloud with cues; time under 90 s,,not rehearsed
S-7.2f,Chapter 7 Predict,Section 7.2,Lipid medicine,"Why exclude Lp(a), apoB and imaging?",Medium,MD_THESIS_VIVA_FULL_QA_SPOKEN 7.2f,See spoken answer,Thesis section named in the answer; numbers card,Rehearse aloud with cues; time under 90 s,,not rehearsed
S-7.3c,Chapter 7 Predict,Section 7.3,Biostatistics,Internal validation numbers.,Medium,MD_THESIS_VIVA_FULL_QA_SPOKEN 7.3c,See spoken answer,Thesis section named in the answer; numbers card,Rehearse aloud with cues; time under 90 s,,not rehearsed
S-7.3d,Chapter 7 Predict,Section 7.3,Lipid medicine,Did the hazard ratios agree across cohorts?,Medium,MD_THESIS_VIVA_FULL_QA_SPOKEN 7.3d,See spoken answer,Thesis section named in the answer; numbers card,Rehearse aloud with cues; time under 90 s,,not rehearsed
S-7.4a,Chapter 7 Predict,Section 7.4,Genetic medicine,What did standardising to ClinVar P/LP cost?,Medium,MD_THESIS_VIVA_FULL_QA_SPOKEN 7.4a,See spoken answer,Thesis section named in the answer; numbers card,Rehearse aloud with cues; time under 90 s,,not rehearsed
S-7.4c,Chapter 7 Predict,Section 7.4,Lipid medicine,Endpoint composition and censoring in the registry.,Medium,MD_THESIS_VIVA_FULL_QA_SPOKEN 7.4c,See spoken answer,Thesis section named in the answer; numbers card,Rehearse aloud with cues; time under 90 s,,not rehearsed
S-7.5a,Chapter 7 Predict,Section 7.5,Lipid medicine,The headline.,Medium,MD_THESIS_VIVA_FULL_QA_SPOKEN 7.5a,See spoken answer,Thesis section named in the answer; numbers card,Rehearse aloud with cues; time under 90 s,,not rehearsed
S-7.5c,Chapter 7 Predict,Section 7.5,Lipid medicine,The 4.9 cut-point as a ranker?,Medium,MD_THESIS_VIVA_FULL_QA_SPOKEN 7.5c,See spoken answer,Thesis section named in the answer; numbers card,Rehearse aloud with cues; time under 90 s,,not rehearsed
S-7.6b,Chapter 7 Predict,Section 7.6,Biostatistics,"What fixed it, and is the fixed model validated?",Medium,MD_THESIS_VIVA_FULL_QA_SPOKEN 7.6b,See spoken answer,Thesis section named in the answer; numbers card,Rehearse aloud with cues; time under 90 s,,not rehearsed
S-7.6c,Chapter 7 Predict,Section 7.6,Lipid medicine,Why is the gap unsurprising?,Medium,MD_THESIS_VIVA_FULL_QA_SPOKEN 7.6c,See spoken answer,Thesis section named in the answer; numbers card,Rehearse aloud with cues; time under 90 s,,not rehearsed
S-7.7a,Chapter 7 Predict,Section 7.7,Lipid medicine,"The result, exactly.",Medium,MD_THESIS_VIVA_FULL_QA_SPOKEN 7.7a,See spoken answer,Thesis section named in the answer; numbers card,Rehearse aloud with cues; time under 90 s,,not rehearsed
S-7.7c,Chapter 7 Predict,Section 7.7,Lipid medicine,What is new relative to Singh 2026 and Mancini 2026?,Medium,MD_THESIS_VIVA_FULL_QA_SPOKEN 7.7c,See spoken answer,Thesis section named in the answer; numbers card,Rehearse aloud with cues; time under 90 s,,not rehearsed
S-7.7d,Chapter 7 Predict,Section 7.7,Lipid medicine,Goal attainment.,Medium,MD_THESIS_VIVA_FULL_QA_SPOKEN 7.7d,See spoken answer,Thesis section named in the answer; numbers card,Rehearse aloud with cues; time under 90 s,,not rehearsed
S-7.7e,Chapter 7 Predict,Section 7.7,Lipid medicine,Two measurement properties?,Medium,MD_THESIS_VIVA_FULL_QA_SPOKEN 7.7e,See spoken answer,Thesis section named in the answer; numbers card,Rehearse aloud with cues; time under 90 s,,not rehearsed
S-7.7f,Chapter 7 Predict,Section 7.7,Lipid medicine,Does the cut-point separate risk?,Medium,MD_THESIS_VIVA_FULL_QA_SPOKEN 7.7f,See spoken answer,Thesis section named in the answer; numbers card,Rehearse aloud with cues; time under 90 s,,not rehearsed
S-7.8a,Chapter 7 Predict,Section 7.8,Lipid medicine,Rules of the comparison.,Medium,MD_THESIS_VIVA_FULL_QA_SPOKEN 7.8a,See spoken answer,Thesis section named in the answer; numbers card,Rehearse aloud with cues; time under 90 s,,not rehearsed
S-7.8c,Chapter 7 Predict,Section 7.8,Biostatistics,Did the published scores calibrate?,Medium,MD_THESIS_VIVA_FULL_QA_SPOKEN 7.8c,See spoken answer,Thesis section named in the answer; numbers card,Rehearse aloud with cues; time under 90 s,,not rehearsed
S-7.8d,Chapter 7 Predict,Section 7.8,Lipid medicine,How does this sit against McKay and the Australian work?,Medium,MD_THESIS_VIVA_FULL_QA_SPOKEN 7.8d,See spoken answer,Thesis section named in the answer; numbers card,Rehearse aloud with cues; time under 90 s,,not rehearsed
S-7.9a,Chapter 7 Predict,Section 7.9,Lipid medicine,Does apoB add to CALON-5? Reconcile with Chapter 4.,Medium,MD_THESIS_VIVA_FULL_QA_SPOKEN 7.9a,See spoken answer,Thesis section named in the answer; numbers card,Rehearse aloud with cues; time under 90 s,,not rehearsed
T-Figure7.1.-1,Chapter 7 Predict,Figure 7.1.: Discrimination under frozen application. (a) Harrell's concordance of ,All,"Describe Figure 7.1. without looking at it: axes, groups, what the caption excludes, and the message in one sentence.",Medium,New (display probe),"State what is drawn, what is deliberately not drawn on the same axis, and what the figure cannot show.",Figure 7.1.,Sketch the figure from memory once; check the caption exclusions (e.g. constructs not on the same ladder).,,not rehearsed
T-Figure7.2.-1,Chapter 7 Predict,Figure 7.2.: Calibration under frozen application and after updating. (a) Flexible ,All,"Describe Figure 7.2. without looking at it: axes, groups, what the caption excludes, and the message in one sentence.",Medium,New (display probe),"State what is drawn, what is deliberately not drawn on the same axis, and what the figure cannot show.",Figure 7.2.,Sketch the figure from memory once; check the caption exclusions (e.g. constructs not on the same ladder).,,not rehearsed
T-Figure7.3.-1,Chapter 7 Predict,Figure 7.3.: What the recorded value costs guideline grading. (a) Untreated against,All,"Describe Figure 7.3. without looking at it: axes, groups, what the caption excludes, and the message in one sentence.",Medium,New (display probe),"State what is drawn, what is deliberately not drawn on the same axis, and what the figure cannot show.",Figure 7.3.,Sketch the figure from memory once; check the caption exclusions (e.g. constructs not on the same ladder).,,not rehearsed
T-Figure7.4.-1,Chapter 7 Predict,Figure 7.4.: Comparison with published FH scores. (a) Difference in ten-year concor,All,"Describe Figure 7.4. without looking at it: axes, groups, what the caption excludes, and the message in one sentence.",Medium,New (display probe),"State what is drawn, what is deliberately not drawn on the same axis, and what the figure cannot show.",Figure 7.4.,Sketch the figure from memory once; check the caption exclusions (e.g. constructs not on the same ladder).,,not rehearsed
T-Table7.1.-1,Chapter 7 Predict,Table 7.1.: The two evaluated models and the lineage model,Biostatistics,"Walk me through Table 7.1. row by row: denominators, units, interval convention, genetic frame and tier.",Medium,New (display probe),Read each row with its frame; never merge denominators across rows; name the source manuscript or package.,Table 7.1.,Practise a 90-second narration of the display; mark any row whose value differs from the chapter text (see corrections list).,,not rehearsed
T-Table7.1.-2,Chapter 7 Predict,Table 7.1.: The two evaluated models and the lineage model,Lipid medicine,"Which row of Table 7.1. would a critic attack first, and how do you answer?",Medium,New (display probe),"Pick the weakest row, concede its limit (tier, events, convention) and state what would remove it.",Table 7.1.,Write the weakest row and its concession on the numbers card.,,not rehearsed
T-Table7.2.-1,Chapter 7 Predict,"Table 7.2.: CALON-5 against three published FH scores at ten years, standardised P",Biostatistics,"Walk me through Table 7.2. row by row: denominators, units, interval convention, genetic frame and tier.",Medium,New (display probe),Read each row with its frame; never merge denominators across rows; name the source manuscript or package.,Table 7.2.,Practise a 90-second narration of the display; mark any row whose value differs from the chapter text (see corrections list).,,not rehearsed
T-Table7.2.-2,Chapter 7 Predict,"Table 7.2.: CALON-5 against three published FH scores at ten years, standardised P",Lipid medicine,"Which row of Table 7.2. would a critic attack first, and how do you answer?",Medium,New (display probe),"Pick the weakest row, concede its limit (tier, events, convention) and state what would remove it.",Table 7.2.,Write the weakest row and its concession on the numbers card.,,not rehearsed
T-Table7.3.-1,Chapter 7 Predict,Table 7.3.: Calculability: rows on which each instrument could be computed with CA,Biostatistics,"Walk me through Table 7.3. row by row: denominators, units, interval convention, genetic frame and tier.",Medium,New (display probe),Read each row with its frame; never merge denominators across rows; name the source manuscript or package.,Table 7.3.,Practise a 90-second narration of the display; mark any row whose value differs from the chapter text (see corrections list).,,not rehearsed
T-Table7.3.-2,Chapter 7 Predict,Table 7.3.: Calculability: rows on which each instrument could be computed with CA,Lipid medicine,"Which row of Table 7.3. would a critic attack first, and how do you answer?",Medium,New (display probe),"Pick the weakest row, concede its limit (tier, events, convention) and state what would remove it.",Table 7.3.,Write the weakest row and its concession on the numbers card.,,not rehearsed
S-8.1c,Chapter 8 Discussion,Section 8.1,Lipid medicine,"Table 8.1 says the Objective 4 absolute-risk falsifier was ""met"". Was it?",High,MD_THESIS_VIVA_FULL_QA_SPOKEN 8.1c,See spoken answer,Thesis section named in the answer; numbers card,Rehearse aloud with cues; time under 90 s,,not rehearsed
S-8.2c,Chapter 8 Discussion,Section 8.2,Lipid medicine,"""Relative effects travel, baseline risk does not."" Did you test that?",High,MD_THESIS_VIVA_FULL_QA_SPOKEN 8.2c,See spoken answer,Thesis section named in the answer; numbers card,Rehearse aloud with cues; time under 90 s,,not rehearsed
S-8.3b,Chapter 8 Discussion,Section 8.3,Lipid medicine,"You say the errors are ""systematic and predictable in direction"". Is that an overclaim?",High,MD_THESIS_VIVA_FULL_QA_SPOKEN 8.3b,See spoken answer,Thesis section named in the answer; numbers card,Rehearse aloud with cues; time under 90 s,,not rehearsed
S-8.3c,Chapter 8 Discussion,Section 8.3,Lipid medicine,"Is 4.9 mmol/L an ""FH severity"" cut-point?",High,MD_THESIS_VIVA_FULL_QA_SPOKEN 8.3c,See spoken answer,Thesis section named in the answer; numbers card,Rehearse aloud with cues; time under 90 s,,not rehearsed
S-8.3d,Chapter 8 Discussion,Section 8.3,Lipid medicine,"""The laboratory value was accurate."" How do you know?",High,MD_THESIS_VIVA_FULL_QA_SPOKEN 8.3d,See spoken answer,Thesis section named in the answer; numbers card,Rehearse aloud with cues; time under 90 s,,not rehearsed
S-8.3e,Chapter 8 Discussion,Section 8.3,Lipid medicine,"""Linked genotyped cohorts with common definitions."" Are the definitions common?",High,MD_THESIS_VIVA_FULL_QA_SPOKEN 8.3e,See spoken answer,Thesis section named in the answer; numbers card,Rehearse aloud with cues; time under 90 s,,not rehearsed
S-8.4b,Chapter 8 Discussion,Section 8.4,Lipid medicine,Isn't that just lower baseline hazard in women at 58?,High,MD_THESIS_VIVA_FULL_QA_SPOKEN 8.4b,See spoken answer,Thesis section named in the answer; numbers card,Rehearse aloud with cues; time under 90 s,,not rehearsed
S-8.7b,Chapter 8 Discussion,Section 8.7,Biostatistics,"You write that reconstructed rows are ""not missing at random"" and that missing diabetes makes MAR ""doubtful"". Is that the right inference?",High,MD_THESIS_VIVA_FULL_QA_SPOKEN 8.7b,See spoken answer,Thesis section named in the answer; numbers card,Rehearse aloud with cues; time under 90 s,,not rehearsed
S-8.7c,Chapter 8 Discussion,Section 8.7,Lipid medicine,Which limitations are resolved by objects that exist?,High,MD_THESIS_VIVA_FULL_QA_SPOKEN 8.7c,See spoken answer,Thesis section named in the answer; numbers card,Rehearse aloud with cues; time under 90 s,,not rehearsed
S-8.8a,Chapter 8 Discussion,Section 8.8,Lipid medicine,The principal study and its size.,High,MD_THESIS_VIVA_FULL_QA_SPOKEN 8.8a,See spoken answer,Thesis section named in the answer; numbers card,Rehearse aloud with cues; time under 90 s,,not rehearsed
A-Q8.1,Chapter 8 Discussion,Section 8.x,Lipid medicine,Where do the guidelines sit relative to your conclusion?,Medium,MD_THESIS_ANNUAL_REVIEW_VIVA_QA Q8.1,See annual-review answer,As cited in that answer,Cross-check against the spoken version; keep one wording,,not rehearsed
A-Q8.2,Chapter 8 Discussion,Section 8.x,Lipid medicine,The sex section rests on one population study. Why is it in an FH thesis?,Medium,MD_THESIS_ANNUAL_REVIEW_VIVA_QA Q8.2,See annual-review answer,As cited in that answer,Cross-check against the spoken version; keep one wording,,not rehearsed
A-Q8.3,Chapter 8 Discussion,Section 8.x,Lipid medicine,Rank your limitations.,Medium,MD_THESIS_ANNUAL_REVIEW_VIVA_QA Q8.3,See annual-review answer,As cited in that answer,Cross-check against the spoken version; keep one wording,,not rehearsed
A-Q8.4,Chapter 8 Discussion,Section 8.x,Lipid medicine,What in this thesis changes practice tomorrow?,Medium,MD_THESIS_ANNUAL_REVIEW_VIVA_QA Q8.4,See annual-review answer,As cited in that answer,Cross-check against the spoken version; keep one wording,,not rehearsed
A-Q8.5,Chapter 8 Discussion,Section 8.x,Lipid medicine,What is the 'chapter-removal test'?,Medium,MD_THESIS_ANNUAL_REVIEW_VIVA_QA Q8.5,See annual-review answer,As cited in that answer,Cross-check against the spoken version; keep one wording,,not rehearsed
A-Q8.6,Chapter 8 Discussion,Section 8.x,Lipid medicine,Is the framework refutable?,Medium,MD_THESIS_ANNUAL_REVIEW_VIVA_QA Q8.6,See annual-review answer,As cited in that answer,Cross-check against the spoken version; keep one wording,,not rehearsed
G-8.1-1,Chapter 8 Discussion,8.1 The answer to the central question,Lipid medicine,"What does this section establish that the preceding section did not, and which single sentence carries the claim?",Medium,New (generic probe),"Identify the load-bearing sentence and its source (publication, manuscript, THESIS-AN package or decision).",Section 8.1,Re-read the section; underline the one load-bearing sentence; write its source and tier on the numbers card.,,not rehearsed
G-8.1-2,Chapter 8 Discussion,8.1 The answer to the central question,Lipid medicine,"Which statement in this section is least well supported, and what would you change?",Medium,New (generic probe),"Name the weakest clause first, concede, then state the bounded version.",Section 8.1,List the two weakest clauses; draft a one-sentence concession for each.,,not rehearsed
G-8.1-3,Chapter 8 Discussion,8.1 The answer to the central question,Lipid medicine,"Which source or number in this section would you defend under challenge, and where does it come from?",Medium,New (generic probe),"Give the number, its frame and its tier; name the table it lives in.",Section 8.1,Verify each number against its table; confirm DOI status in Appendix 2 of the spoken document.,,not rehearsed
G-8.2-1,Chapter 8 Discussion,8.2 Principal findings by task,Lipid medicine,"What does this section establish that the preceding section did not, and which single sentence carries the claim?",Medium,New (generic probe),"Identify the load-bearing sentence and its source (publication, manuscript, THESIS-AN package or decision).",Section 8.2,Re-read the section; underline the one load-bearing sentence; write its source and tier on the numbers card.,,not rehearsed
G-8.2-2,Chapter 8 Discussion,8.2 Principal findings by task,Lipid medicine,"Which statement in this section is least well supported, and what would you change?",Medium,New (generic probe),"Name the weakest clause first, concede, then state the bounded version.",Section 8.2,List the two weakest clauses; draft a one-sentence concession for each.,,not rehearsed
G-8.2-3,Chapter 8 Discussion,8.2 Principal findings by task,Lipid medicine,"Which source or number in this section would you defend under challenge, and where does it come from?",Medium,New (generic probe),"Give the number, its frame and its tier; name the table it lives in.",Section 8.2,Verify each number against its table; confirm DOI status in Appendix 2 of the spoken document.,,not rehearsed
G-8.2.1-1,Chapter 8 Discussion,8.2.1 Measure: particles at the same LDL-C,Lipid medicine,"What does this section establish that the preceding section did not, and which single sentence carries the claim?",Medium,New (generic probe),"Identify the load-bearing sentence and its source (publication, manuscript, THESIS-AN package or decision).",Section 8.2.1,Re-read the section; underline the one load-bearing sentence; write its source and tier on the numbers card.,,not rehearsed
G-8.2.1-2,Chapter 8 Discussion,8.2.1 Measure: particles at the same LDL-C,Lipid medicine,"Which statement in this section is least well supported, and what would you change?",Medium,New (generic probe),"Name the weakest clause first, concede, then state the bounded version.",Section 8.2.1,List the two weakest clauses; draft a one-sentence concession for each.,,not rehearsed
G-8.2.1-3,Chapter 8 Discussion,8.2.1 Measure: particles at the same LDL-C,Lipid medicine,"Which source or number in this section would you defend under challenge, and where does it come from?",Medium,New (generic probe),"Give the number, its frame and its tier; name the table it lives in.",Section 8.2.1,Verify each number against its table; confirm DOI status in Appendix 2 of the spoken document.,,not rehearsed
G-8.2.2-1,Chapter 8 Discussion,8.2.2 Select: route into observation,Genetic medicine,"What does this section establish that the preceding section did not, and which single sentence carries the claim?",Medium,New (generic probe),"Identify the load-bearing sentence and its source (publication, manuscript, THESIS-AN package or decision).",Section 8.2.2,Re-read the section; underline the one load-bearing sentence; write its source and tier on the numbers card.,,not rehearsed
G-8.2.2-2,Chapter 8 Discussion,8.2.2 Select: route into observation,Genetic medicine,"Which statement in this section is least well supported, and what would you change?",Medium,New (generic probe),"Name the weakest clause first, concede, then state the bounded version.",Section 8.2.2,List the two weakest clauses; draft a one-sentence concession for each.,,not rehearsed
G-8.2.2-3,Chapter 8 Discussion,8.2.2 Select: route into observation,Genetic medicine,"Which source or number in this section would you defend under challenge, and where does it come from?",Medium,New (generic probe),"Give the number, its frame and its tier; name the table it lives in.",Section 8.2.2,Verify each number against its table; confirm DOI status in Appendix 2 of the spoken document.,,not rehearsed
G-8.2.3-1,Chapter 8 Discussion,8.2.3 Identify: treatment received,Lipid medicine,"What does this section establish that the preceding section did not, and which single sentence carries the claim?",Medium,New (generic probe),"Identify the load-bearing sentence and its source (publication, manuscript, THESIS-AN package or decision).",Section 8.2.3,Re-read the section; underline the one load-bearing sentence; write its source and tier on the numbers card.,,not rehearsed
G-8.2.3-2,Chapter 8 Discussion,8.2.3 Identify: treatment received,Lipid medicine,"Which statement in this section is least well supported, and what would you change?",Medium,New (generic probe),"Name the weakest clause first, concede, then state the bounded version.",Section 8.2.3,List the two weakest clauses; draft a one-sentence concession for each.,,not rehearsed
G-8.2.3-3,Chapter 8 Discussion,8.2.3 Identify: treatment received,Lipid medicine,"Which source or number in this section would you defend under challenge, and where does it come from?",Medium,New (generic probe),"Give the number, its frame and its tier; name the table it lives in.",Section 8.2.3,Verify each number against its table; confirm DOI status in Appendix 2 of the spoken document.,,not rehearsed
G-8.2.4-1,Chapter 8 Discussion,8.2.4 Predict: cohort of development,Lipid medicine,"What does this section establish that the preceding section did not, and which single sentence carries the claim?",Medium,New (generic probe),"Identify the load-bearing sentence and its source (publication, manuscript, THESIS-AN package or decision).",Section 8.2.4,Re-read the section; underline the one load-bearing sentence; write its source and tier on the numbers card.,,not rehearsed
G-8.2.4-2,Chapter 8 Discussion,8.2.4 Predict: cohort of development,Lipid medicine,"Which statement in this section is least well supported, and what would you change?",Medium,New (generic probe),"Name the weakest clause first, concede, then state the bounded version.",Section 8.2.4,List the two weakest clauses; draft a one-sentence concession for each.,,not rehearsed
G-8.2.4-3,Chapter 8 Discussion,8.2.4 Predict: cohort of development,Lipid medicine,"Which source or number in this section would you defend under challenge, and where does it come from?",Medium,New (generic probe),"Give the number, its frame and its tier; name the table it lives in.",Section 8.2.4,Verify each number against its table; confirm DOI status in Appendix 2 of the spoken document.,,not rehearsed
G-8.3-1,Chapter 8 Discussion,"8.3 One value, three uses",Lipid medicine,"What does this section establish that the preceding section did not, and which single sentence carries the claim?",Medium,New (generic probe),"Identify the load-bearing sentence and its source (publication, manuscript, THESIS-AN package or decision).",Section 8.3,Re-read the section; underline the one load-bearing sentence; write its source and tier on the numbers card.,,not rehearsed
G-8.3-2,Chapter 8 Discussion,"8.3 One value, three uses",Lipid medicine,"Which statement in this section is least well supported, and what would you change?",Medium,New (generic probe),"Name the weakest clause first, concede, then state the bounded version.",Section 8.3,List the two weakest clauses; draft a one-sentence concession for each.,,not rehearsed
G-8.3-3,Chapter 8 Discussion,"8.3 One value, three uses",Lipid medicine,"Which source or number in this section would you defend under challenge, and where does it come from?",Medium,New (generic probe),"Give the number, its frame and its tier; name the table it lives in.",Section 8.3,Verify each number against its table; confirm DOI status in Appendix 2 of the spoken document.,,not rehearsed
G-8.4-1,Chapter 8 Discussion,8.4 Beyond FH: sex and reproductive stage,Lipid medicine,"What does this section establish that the preceding section did not, and which single sentence carries the claim?",Medium,New (generic probe),"Identify the load-bearing sentence and its source (publication, manuscript, THESIS-AN package or decision).",Section 8.4,Re-read the section; underline the one load-bearing sentence; write its source and tier on the numbers card.,,not rehearsed
G-8.4-2,Chapter 8 Discussion,8.4 Beyond FH: sex and reproductive stage,Lipid medicine,"Which statement in this section is least well supported, and what would you change?",Medium,New (generic probe),"Name the weakest clause first, concede, then state the bounded version.",Section 8.4,List the two weakest clauses; draft a one-sentence concession for each.,,not rehearsed
G-8.4-3,Chapter 8 Discussion,8.4 Beyond FH: sex and reproductive stage,Lipid medicine,"Which source or number in this section would you defend under challenge, and where does it come from?",Medium,New (generic probe),"Give the number, its frame and its tier; name the table it lives in.",Section 8.4,Verify each number against its table; confirm DOI status in Appendix 2 of the spoken document.,,not rehearsed
G-8.5-1,Chapter 8 Discussion,8.5 What the thesis adds to prior work,Lipid medicine,"What does this section establish that the preceding section did not, and which single sentence carries the claim?",Medium,New (generic probe),"Identify the load-bearing sentence and its source (publication, manuscript, THESIS-AN package or decision).",Section 8.5,Re-read the section; underline the one load-bearing sentence; write its source and tier on the numbers card.,,not rehearsed
G-8.5-2,Chapter 8 Discussion,8.5 What the thesis adds to prior work,Lipid medicine,"Which statement in this section is least well supported, and what would you change?",Medium,New (generic probe),"Name the weakest clause first, concede, then state the bounded version.",Section 8.5,List the two weakest clauses; draft a one-sentence concession for each.,,not rehearsed
G-8.5-3,Chapter 8 Discussion,8.5 What the thesis adds to prior work,Lipid medicine,"Which source or number in this section would you defend under challenge, and where does it come from?",Medium,New (generic probe),"Give the number, its frame and its tier; name the table it lives in.",Section 8.5,Verify each number against its table; confirm DOI status in Appendix 2 of the spoken document.,,not rehearsed
G-8.6-1,Chapter 8 Discussion,8.6 Implications for practice and services,Lipid medicine,"What does this section establish that the preceding section did not, and which single sentence carries the claim?",Medium,New (generic probe),"Identify the load-bearing sentence and its source (publication, manuscript, THESIS-AN package or decision).",Section 8.6,Re-read the section; underline the one load-bearing sentence; write its source and tier on the numbers card.,,not rehearsed
G-8.6-2,Chapter 8 Discussion,8.6 Implications for practice and services,Lipid medicine,"Which statement in this section is least well supported, and what would you change?",Medium,New (generic probe),"Name the weakest clause first, concede, then state the bounded version.",Section 8.6,List the two weakest clauses; draft a one-sentence concession for each.,,not rehearsed
G-8.6-3,Chapter 8 Discussion,8.6 Implications for practice and services,Lipid medicine,"Which source or number in this section would you defend under challenge, and where does it come from?",Medium,New (generic probe),"Give the number, its frame and its tier; name the table it lives in.",Section 8.6,Verify each number against its table; confirm DOI status in Appendix 2 of the spoken document.,,not rehearsed
G-8.7-1,Chapter 8 Discussion,8.7 Limitations,Lipid medicine,"What does this section establish that the preceding section did not, and which single sentence carries the claim?",Medium,New (generic probe),"Identify the load-bearing sentence and its source (publication, manuscript, THESIS-AN package or decision).",Section 8.7,Re-read the section; underline the one load-bearing sentence; write its source and tier on the numbers card.,,not rehearsed
G-8.7-2,Chapter 8 Discussion,8.7 Limitations,Lipid medicine,"Which statement in this section is least well supported, and what would you change?",Medium,New (generic probe),"Name the weakest clause first, concede, then state the bounded version.",Section 8.7,List the two weakest clauses; draft a one-sentence concession for each.,,not rehearsed
G-8.7-3,Chapter 8 Discussion,8.7 Limitations,Lipid medicine,"Which source or number in this section would you defend under challenge, and where does it come from?",Medium,New (generic probe),"Give the number, its frame and its tier; name the table it lives in.",Section 8.7,Verify each number against its table; confirm DOI status in Appendix 2 of the spoken document.,,not rehearsed
G-8.8-1,Chapter 8 Discussion,8.8 The studies that would resolve the remaining questions,Lipid medicine,"What does this section establish that the preceding section did not, and which single sentence carries the claim?",Medium,New (generic probe),"Identify the load-bearing sentence and its source (publication, manuscript, THESIS-AN package or decision).",Section 8.8,Re-read the section; underline the one load-bearing sentence; write its source and tier on the numbers card.,,not rehearsed
G-8.8-2,Chapter 8 Discussion,8.8 The studies that would resolve the remaining questions,Lipid medicine,"Which statement in this section is least well supported, and what would you change?",Medium,New (generic probe),"Name the weakest clause first, concede, then state the bounded version.",Section 8.8,List the two weakest clauses; draft a one-sentence concession for each.,,not rehearsed
G-8.8-3,Chapter 8 Discussion,8.8 The studies that would resolve the remaining questions,Lipid medicine,"Which source or number in this section would you defend under challenge, and where does it come from?",Medium,New (generic probe),"Give the number, its frame and its tier; name the table it lives in.",Section 8.8,Verify each number against its table; confirm DOI status in Appendix 2 of the spoken document.,,not rehearsed
G-8.9-1,Chapter 8 Discussion,8.9 Conclusion,Lipid medicine,"What does this section establish that the preceding section did not, and which single sentence carries the claim?",Medium,New (generic probe),"Identify the load-bearing sentence and its source (publication, manuscript, THESIS-AN package or decision).",Section 8.9,Re-read the section; underline the one load-bearing sentence; write its source and tier on the numbers card.,,not rehearsed
G-8.9-2,Chapter 8 Discussion,8.9 Conclusion,Lipid medicine,"Which statement in this section is least well supported, and what would you change?",Medium,New (generic probe),"Name the weakest clause first, concede, then state the bounded version.",Section 8.9,List the two weakest clauses; draft a one-sentence concession for each.,,not rehearsed
G-8.9-3,Chapter 8 Discussion,8.9 Conclusion,Lipid medicine,"Which source or number in this section would you defend under challenge, and where does it come from?",Medium,New (generic probe),"Give the number, its frame and its tier; name the table it lives in.",Section 8.9,Verify each number against its table; confirm DOI status in Appendix 2 of the spoken document.,,not rehearsed
G-H1-Chapter8Disc,Chapter 8 Discussion,Chapter 8 — Discussion: what must travel with an LDL-C value,All,State the question this chapter answers and the one number that answers it.,Medium,"Spoken document, chapter answer sub-section","Chapter answer paragraph (Sections 4.10, 5.7, 6.9, 7.15, 8.1).",Chapter answer paragraph,Memorise the chapter answer verbatim.,,not rehearsed
S-8.1a,Chapter 8 Discussion,Section 8.1,Lipid medicine,Give the answer to the central question in one breath.,Medium,MD_THESIS_VIVA_FULL_QA_SPOKEN 8.1a,See spoken answer,Thesis section named in the answer; numbers card,Rehearse aloud with cues; time under 90 s,,not rehearsed
S-8.1b,Chapter 8 Discussion,Section 8.1,Lipid medicine,"Where do the guidelines stand, exactly?",Medium,MD_THESIS_VIVA_FULL_QA_SPOKEN 8.1b,See spoken answer,Thesis section named in the answer; numbers card,Rehearse aloud with cues; time under 90 s,,not rehearsed
S-8.1d,Chapter 8 Discussion,Section 8.1,Lipid medicine,Is the answer interventional?,Medium,MD_THESIS_VIVA_FULL_QA_SPOKEN 8.1d,See spoken answer,Thesis section named in the answer; numbers card,Rehearse aloud with cues; time under 90 s,,not rehearsed
S-8.2a,Chapter 8 Discussion,Section 8.2,Lipid medicine,Why the seven-step template in every subsection?,Medium,MD_THESIS_VIVA_FULL_QA_SPOKEN 8.2a,See spoken answer,Thesis section named in the answer; numbers card,Rehearse aloud with cues; time under 90 s,,not rehearsed
S-8.2b,Chapter 8 Discussion,Section 8.2,Biostatistics,"For each task, the strongest competing explanation?",Medium,MD_THESIS_VIVA_FULL_QA_SPOKEN 8.2b,See spoken answer,Thesis section named in the answer; numbers card,Rehearse aloud with cues; time under 90 s,,not rehearsed
S-8.3a,Chapter 8 Discussion,Section 8.3,Lipid medicine,The three uses and the condition that breaks each.,Medium,MD_THESIS_VIVA_FULL_QA_SPOKEN 8.3a,See spoken answer,Thesis section named in the answer; numbers card,Rehearse aloud with cues; time under 90 s,,not rehearsed
S-8.4a,Chapter 8 Discussion,Section 8.4,Lipid medicine,State the finding and its design.,Medium,MD_THESIS_VIVA_FULL_QA_SPOKEN 8.4a,See spoken answer,Thesis section named in the answer; numbers card,Rehearse aloud with cues; time under 90 s,,not rehearsed
S-8.4c,Chapter 8 Discussion,Section 8.4,Genetic medicine,Da Roza found a larger rise in monogenic FH; you found a smaller percentage rise in LDLR carriers. Contradiction?,Medium,MD_THESIS_VIVA_FULL_QA_SPOKEN 8.4c,See spoken answer,Thesis section named in the answer; numbers card,Rehearse aloud with cues; time under 90 s,,not rehearsed
S-8.4d,Chapter 8 Discussion,Section 8.4,Biostatistics,Has sex-specific calibration been validated for FH?,Medium,MD_THESIS_VIVA_FULL_QA_SPOKEN 8.4d,See spoken answer,Thesis section named in the answer; numbers card,Rehearse aloud with cues; time under 90 s,,not rehearsed
S-8.5a,Chapter 8 Discussion,Section 8.5,Lipid medicine,Two layers of contribution?,Medium,MD_THESIS_VIVA_FULL_QA_SPOKEN 8.5a,See spoken answer,Thesis section named in the answer; numbers card,Rehearse aloud with cues; time under 90 s,,not rehearsed
S-8.5b,Chapter 8 Discussion,Section 8.5,Lipid medicine,Is claim-to-evidence governance a contribution?,Medium,MD_THESIS_VIVA_FULL_QA_SPOKEN 8.5b,See spoken answer,Thesis section named in the answer; numbers card,Rehearse aloud with cues; time under 90 s,,not rehearsed
S-8.5c,Chapter 8 Discussion,Section 8.5,Lipid medicine,What would refute the framework?,Medium,MD_THESIS_VIVA_FULL_QA_SPOKEN 8.5c,See spoken answer,Thesis section named in the answer; numbers card,Rehearse aloud with cues; time under 90 s,,not rehearsed
S-8.6a,Chapter 8 Discussion,Section 8.6,Lipid medicine,What changes tomorrow?,Medium,MD_THESIS_VIVA_FULL_QA_SPOKEN 8.6a,See spoken answer,Thesis section named in the answer; numbers card,Rehearse aloud with cues; time under 90 s,,not rehearsed
S-8.6b,Chapter 8 Discussion,Section 8.6,Lipid medicine,Should risk scores ever reduce FH treatment?,Medium,MD_THESIS_VIVA_FULL_QA_SPOKEN 8.6b,See spoken answer,Thesis section named in the answer; numbers card,Rehearse aloud with cues; time under 90 s,,not rehearsed
S-8.6c,Chapter 8 Discussion,Section 8.6,Biostatistics,What could a within-FH model legitimately inform?,Medium,MD_THESIS_VIVA_FULL_QA_SPOKEN 8.6c,See spoken answer,Thesis section named in the answer; numbers card,Rehearse aloud with cues; time under 90 s,,not rehearsed
S-8.6d,Chapter 8 Discussion,Section 8.6,Lipid medicine,Minimum data set?,Medium,MD_THESIS_VIVA_FULL_QA_SPOKEN 8.6d,See spoken answer,Thesis section named in the answer; numbers card,Rehearse aloud with cues; time under 90 s,,not rehearsed
S-8.7a,Chapter 8 Discussion,Section 8.7,Lipid medicine,Rank the top five.,Medium,MD_THESIS_VIVA_FULL_QA_SPOKEN 8.7a,See spoken answer,Thesis section named in the answer; numbers card,Rehearse aloud with cues; time under 90 s,,not rehearsed
S-8.8b,Chapter 8 Discussion,Section 8.8,Lipid medicine,The four secondary studies.,Medium,MD_THESIS_VIVA_FULL_QA_SPOKEN 8.8b,See spoken answer,Thesis section named in the answer; numbers card,Rehearse aloud with cues; time under 90 s,,not rehearsed
S-8.8c,Chapter 8 Discussion,Section 8.8,Lipid medicine,Three rules for all of them?,Medium,MD_THESIS_VIVA_FULL_QA_SPOKEN 8.8c,See spoken answer,Thesis section named in the answer; numbers card,Rehearse aloud with cues; time under 90 s,,not rehearsed
S-8.9a,Chapter 8 Discussion,Section 8.9,Lipid medicine,"Your closing sentence, if asked for one.",Medium,MD_THESIS_VIVA_FULL_QA_SPOKEN 8.9a,See spoken answer,Thesis section named in the answer; numbers card,Rehearse aloud with cues; time under 90 s,,not rehearsed
T-Table8.1.-1,Chapter 8 Discussion,Table 8.1.: The answer to each part of the question,Biostatistics,"Walk me through Table 8.1. row by row: denominators, units, interval convention, genetic frame and tier.",Medium,New (display probe),Read each row with its frame; never merge denominators across rows; name the source manuscript or package.,Table 8.1.,Practise a 90-second narration of the display; mark any row whose value differs from the chapter text (see corrections list).,,not rehearsed
T-Table8.1.-2,Chapter 8 Discussion,Table 8.1.: The answer to each part of the question,Lipid medicine,"Which row of Table 8.1. would a critic attack first, and how do you answer?",Medium,New (display probe),"Pick the weakest row, concede its limit (tier, events, convention) and state what would remove it.",Table 8.1.,Write the weakest row and its concession on the numbers card.,,not rehearsed
T-Table8.2.-1,Chapter 8 Discussion,"Table 8.2.: Contributions, nearest prior work and the increment that survives",Biostatistics,"Walk me through Table 8.2. row by row: denominators, units, interval convention, genetic frame and tier.",Medium,New (display probe),Read each row with its frame; never merge denominators across rows; name the source manuscript or package.,Table 8.2.,Practise a 90-second narration of the display; mark any row whose value differs from the chapter text (see corrections list).,,not rehearsed
T-Table8.2.-2,Chapter 8 Discussion,"Table 8.2.: Contributions, nearest prior work and the increment that survives",Lipid medicine,"Which row of Table 8.2. would a critic attack first, and how do you answer?",Medium,New (display probe),"Pick the weakest row, concede its limit (tier, events, convention) and state what would remove it.",Table 8.2.,Write the weakest row and its concession on the numbers card.,,not rehearsed
T-Table8.3.-1,Chapter 8 Discussion,Table 8.3.: Principal limitations ranked by effect on the conclusions,Biostatistics,"Walk me through Table 8.3. row by row: denominators, units, interval convention, genetic frame and tier.",Medium,New (display probe),Read each row with its frame; never merge denominators across rows; name the source manuscript or package.,Table 8.3.,Practise a 90-second narration of the display; mark any row whose value differs from the chapter text (see corrections list).,,not rehearsed
T-Table8.3.-2,Chapter 8 Discussion,Table 8.3.: Principal limitations ranked by effect on the conclusions,Lipid medicine,"Which row of Table 8.3. would a critic attack first, and how do you answer?",Medium,New (display probe),"Pick the weakest row, concede its limit (tier, events, convention) and state what would remove it.",Table 8.3.,Write the weakest row and its concession on the numbers card.,,not rehearsed
T-Table8.4.-1,Chapter 8 Discussion,Table 8.4.: The resolving studies,Biostatistics,"Walk me through Table 8.4. row by row: denominators, units, interval convention, genetic frame and tier.",Medium,New (display probe),Read each row with its frame; never merge denominators across rows; name the source manuscript or package.,Table 8.4.,Practise a 90-second narration of the display; mark any row whose value differs from the chapter text (see corrections list).,,not rehearsed
T-Table8.4.-2,Chapter 8 Discussion,Table 8.4.: The resolving studies,Lipid medicine,"Which row of Table 8.4. would a critic attack first, and how do you answer?",Medium,New (display probe),"Pick the weakest row, concede its limit (tier, events, convention) and state what would remove it.",Table 8.4.,Write the weakest row and its concession on the numbers card.,,not rehearsed
S-D1,Appendices and references,Appendix D,Biostatistics,Summarise the reconstruction agreement evidence.,High,MD_THESIS_VIVA_FULL_QA_SPOKEN D1,See spoken answer,Thesis section named in the answer; numbers card,Rehearse aloud with cues; time under 90 s,,not rehearsed
G-A.1 Purpos-1,Appendices and references,A.1 Purpose and admission rule,Lipid medicine,"What does this section establish that the preceding section did not, and which single sentence carries the claim?",Medium,New (generic probe),"Identify the load-bearing sentence and its source (publication, manuscript, THESIS-AN package or decision).",Section A.1 Purpos,Re-read the section; underline the one load-bearing sentence; write its source and tier on the numbers card.,,not rehearsed
G-A.1 Purpos-2,Appendices and references,A.1 Purpose and admission rule,Lipid medicine,"Which statement in this section is least well supported, and what would you change?",Medium,New (generic probe),"Name the weakest clause first, concede, then state the bounded version.",Section A.1 Purpos,List the two weakest clauses; draft a one-sentence concession for each.,,not rehearsed
G-A.1 Purpos-3,Appendices and references,A.1 Purpose and admission rule,Lipid medicine,"Which source or number in this section would you defend under challenge, and where does it come from?",Medium,New (generic probe),"Give the number, its frame and its tier; name the table it lives in.",Section A.1 Purpos,Verify each number against its table; confirm DOI status in Appendix 2 of the spoken document.,,not rehearsed
G-A.2 Claim -1,Appendices and references,A.2 Claim ledger,Lipid medicine,"What does this section establish that the preceding section did not, and which single sentence carries the claim?",Medium,New (generic probe),"Identify the load-bearing sentence and its source (publication, manuscript, THESIS-AN package or decision).",Section A.2 Claim ,Re-read the section; underline the one load-bearing sentence; write its source and tier on the numbers card.,,not rehearsed
G-A.2 Claim -2,Appendices and references,A.2 Claim ledger,Lipid medicine,"Which statement in this section is least well supported, and what would you change?",Medium,New (generic probe),"Name the weakest clause first, concede, then state the bounded version.",Section A.2 Claim ,List the two weakest clauses; draft a one-sentence concession for each.,,not rehearsed
G-A.2 Claim -3,Appendices and references,A.2 Claim ledger,Lipid medicine,"Which source or number in this section would you defend under challenge, and where does it come from?",Medium,New (generic probe),"Give the number, its frame and its tier; name the table it lives in.",Section A.2 Claim ,Verify each number against its table; confirm DOI status in Appendix 2 of the spoken document.,,not rehearsed
G-B.0 Model -1,Appendices and references,B.0 Model sequence: CALON-C to CALON-5 and the two-term model,Biostatistics,"What does this section establish that the preceding section did not, and which single sentence carries the claim?",Medium,New (generic probe),"Identify the load-bearing sentence and its source (publication, manuscript, THESIS-AN package or decision).",Section B.0 Model ,Re-read the section; underline the one load-bearing sentence; write its source and tier on the numbers card.,,not rehearsed
G-B.0 Model -2,Appendices and references,B.0 Model sequence: CALON-C to CALON-5 and the two-term model,Biostatistics,"Which statement in this section is least well supported, and what would you change?",Medium,New (generic probe),"Name the weakest clause first, concede, then state the bounded version.",Section B.0 Model ,List the two weakest clauses; draft a one-sentence concession for each.,,not rehearsed
G-B.0 Model -3,Appendices and references,B.0 Model sequence: CALON-C to CALON-5 and the two-term model,Biostatistics,"Which source or number in this section would you defend under challenge, and where does it come from?",Medium,New (generic probe),"Give the number, its frame and its tier; name the table it lives in.",Section B.0 Model ,Verify each number against its table; confirm DOI status in Appendix 2 of the spoken document.,,not rehearsed
G-B.1 Lineag-1,Appendices and references,B.1 Lineage control,Lipid medicine,"What does this section establish that the preceding section did not, and which single sentence carries the claim?",Medium,New (generic probe),"Identify the load-bearing sentence and its source (publication, manuscript, THESIS-AN package or decision).",Section B.1 Lineag,Re-read the section; underline the one load-bearing sentence; write its source and tier on the numbers card.,,not rehearsed
G-B.1 Lineag-2,Appendices and references,B.1 Lineage control,Lipid medicine,"Which statement in this section is least well supported, and what would you change?",Medium,New (generic probe),"Name the weakest clause first, concede, then state the bounded version.",Section B.1 Lineag,List the two weakest clauses; draft a one-sentence concession for each.,,not rehearsed
G-B.1 Lineag-3,Appendices and references,B.1 Lineage control,Lipid medicine,"Which source or number in this section would you defend under challenge, and where does it come from?",Medium,New (generic probe),"Give the number, its frame and its tier; name the table it lives in.",Section B.1 Lineag,Verify each number against its table; confirm DOI status in Appendix 2 of the spoken document.,,not rehearsed
G-B.10 Paper-1,Appendices and references,B.10 Paper 14 version history (Chapter 5),Lipid medicine,"What does this section establish that the preceding section did not, and which single sentence carries the claim?",Medium,New (generic probe),"Identify the load-bearing sentence and its source (publication, manuscript, THESIS-AN package or decision).",Section B.10 Paper,Re-read the section; underline the one load-bearing sentence; write its source and tier on the numbers card.,,not rehearsed
G-B.10 Paper-2,Appendices and references,B.10 Paper 14 version history (Chapter 5),Lipid medicine,"Which statement in this section is least well supported, and what would you change?",Medium,New (generic probe),"Name the weakest clause first, concede, then state the bounded version.",Section B.10 Paper,List the two weakest clauses; draft a one-sentence concession for each.,,not rehearsed
G-B.10 Paper-3,Appendices and references,B.10 Paper 14 version history (Chapter 5),Lipid medicine,"Which source or number in this section would you defend under challenge, and where does it come from?",Medium,New (generic probe),"Give the number, its frame and its tier; name the table it lives in.",Section B.10 Paper,Verify each number against its table; confirm DOI status in Appendix 2 of the spoken document.,,not rehearsed
G-B.11 Resol-1,Appendices and references,B.11 Resolution of the Welsh-denominator conflict (CALON-C lineage frames),Lipid medicine,"What does this section establish that the preceding section did not, and which single sentence carries the claim?",Medium,New (generic probe),"Identify the load-bearing sentence and its source (publication, manuscript, THESIS-AN package or decision).",Section B.11 Resol,Re-read the section; underline the one load-bearing sentence; write its source and tier on the numbers card.,,not rehearsed
G-B.11 Resol-2,Appendices and references,B.11 Resolution of the Welsh-denominator conflict (CALON-C lineage frames),Lipid medicine,"Which statement in this section is least well supported, and what would you change?",Medium,New (generic probe),"Name the weakest clause first, concede, then state the bounded version.",Section B.11 Resol,List the two weakest clauses; draft a one-sentence concession for each.,,not rehearsed
G-B.11 Resol-3,Appendices and references,B.11 Resolution of the Welsh-denominator conflict (CALON-C lineage frames),Lipid medicine,"Which source or number in this section would you defend under challenge, and where does it come from?",Medium,New (generic probe),"Give the number, its frame and its tier; name the table it lives in.",Section B.11 Resol,Verify each number against its table; confirm DOI status in Appendix 2 of the spoken document.,,not rehearsed
G-B.1a Retir-1,Appendices and references,B.1a Retired lineage tracks,Lipid medicine,"What does this section establish that the preceding section did not, and which single sentence carries the claim?",Medium,New (generic probe),"Identify the load-bearing sentence and its source (publication, manuscript, THESIS-AN package or decision).",Section B.1a Retir,Re-read the section; underline the one load-bearing sentence; write its source and tier on the numbers card.,,not rehearsed
G-B.1a Retir-2,Appendices and references,B.1a Retired lineage tracks,Lipid medicine,"Which statement in this section is least well supported, and what would you change?",Medium,New (generic probe),"Name the weakest clause first, concede, then state the bounded version.",Section B.1a Retir,List the two weakest clauses; draft a one-sentence concession for each.,,not rehearsed
G-B.1a Retir-3,Appendices and references,B.1a Retired lineage tracks,Lipid medicine,"Which source or number in this section would you defend under challenge, and where does it come from?",Medium,New (generic probe),"Give the number, its frame and its tier; name the table it lives in.",Section B.1a Retir,Verify each number against its table; confirm DOI status in Appendix 2 of the spoken document.,,not rehearsed
G-B.2 CALON--1,Appendices and references,B.2 CALON-C development population,Lipid medicine,"What does this section establish that the preceding section did not, and which single sentence carries the claim?",Medium,New (generic probe),"Identify the load-bearing sentence and its source (publication, manuscript, THESIS-AN package or decision).",Section B.2 CALON-,Re-read the section; underline the one load-bearing sentence; write its source and tier on the numbers card.,,not rehearsed
G-B.2 CALON--2,Appendices and references,B.2 CALON-C development population,Lipid medicine,"Which statement in this section is least well supported, and what would you change?",Medium,New (generic probe),"Name the weakest clause first, concede, then state the bounded version.",Section B.2 CALON-,List the two weakest clauses; draft a one-sentence concession for each.,,not rehearsed
G-B.2 CALON--3,Appendices and references,B.2 CALON-C development population,Lipid medicine,"Which source or number in this section would you defend under challenge, and where does it come from?",Medium,New (generic probe),"Give the number, its frame and its tier; name the table it lives in.",Section B.2 CALON-,Verify each number against its table; confirm DOI status in Appendix 2 of the spoken document.,,not rehearsed
G-B.3 CALON--1,Appendices and references,B.3 CALON-C specification,Lipid medicine,"What does this section establish that the preceding section did not, and which single sentence carries the claim?",Medium,New (generic probe),"Identify the load-bearing sentence and its source (publication, manuscript, THESIS-AN package or decision).",Section B.3 CALON-,Re-read the section; underline the one load-bearing sentence; write its source and tier on the numbers card.,,not rehearsed
G-B.3 CALON--2,Appendices and references,B.3 CALON-C specification,Lipid medicine,"Which statement in this section is least well supported, and what would you change?",Medium,New (generic probe),"Name the weakest clause first, concede, then state the bounded version.",Section B.3 CALON-,List the two weakest clauses; draft a one-sentence concession for each.,,not rehearsed
G-B.3 CALON--3,Appendices and references,B.3 CALON-C specification,Lipid medicine,"Which source or number in this section would you defend under challenge, and where does it come from?",Medium,New (generic probe),"Give the number, its frame and its tier; name the table it lives in.",Section B.3 CALON-,Verify each number against its table; confirm DOI status in Appendix 2 of the spoken document.,,not rehearsed
G-B.4 CALON--1,Appendices and references,"B.4 CALON-C internal validation, endpoint timing and competing deaths",Biostatistics,"What does this section establish that the preceding section did not, and which single sentence carries the claim?",Medium,New (generic probe),"Identify the load-bearing sentence and its source (publication, manuscript, THESIS-AN package or decision).",Section B.4 CALON-,Re-read the section; underline the one load-bearing sentence; write its source and tier on the numbers card.,,not rehearsed
G-B.4 CALON--2,Appendices and references,"B.4 CALON-C internal validation, endpoint timing and competing deaths",Biostatistics,"Which statement in this section is least well supported, and what would you change?",Medium,New (generic probe),"Name the weakest clause first, concede, then state the bounded version.",Section B.4 CALON-,List the two weakest clauses; draft a one-sentence concession for each.,,not rehearsed
G-B.4 CALON--3,Appendices and references,"B.4 CALON-C internal validation, endpoint timing and competing deaths",Biostatistics,"Which source or number in this section would you defend under challenge, and where does it come from?",Medium,New (generic probe),"Give the number, its frame and its tier; name the table it lives in.",Section B.4 CALON-,Verify each number against its table; confirm DOI status in Appendix 2 of the spoken document.,,not rehearsed
G-B.5 CALON--1,Appendices and references,B.5 CALON-C exploratory transport to the All-Wales registry (THESIS-AN-05),Lipid medicine,"What does this section establish that the preceding section did not, and which single sentence carries the claim?",Medium,New (generic probe),"Identify the load-bearing sentence and its source (publication, manuscript, THESIS-AN package or decision).",Section B.5 CALON-,Re-read the section; underline the one load-bearing sentence; write its source and tier on the numbers card.,,not rehearsed
G-B.5 CALON--2,Appendices and references,B.5 CALON-C exploratory transport to the All-Wales registry (THESIS-AN-05),Lipid medicine,"Which statement in this section is least well supported, and what would you change?",Medium,New (generic probe),"Name the weakest clause first, concede, then state the bounded version.",Section B.5 CALON-,List the two weakest clauses; draft a one-sentence concession for each.,,not rehearsed
G-B.5 CALON--3,Appendices and references,B.5 CALON-C exploratory transport to the All-Wales registry (THESIS-AN-05),Lipid medicine,"Which source or number in this section would you defend under challenge, and where does it come from?",Medium,New (generic probe),"Give the number, its frame and its tier; name the table it lives in.",Section B.5 CALON-,Verify each number against its table; confirm DOI status in Appendix 2 of the spoken document.,,not rehearsed
G-B.6 CALON--1,Appendices and references,B.6 CALON-C common-data comparator benchmarking,Lipid medicine,"What does this section establish that the preceding section did not, and which single sentence carries the claim?",Medium,New (generic probe),"Identify the load-bearing sentence and its source (publication, manuscript, THESIS-AN package or decision).",Section B.6 CALON-,Re-read the section; underline the one load-bearing sentence; write its source and tier on the numbers card.,,not rehearsed
G-B.6 CALON--2,Appendices and references,B.6 CALON-C common-data comparator benchmarking,Lipid medicine,"Which statement in this section is least well supported, and what would you change?",Medium,New (generic probe),"Name the weakest clause first, concede, then state the bounded version.",Section B.6 CALON-,List the two weakest clauses; draft a one-sentence concession for each.,,not rehearsed
G-B.6 CALON--3,Appendices and references,B.6 CALON-C common-data comparator benchmarking,Lipid medicine,"Which source or number in this section would you defend under challenge, and where does it come from?",Medium,New (generic probe),"Give the number, its frame and its tier; name the table it lives in.",Section B.6 CALON-,Verify each number against its table; confirm DOI status in Appendix 2 of the spoken document.,,not rehearsed
G-B.7 CALON--1,Appendices and references,B.7 CALON-C treatment reconstruction (Convention B),Biostatistics,"What does this section establish that the preceding section did not, and which single sentence carries the claim?",Medium,New (generic probe),"Identify the load-bearing sentence and its source (publication, manuscript, THESIS-AN package or decision).",Section B.7 CALON-,Re-read the section; underline the one load-bearing sentence; write its source and tier on the numbers card.,,not rehearsed
G-B.7 CALON--2,Appendices and references,B.7 CALON-C treatment reconstruction (Convention B),Biostatistics,"Which statement in this section is least well supported, and what would you change?",Medium,New (generic probe),"Name the weakest clause first, concede, then state the bounded version.",Section B.7 CALON-,List the two weakest clauses; draft a one-sentence concession for each.,,not rehearsed
G-B.7 CALON--3,Appendices and references,B.7 CALON-C treatment reconstruction (Convention B),Biostatistics,"Which source or number in this section would you defend under challenge, and where does it come from?",Medium,New (generic probe),"Give the number, its frame and its tier; name the table it lives in.",Section B.7 CALON-,Verify each number against its table; confirm DOI status in Appendix 2 of the spoken document.,,not rehearsed
G-B.8 CALON--1,Appendices and references,B.8 CALON-C subgroups and risk-of-bias appraisal,Lipid medicine,"What does this section establish that the preceding section did not, and which single sentence carries the claim?",Medium,New (generic probe),"Identify the load-bearing sentence and its source (publication, manuscript, THESIS-AN package or decision).",Section B.8 CALON-,Re-read the section; underline the one load-bearing sentence; write its source and tier on the numbers card.,,not rehearsed
G-B.8 CALON--2,Appendices and references,B.8 CALON-C subgroups and risk-of-bias appraisal,Lipid medicine,"Which statement in this section is least well supported, and what would you change?",Medium,New (generic probe),"Name the weakest clause first, concede, then state the bounded version.",Section B.8 CALON-,List the two weakest clauses; draft a one-sentence concession for each.,,not rehearsed
G-B.8 CALON--3,Appendices and references,B.8 CALON-C subgroups and risk-of-bias appraisal,Lipid medicine,"Which source or number in this section would you defend under challenge, and where does it come from?",Medium,New (generic probe),"Give the number, its frame and its tier; name the table it lives in.",Section B.8 CALON-,Verify each number against its table; confirm DOI status in Appendix 2 of the spoken document.,,not rehearsed
G-B.9 CALON--1,Appendices and references,B.9 CALON-C lineage results admitted from the manuscript,Lipid medicine,"What does this section establish that the preceding section did not, and which single sentence carries the claim?",Medium,New (generic probe),"Identify the load-bearing sentence and its source (publication, manuscript, THESIS-AN package or decision).",Section B.9 CALON-,Re-read the section; underline the one load-bearing sentence; write its source and tier on the numbers card.,,not rehearsed
G-B.9 CALON--2,Appendices and references,B.9 CALON-C lineage results admitted from the manuscript,Lipid medicine,"Which statement in this section is least well supported, and what would you change?",Medium,New (generic probe),"Name the weakest clause first, concede, then state the bounded version.",Section B.9 CALON-,List the two weakest clauses; draft a one-sentence concession for each.,,not rehearsed
G-B.9 CALON--3,Appendices and references,B.9 CALON-C lineage results admitted from the manuscript,Lipid medicine,"Which source or number in this section would you defend under challenge, and where does it come from?",Medium,New (generic probe),"Give the number, its frame and its tier; name the table it lives in.",Section B.9 CALON-,Verify each number against its table; confirm DOI status in Appendix 2 of the spoken document.,,not rehearsed
G-C.1 Prespe-1,Appendices and references,C.1 Prespecified cohort roles,Lipid medicine,"What does this section establish that the preceding section did not, and which single sentence carries the claim?",Medium,New (generic probe),"Identify the load-bearing sentence and its source (publication, manuscript, THESIS-AN package or decision).",Section C.1 Prespe,Re-read the section; underline the one load-bearing sentence; write its source and tier on the numbers card.,,not rehearsed
G-C.1 Prespe-2,Appendices and references,C.1 Prespecified cohort roles,Lipid medicine,"Which statement in this section is least well supported, and what would you change?",Medium,New (generic probe),"Name the weakest clause first, concede, then state the bounded version.",Section C.1 Prespe,List the two weakest clauses; draft a one-sentence concession for each.,,not rehearsed
G-C.1 Prespe-3,Appendices and references,C.1 Prespecified cohort roles,Lipid medicine,"Which source or number in this section would you defend under challenge, and where does it come from?",Medium,New (generic probe),"Give the number, its frame and its tier; name the table it lives in.",Section C.1 Prespe,Verify each number against its table; confirm DOI status in Appendix 2 of the spoken document.,,not rehearsed
G-C.2 Denomi-1,Appendices and references,C.2 Denominator ontology,Lipid medicine,"What does this section establish that the preceding section did not, and which single sentence carries the claim?",Medium,New (generic probe),"Identify the load-bearing sentence and its source (publication, manuscript, THESIS-AN package or decision).",Section C.2 Denomi,Re-read the section; underline the one load-bearing sentence; write its source and tier on the numbers card.,,not rehearsed
G-C.2 Denomi-2,Appendices and references,C.2 Denominator ontology,Lipid medicine,"Which statement in this section is least well supported, and what would you change?",Medium,New (generic probe),"Name the weakest clause first, concede, then state the bounded version.",Section C.2 Denomi,List the two weakest clauses; draft a one-sentence concession for each.,,not rehearsed
G-C.2 Denomi-3,Appendices and references,C.2 Denominator ontology,Lipid medicine,"Which source or number in this section would you defend under challenge, and where does it come from?",Medium,New (generic probe),"Give the number, its frame and its tier; name the table it lives in.",Section C.2 Denomi,Verify each number against its table; confirm DOI status in Appendix 2 of the spoken document.,,not rehearsed
G-D.1 Conven-1,Appendices and references,D.1 Convention A: regimen/intensity residual fractions,Lipid medicine,"What does this section establish that the preceding section did not, and which single sentence carries the claim?",Medium,New (generic probe),"Identify the load-bearing sentence and its source (publication, manuscript, THESIS-AN package or decision).",Section D.1 Conven,Re-read the section; underline the one load-bearing sentence; write its source and tier on the numbers card.,,not rehearsed
G-D.1 Conven-2,Appendices and references,D.1 Convention A: regimen/intensity residual fractions,Lipid medicine,"Which statement in this section is least well supported, and what would you change?",Medium,New (generic probe),"Name the weakest clause first, concede, then state the bounded version.",Section D.1 Conven,List the two weakest clauses; draft a one-sentence concession for each.,,not rehearsed
G-D.1 Conven-3,Appendices and references,D.1 Convention A: regimen/intensity residual fractions,Lipid medicine,"Which source or number in this section would you defend under challenge, and where does it come from?",Medium,New (generic probe),"Give the number, its frame and its tier; name the table it lives in.",Section D.1 Conven,Verify each number against its table; confirm DOI status in Appendix 2 of the spoken document.,,not rehearsed
G-D.2 Conven-1,Appendices and references,D.2 Convention B: CALON-C population-average scalars,Lipid medicine,"What does this section establish that the preceding section did not, and which single sentence carries the claim?",Medium,New (generic probe),"Identify the load-bearing sentence and its source (publication, manuscript, THESIS-AN package or decision).",Section D.2 Conven,Re-read the section; underline the one load-bearing sentence; write its source and tier on the numbers card.,,not rehearsed
G-D.2 Conven-2,Appendices and references,D.2 Convention B: CALON-C population-average scalars,Lipid medicine,"Which statement in this section is least well supported, and what would you change?",Medium,New (generic probe),"Name the weakest clause first, concede, then state the bounded version.",Section D.2 Conven,List the two weakest clauses; draft a one-sentence concession for each.,,not rehearsed
G-D.2 Conven-3,Appendices and references,D.2 Convention B: CALON-C population-average scalars,Lipid medicine,"Which source or number in this section would you defend under challenge, and where does it come from?",Medium,New (generic probe),"Give the number, its frame and its tier; name the table it lives in.",Section D.2 Conven,Verify each number against its table; confirm DOI status in Appendix 2 of the spoken document.,,not rehearsed
G-D.3 Conven-1,Appendices and references,"D.3 Convention C: CALON-5 linear reconstruction, and the Paper 14 back-calculation rules",Biostatistics,"What does this section establish that the preceding section did not, and which single sentence carries the claim?",Medium,New (generic probe),"Identify the load-bearing sentence and its source (publication, manuscript, THESIS-AN package or decision).",Section D.3 Conven,Re-read the section; underline the one load-bearing sentence; write its source and tier on the numbers card.,,not rehearsed
G-D.3 Conven-2,Appendices and references,"D.3 Convention C: CALON-5 linear reconstruction, and the Paper 14 back-calculation rules",Biostatistics,"Which statement in this section is least well supported, and what would you change?",Medium,New (generic probe),"Name the weakest clause first, concede, then state the bounded version.",Section D.3 Conven,List the two weakest clauses; draft a one-sentence concession for each.,,not rehearsed
G-D.3 Conven-3,Appendices and references,"D.3 Convention C: CALON-5 linear reconstruction, and the Paper 14 back-calculation rules",Biostatistics,"Which source or number in this section would you defend under challenge, and where does it come from?",Medium,New (generic probe),"Give the number, its frame and its tier; name the table it lives in.",Section D.3 Conven,Verify each number against its table; confirm DOI status in Appendix 2 of the spoken document.,,not rehearsed
G-D.4 Propag-1,Appendices and references,D.4 Propagation of reconstruction uncertainty,Biostatistics,"What does this section establish that the preceding section did not, and which single sentence carries the claim?",Medium,New (generic probe),"Identify the load-bearing sentence and its source (publication, manuscript, THESIS-AN package or decision).",Section D.4 Propag,Re-read the section; underline the one load-bearing sentence; write its source and tier on the numbers card.,,not rehearsed
G-D.4 Propag-2,Appendices and references,D.4 Propagation of reconstruction uncertainty,Biostatistics,"Which statement in this section is least well supported, and what would you change?",Medium,New (generic probe),"Name the weakest clause first, concede, then state the bounded version.",Section D.4 Propag,List the two weakest clauses; draft a one-sentence concession for each.,,not rehearsed
G-D.4 Propag-3,Appendices and references,D.4 Propagation of reconstruction uncertainty,Biostatistics,"Which source or number in this section would you defend under challenge, and where does it come from?",Medium,New (generic probe),"Give the number, its frame and its tier; name the table it lives in.",Section D.4 Propag,Verify each number against its table; confirm DOI status in Appendix 2 of the spoken document.,,not rehearsed
G-E.1 STROBE-1,Appendices and references,E.1 STROBE and RECORD: observational/routinely collected studies,Lipid medicine,"What does this section establish that the preceding section did not, and which single sentence carries the claim?",Medium,New (generic probe),"Identify the load-bearing sentence and its source (publication, manuscript, THESIS-AN package or decision).",Section E.1 STROBE,Re-read the section; underline the one load-bearing sentence; write its source and tier on the numbers card.,,not rehearsed
G-E.1 STROBE-2,Appendices and references,E.1 STROBE and RECORD: observational/routinely collected studies,Lipid medicine,"Which statement in this section is least well supported, and what would you change?",Medium,New (generic probe),"Name the weakest clause first, concede, then state the bounded version.",Section E.1 STROBE,List the two weakest clauses; draft a one-sentence concession for each.,,not rehearsed
G-E.1 STROBE-3,Appendices and references,E.1 STROBE and RECORD: observational/routinely collected studies,Lipid medicine,"Which source or number in this section would you defend under challenge, and where does it come from?",Medium,New (generic probe),"Give the number, its frame and its tier; name the table it lives in.",Section E.1 STROBE,Verify each number against its table; confirm DOI status in Appendix 2 of the spoken document.,,not rehearsed
G-E.2 TRIPOD-1,Appendices and references,"E.2 TRIPOD/TRIPOD+AI: TUDOR, CALON-5 and the two-term model, with CALON-C as lineage",Biostatistics,"What does this section establish that the preceding section did not, and which single sentence carries the claim?",Medium,New (generic probe),"Identify the load-bearing sentence and its source (publication, manuscript, THESIS-AN package or decision).",Section E.2 TRIPOD,Re-read the section; underline the one load-bearing sentence; write its source and tier on the numbers card.,,not rehearsed
G-E.2 TRIPOD-2,Appendices and references,"E.2 TRIPOD/TRIPOD+AI: TUDOR, CALON-5 and the two-term model, with CALON-C as lineage",Biostatistics,"Which statement in this section is least well supported, and what would you change?",Medium,New (generic probe),"Name the weakest clause first, concede, then state the bounded version.",Section E.2 TRIPOD,List the two weakest clauses; draft a one-sentence concession for each.,,not rehearsed
G-E.2 TRIPOD-3,Appendices and references,"E.2 TRIPOD/TRIPOD+AI: TUDOR, CALON-5 and the two-term model, with CALON-C as lineage",Biostatistics,"Which source or number in this section would you defend under challenge, and where does it come from?",Medium,New (generic probe),"Give the number, its frame and its tier; name the table it lives in.",Section E.2 TRIPOD,Verify each number against its table; confirm DOI status in Appendix 2 of the spoken document.,,not rehearsed
G-E.3 PROBAS-1,Appendices and references,E.3 PROBAST+AI,Lipid medicine,"What does this section establish that the preceding section did not, and which single sentence carries the claim?",Medium,New (generic probe),"Identify the load-bearing sentence and its source (publication, manuscript, THESIS-AN package or decision).",Section E.3 PROBAS,Re-read the section; underline the one load-bearing sentence; write its source and tier on the numbers card.,,not rehearsed
G-E.3 PROBAS-2,Appendices and references,E.3 PROBAST+AI,Lipid medicine,"Which statement in this section is least well supported, and what would you change?",Medium,New (generic probe),"Name the weakest clause first, concede, then state the bounded version.",Section E.3 PROBAS,List the two weakest clauses; draft a one-sentence concession for each.,,not rehearsed
G-E.3 PROBAS-3,Appendices and references,E.3 PROBAST+AI,Lipid medicine,"Which source or number in this section would you defend under challenge, and where does it come from?",Medium,New (generic probe),"Give the number, its frame and its tier; name the table it lives in.",Section E.3 PROBAS,Verify each number against its table; confirm DOI status in Appendix 2 of the spoken document.,,not rehearsed
G-E.4 TRIPOD-1,Appendices and references,E.4 TRIPOD-Cluster: clustered data,Lipid medicine,"What does this section establish that the preceding section did not, and which single sentence carries the claim?",Medium,New (generic probe),"Identify the load-bearing sentence and its source (publication, manuscript, THESIS-AN package or decision).",Section E.4 TRIPOD,Re-read the section; underline the one load-bearing sentence; write its source and tier on the numbers card.,,not rehearsed
G-E.4 TRIPOD-2,Appendices and references,E.4 TRIPOD-Cluster: clustered data,Lipid medicine,"Which statement in this section is least well supported, and what would you change?",Medium,New (generic probe),"Name the weakest clause first, concede, then state the bounded version.",Section E.4 TRIPOD,List the two weakest clauses; draft a one-sentence concession for each.,,not rehearsed
G-E.4 TRIPOD-3,Appendices and references,E.4 TRIPOD-Cluster: clustered data,Lipid medicine,"Which source or number in this section would you defend under challenge, and where does it come from?",Medium,New (generic probe),"Give the number, its frame and its tier; name the table it lives in.",Section E.4 TRIPOD,Verify each number against its table; confirm DOI status in Appendix 2 of the spoken document.,,not rehearsed
G-F.1 Design-1,Appendices and references,F.1 Design and status,Lipid medicine,"What does this section establish that the preceding section did not, and which single sentence carries the claim?",Medium,New (generic probe),"Identify the load-bearing sentence and its source (publication, manuscript, THESIS-AN package or decision).",Section F.1 Design,Re-read the section; underline the one load-bearing sentence; write its source and tier on the numbers card.,,not rehearsed
G-F.1 Design-2,Appendices and references,F.1 Design and status,Lipid medicine,"Which statement in this section is least well supported, and what would you change?",Medium,New (generic probe),"Name the weakest clause first, concede, then state the bounded version.",Section F.1 Design,List the two weakest clauses; draft a one-sentence concession for each.,,not rehearsed
G-F.1 Design-3,Appendices and references,F.1 Design and status,Lipid medicine,"Which source or number in this section would you defend under challenge, and where does it come from?",Medium,New (generic probe),"Give the number, its frame and its tier; name the table it lives in.",Section F.1 Design,Verify each number against its table; confirm DOI status in Appendix 2 of the spoken document.,,not rehearsed
G-F.10 Third-1,Appendices and references,F.10 Third session: novelty and nearest-prior-work search (27 September 2026),Lipid medicine,"What does this section establish that the preceding section did not, and which single sentence carries the claim?",Medium,New (generic probe),"Identify the load-bearing sentence and its source (publication, manuscript, THESIS-AN package or decision).",Section F.10 Third,Re-read the section; underline the one load-bearing sentence; write its source and tier on the numbers card.,,not rehearsed
G-F.10 Third-2,Appendices and references,F.10 Third session: novelty and nearest-prior-work search (27 September 2026),Lipid medicine,"Which statement in this section is least well supported, and what would you change?",Medium,New (generic probe),"Name the weakest clause first, concede, then state the bounded version.",Section F.10 Third,List the two weakest clauses; draft a one-sentence concession for each.,,not rehearsed
G-F.10 Third-3,Appendices and references,F.10 Third session: novelty and nearest-prior-work search (27 September 2026),Lipid medicine,"Which source or number in this section would you defend under challenge, and where does it come from?",Medium,New (generic probe),"Give the number, its frame and its tier; name the table it lives in.",Section F.10 Third,Verify each number against its table; confirm DOI status in Appendix 2 of the spoken document.,,not rehearsed
G-F.2 Dates -1,Appendices and references,F.2 Dates and evidence window,Lipid medicine,"What does this section establish that the preceding section did not, and which single sentence carries the claim?",Medium,New (generic probe),"Identify the load-bearing sentence and its source (publication, manuscript, THESIS-AN package or decision).",Section F.2 Dates ,Re-read the section; underline the one load-bearing sentence; write its source and tier on the numbers card.,,not rehearsed
G-F.2 Dates -2,Appendices and references,F.2 Dates and evidence window,Lipid medicine,"Which statement in this section is least well supported, and what would you change?",Medium,New (generic probe),"Name the weakest clause first, concede, then state the bounded version.",Section F.2 Dates ,List the two weakest clauses; draft a one-sentence concession for each.,,not rehearsed
G-F.2 Dates -3,Appendices and references,F.2 Dates and evidence window,Lipid medicine,"Which source or number in this section would you defend under challenge, and where does it come from?",Medium,New (generic probe),"Give the number, its frame and its tier; name the table it lives in.",Section F.2 Dates ,Verify each number against its table; confirm DOI status in Appendix 2 of the spoken document.,,not rehearsed
G-F.3 Platfo-1,Appendices and references,F.3 Platforms and their status on 23 September 2026,Lipid medicine,"What does this section establish that the preceding section did not, and which single sentence carries the claim?",Medium,New (generic probe),"Identify the load-bearing sentence and its source (publication, manuscript, THESIS-AN package or decision).",Section F.3 Platfo,Re-read the section; underline the one load-bearing sentence; write its source and tier on the numbers card.,,not rehearsed
G-F.3 Platfo-2,Appendices and references,F.3 Platforms and their status on 23 September 2026,Lipid medicine,"Which statement in this section is least well supported, and what would you change?",Medium,New (generic probe),"Name the weakest clause first, concede, then state the bounded version.",Section F.3 Platfo,List the two weakest clauses; draft a one-sentence concession for each.,,not rehearsed
G-F.3 Platfo-3,Appendices and references,F.3 Platforms and their status on 23 September 2026,Lipid medicine,"Which source or number in this section would you defend under challenge, and where does it come from?",Medium,New (generic probe),"Give the number, its frame and its tier; name the table it lives in.",Section F.3 Platfo,Verify each number against its table; confirm DOI status in Appendix 2 of the spoken document.,,not rehearsed
G-F.4 Search-1,Appendices and references,F.4 Search strings,Lipid medicine,"What does this section establish that the preceding section did not, and which single sentence carries the claim?",Medium,New (generic probe),"Identify the load-bearing sentence and its source (publication, manuscript, THESIS-AN package or decision).",Section F.4 Search,Re-read the section; underline the one load-bearing sentence; write its source and tier on the numbers card.,,not rehearsed
G-F.4 Search-2,Appendices and references,F.4 Search strings,Lipid medicine,"Which statement in this section is least well supported, and what would you change?",Medium,New (generic probe),"Name the weakest clause first, concede, then state the bounded version.",Section F.4 Search,List the two weakest clauses; draft a one-sentence concession for each.,,not rehearsed
G-F.4 Search-3,Appendices and references,F.4 Search strings,Lipid medicine,"Which source or number in this section would you defend under challenge, and where does it come from?",Medium,New (generic probe),"Give the number, its frame and its tier; name the table it lives in.",Section F.4 Search,Verify each number against its table; confirm DOI status in Appendix 2 of the spoken document.,,not rehearsed
G-F.5 Screen-1,Appendices and references,F.5 Screening boundary and procedure,Lipid medicine,"What does this section establish that the preceding section did not, and which single sentence carries the claim?",Medium,New (generic probe),"Identify the load-bearing sentence and its source (publication, manuscript, THESIS-AN package or decision).",Section F.5 Screen,Re-read the section; underline the one load-bearing sentence; write its source and tier on the numbers card.,,not rehearsed
G-F.5 Screen-2,Appendices and references,F.5 Screening boundary and procedure,Lipid medicine,"Which statement in this section is least well supported, and what would you change?",Medium,New (generic probe),"Name the weakest clause first, concede, then state the bounded version.",Section F.5 Screen,List the two weakest clauses; draft a one-sentence concession for each.,,not rehearsed
G-F.5 Screen-3,Appendices and references,F.5 Screening boundary and procedure,Lipid medicine,"Which source or number in this section would you defend under challenge, and where does it come from?",Medium,New (generic probe),"Give the number, its frame and its tier; name the table it lives in.",Section F.5 Screen,Verify each number against its table; confirm DOI status in Appendix 2 of the spoken document.,,not rehearsed
G-F.6 Full-t-1,Appendices and references,F.6 Full-text retrieval and admission,Lipid medicine,"What does this section establish that the preceding section did not, and which single sentence carries the claim?",Medium,New (generic probe),"Identify the load-bearing sentence and its source (publication, manuscript, THESIS-AN package or decision).",Section F.6 Full-t,Re-read the section; underline the one load-bearing sentence; write its source and tier on the numbers card.,,not rehearsed
G-F.6 Full-t-2,Appendices and references,F.6 Full-text retrieval and admission,Lipid medicine,"Which statement in this section is least well supported, and what would you change?",Medium,New (generic probe),"Name the weakest clause first, concede, then state the bounded version.",Section F.6 Full-t,List the two weakest clauses; draft a one-sentence concession for each.,,not rehearsed
G-F.6 Full-t-3,Appendices and references,F.6 Full-text retrieval and admission,Lipid medicine,"Which source or number in this section would you defend under challenge, and where does it come from?",Medium,New (generic probe),"Give the number, its frame and its tier; name the table it lives in.",Section F.6 Full-t,Verify each number against its table; confirm DOI status in Appendix 2 of the spoken document.,,not rehearsed
G-F.7 Own ou-1,Appendices and references,F.7 Own outputs,Lipid medicine,"What does this section establish that the preceding section did not, and which single sentence carries the claim?",Medium,New (generic probe),"Identify the load-bearing sentence and its source (publication, manuscript, THESIS-AN package or decision).",Section F.7 Own ou,Re-read the section; underline the one load-bearing sentence; write its source and tier on the numbers card.,,not rehearsed
G-F.7 Own ou-2,Appendices and references,F.7 Own outputs,Lipid medicine,"Which statement in this section is least well supported, and what would you change?",Medium,New (generic probe),"Name the weakest clause first, concede, then state the bounded version.",Section F.7 Own ou,List the two weakest clauses; draft a one-sentence concession for each.,,not rehearsed
G-F.7 Own ou-3,Appendices and references,F.7 Own outputs,Lipid medicine,"Which source or number in this section would you defend under challenge, and where does it come from?",Medium,New (generic probe),"Give the number, its frame and its tier; name the table it lives in.",Section F.7 Own ou,Verify each number against its table; confirm DOI status in Appendix 2 of the spoken document.,,not rehearsed
G-F.8 Limits-1,Appendices and references,F.8 Limits,Lipid medicine,"What does this section establish that the preceding section did not, and which single sentence carries the claim?",Medium,New (generic probe),"Identify the load-bearing sentence and its source (publication, manuscript, THESIS-AN package or decision).",Section F.8 Limits,Re-read the section; underline the one load-bearing sentence; write its source and tier on the numbers card.,,not rehearsed
G-F.8 Limits-2,Appendices and references,F.8 Limits,Lipid medicine,"Which statement in this section is least well supported, and what would you change?",Medium,New (generic probe),"Name the weakest clause first, concede, then state the bounded version.",Section F.8 Limits,List the two weakest clauses; draft a one-sentence concession for each.,,not rehearsed
G-F.8 Limits-3,Appendices and references,F.8 Limits,Lipid medicine,"Which source or number in this section would you defend under challenge, and where does it come from?",Medium,New (generic probe),"Give the number, its frame and its tier; name the table it lives in.",Section F.8 Limits,Verify each number against its table; confirm DOI status in Appendix 2 of the spoken document.,,not rehearsed
G-F.9 Work t-1,Appendices and references,F.9 Work that would complete the search,Lipid medicine,"What does this section establish that the preceding section did not, and which single sentence carries the claim?",Medium,New (generic probe),"Identify the load-bearing sentence and its source (publication, manuscript, THESIS-AN package or decision).",Section F.9 Work t,Re-read the section; underline the one load-bearing sentence; write its source and tier on the numbers card.,,not rehearsed
G-F.9 Work t-2,Appendices and references,F.9 Work that would complete the search,Lipid medicine,"Which statement in this section is least well supported, and what would you change?",Medium,New (generic probe),"Name the weakest clause first, concede, then state the bounded version.",Section F.9 Work t,List the two weakest clauses; draft a one-sentence concession for each.,,not rehearsed
G-F.9 Work t-3,Appendices and references,F.9 Work that would complete the search,Lipid medicine,"Which source or number in this section would you defend under challenge, and where does it come from?",Medium,New (generic probe),"Give the number, its frame and its tier; name the table it lives in.",Section F.9 Work t,Verify each number against its table; confirm DOI status in Appendix 2 of the spoken document.,,not rehearsed
G-H1-AppendixAEvi,Appendices and references,Appendix A — Evidence-maturity and claim-permission ledger,All,State the question this chapter answers and the one number that answers it.,Medium,"Spoken document, chapter answer sub-section","Chapter answer paragraph (Sections 4.10, 5.7, 6.9, 7.15, 8.1).",Chapter answer paragraph,Memorise the chapter answer verbatim.,,not rehearsed
G-H1-AppendixBMod,Appendices and references,"Appendix B — Model lineage, Welsh-denominator reconciliation and Paper 14 version history",All,State the question this chapter answers and the one number that answers it.,Medium,"Spoken document, chapter answer sub-section","Chapter answer paragraph (Sections 4.10, 5.7, 6.9, 7.15, 8.1).",Chapter answer paragraph,Memorise the chapter answer verbatim.,,not rehearsed
G-H1-AppendixCCoh,Appendices and references,Appendix C — Cohort-role matrix and denominator ontology,All,State the question this chapter answers and the one number that answers it.,Medium,"Spoken document, chapter answer sub-section","Chapter answer paragraph (Sections 4.10, 5.7, 6.9, 7.15, 8.1).",Chapter answer paragraph,Memorise the chapter answer verbatim.,,not rehearsed
G-H1-AppendixDRec,Appendices and references,Appendix D — Reconstruction conventions and agreement results,All,State the question this chapter answers and the one number that answers it.,Medium,"Spoken document, chapter answer sub-section","Chapter answer paragraph (Sections 4.10, 5.7, 6.9, 7.15, 8.1).",Chapter answer paragraph,Memorise the chapter answer verbatim.,,not rehearsed
G-H1-AppendixERep,Appendices and references,Appendix E — Reporting-standard checklist,All,State the question this chapter answers and the one number that answers it.,Medium,"Spoken document, chapter answer sub-section","Chapter answer paragraph (Sections 4.10, 5.7, 6.9, 7.15, 8.1).",Chapter answer paragraph,Memorise the chapter answer verbatim.,,not rehearsed
G-H1-AppendixFLit,Appendices and references,"Appendix F — Literature search strategy, coverage and limits",All,State the question this chapter answers and the one number that answers it.,Medium,"Spoken document, chapter answer sub-section","Chapter answer paragraph (Sections 4.10, 5.7, 6.9, 7.15, 8.1).",Chapter answer paragraph,Memorise the chapter answer verbatim.,,not rehearsed
G-H1-AppendixGGlo,Appendices and references,Appendix G — Glossary,All,State the question this chapter answers and the one number that answers it.,Medium,"Spoken document, chapter answer sub-section","Chapter answer paragraph (Sections 4.10, 5.7, 6.9, 7.15, 8.1).",Chapter answer paragraph,Memorise the chapter answer verbatim.,,not rehearsed
G-H1-References,Appendices and references,References,All,State the question this chapter answers and the one number that answers it.,Medium,"Spoken document, chapter answer sub-section","Chapter answer paragraph (Sections 4.10, 5.7, 6.9, 7.15, 8.1).",Chapter answer paragraph,Memorise the chapter answer verbatim.,,not rehearsed
S-A1,Appendices and references,Appendix A,Lipid medicine,What is the admission rule?,Medium,MD_THESIS_VIVA_FULL_QA_SPOKEN A1,See spoken answer,Thesis section named in the answer; numbers card,Rehearse aloud with cues; time under 90 s,,not rehearsed
S-A2,Appendices and references,Appendix A,Lipid medicine,Which Appendix A rows are T5 or T6?,Medium,MD_THESIS_VIVA_FULL_QA_SPOKEN A2,See spoken answer,Thesis section named in the answer; numbers card,Rehearse aloud with cues; time under 90 s,,not rehearsed
S-B1,Appendices and references,Appendix B,Lipid medicine,Why is Appendix B so long?,Medium,MD_THESIS_VIVA_FULL_QA_SPOKEN B1,See spoken answer,Thesis section named in the answer; numbers card,Rehearse aloud with cues; time under 90 s,,not rehearsed
S-B2,Appendices and references,Appendix B,Lipid medicine,What did the CALON-C manuscript claim that the thesis withholds?,Medium,MD_THESIS_VIVA_FULL_QA_SPOKEN B2,See spoken answer,Thesis section named in the answer; numbers card,Rehearse aloud with cues; time under 90 s,,not rehearsed
S-B3,Appendices and references,Appendix B,Lipid medicine,The Paper 14 version history: read it to me.,Medium,MD_THESIS_VIVA_FULL_QA_SPOKEN B3,See spoken answer,Thesis section named in the answer; numbers card,Rehearse aloud with cues; time under 90 s,,not rehearsed
S-C1,Appendices and references,Appendix C,Lipid medicine,What is the denominator ontology?,Medium,MD_THESIS_VIVA_FULL_QA_SPOKEN C1,See spoken answer,Thesis section named in the answer; numbers card,Rehearse aloud with cues; time under 90 s,,not rehearsed
S-D2,Appendices and references,Appendix D,Lipid medicine,The claim that error worsened in the high-risk tail?,Medium,MD_THESIS_VIVA_FULL_QA_SPOKEN D2,See spoken answer,Thesis section named in the answer; numbers card,Rehearse aloud with cues; time under 90 s,,not rehearsed
S-E1,Appendices and references,Appendix E,Lipid medicine,"Which reporting standards, and what does ""addressed"" mean?",Medium,MD_THESIS_VIVA_FULL_QA_SPOKEN E1,See spoken answer,Thesis section named in the answer; numbers card,Rehearse aloud with cues; time under 90 s,,not rehearsed
S-G1,Appendices and references,Appendix G,Biostatistics,Your glossary defines calibration as O/E and slope. Is that complete?,Medium,MD_THESIS_VIVA_FULL_QA_SPOKEN G1,See spoken answer,Thesis section named in the answer; numbers card,Rehearse aloud with cues; time under 90 s,,not rehearsed
T-TableA.1.-1,Appendices and references,"Table A.1.: Evidence classes, permitted wording and tier codes",Biostatistics,"Walk me through Table A.1. row by row: denominators, units, interval convention, genetic frame and tier.",Medium,New (display probe),Read each row with its frame; never merge denominators across rows; name the source manuscript or package.,Table A.1.,Practise a 90-second narration of the display; mark any row whose value differs from the chapter text (see corrections list).,,not rehearsed
T-TableA.1.-2,Appendices and references,"Table A.1.: Evidence classes, permitted wording and tier codes",Lipid medicine,"Which row of Table A.1. would a critic attack first, and how do you answer?",Medium,New (display probe),"Pick the weakest row, concede its limit (tier, events, convention) and state what would remove it.",Table A.1.,Write the weakest row and its concession on the numbers card.,,not rehearsed
T-TableA.2.-1,Appendices and references,Table A.2.: Claim ledger (Chapters 4–7),Biostatistics,"Walk me through Table A.2. row by row: denominators, units, interval convention, genetic frame and tier.",Medium,New (display probe),Read each row with its frame; never merge denominators across rows; name the source manuscript or package.,Table A.2.,Practise a 90-second narration of the display; mark any row whose value differs from the chapter text (see corrections list).,,not rehearsed
T-TableA.2.-2,Appendices and references,Table A.2.: Claim ledger (Chapters 4–7),Lipid medicine,"Which row of Table A.2. would a critic attack first, and how do you answer?",Medium,New (display probe),"Pick the weakest row, concede its limit (tier, events, convention) and state what would remove it.",Table A.2.,Write the weakest row and its concession on the numbers card.,,not rehearsed
T-TableB.1.-1,Appendices and references,Table B.1.: Lineage objects and their permitted use,Biostatistics,"Walk me through Table B.1. row by row: denominators, units, interval convention, genetic frame and tier.",Medium,New (display probe),Read each row with its frame; never merge denominators across rows; name the source manuscript or package.,Table B.1.,Practise a 90-second narration of the display; mark any row whose value differs from the chapter text (see corrections list).,,not rehearsed
T-TableB.1.-2,Appendices and references,Table B.1.: Lineage objects and their permitted use,Lipid medicine,"Which row of Table B.1. would a critic attack first, and how do you answer?",Medium,New (display probe),"Pick the weakest row, concede its limit (tier, events, convention) and state what would remove it.",Table B.1.,Write the weakest row and its concession on the numbers card.,,not rehearsed
T-TableB.2.-1,Appendices and references,Table B.2.: Paper 14 version history for Chapter 5,Biostatistics,"Walk me through Table B.2. row by row: denominators, units, interval convention, genetic frame and tier.",Medium,New (display probe),Read each row with its frame; never merge denominators across rows; name the source manuscript or package.,Table B.2.,Practise a 90-second narration of the display; mark any row whose value differs from the chapter text (see corrections list).,,not rehearsed
T-TableB.2.-2,Appendices and references,Table B.2.: Paper 14 version history for Chapter 5,Lipid medicine,"Which row of Table B.2. would a critic attack first, and how do you answer?",Medium,New (display probe),"Pick the weakest row, concede its limit (tier, events, convention) and state what would remove it.",Table B.2.,Write the weakest row and its concession on the numbers card.,,not rehearsed
T-TableB.3.-1,Appendices and references,Table B.3.: Welsh CALON-C lineage objects,Biostatistics,"Walk me through Table B.3. row by row: denominators, units, interval convention, genetic frame and tier.",Medium,New (display probe),Read each row with its frame; never merge denominators across rows; name the source manuscript or package.,Table B.3.,Practise a 90-second narration of the display; mark any row whose value differs from the chapter text (see corrections list).,,not rehearsed
T-TableB.3.-2,Appendices and references,Table B.3.: Welsh CALON-C lineage objects,Lipid medicine,"Which row of Table B.3. would a critic attack first, and how do you answer?",Medium,New (display probe),"Pick the weakest row, concede its limit (tier, events, convention) and state what would remove it.",Table B.3.,Write the weakest row and its concession on the numbers card.,,not rehearsed
T-TableC.1.-1,Appendices and references,Table C.1.: Cohort roles and denominators by chapter,Biostatistics,"Walk me through Table C.1. row by row: denominators, units, interval convention, genetic frame and tier.",Medium,New (display probe),Read each row with its frame; never merge denominators across rows; name the source manuscript or package.,Table C.1.,Practise a 90-second narration of the display; mark any row whose value differs from the chapter text (see corrections list).,,not rehearsed
T-TableC.1.-2,Appendices and references,Table C.1.: Cohort roles and denominators by chapter,Lipid medicine,"Which row of Table C.1. would a critic attack first, and how do you answer?",Medium,New (display probe),"Pick the weakest row, concede its limit (tier, events, convention) and state what would remove it.",Table C.1.,Write the weakest row and its concession on the numbers card.,,not rehearsed
T-TableC.2.-1,Appendices and references,Table C.2.: Denominator classes,Biostatistics,"Walk me through Table C.2. row by row: denominators, units, interval convention, genetic frame and tier.",Medium,New (display probe),Read each row with its frame; never merge denominators across rows; name the source manuscript or package.,Table C.2.,Practise a 90-second narration of the display; mark any row whose value differs from the chapter text (see corrections list).,,not rehearsed
T-TableC.2.-2,Appendices and references,Table C.2.: Denominator classes,Lipid medicine,"Which row of Table C.2. would a critic attack first, and how do you answer?",Medium,New (display probe),"Pick the weakest row, concede its limit (tier, events, convention) and state what would remove it.",Table C.2.,Write the weakest row and its concession on the numbers card.,,not rehearsed
T-TableD.1.-1,Appendices and references,Table D.1.: Convention A agreement scenarios (133-pair resource),Biostatistics,"Walk me through Table D.1. row by row: denominators, units, interval convention, genetic frame and tier.",Medium,New (display probe),Read each row with its frame; never merge denominators across rows; name the source manuscript or package.,Table D.1.,Practise a 90-second narration of the display; mark any row whose value differs from the chapter text (see corrections list).,,not rehearsed
T-TableD.1.-2,Appendices and references,Table D.1.: Convention A agreement scenarios (133-pair resource),Lipid medicine,"Which row of Table D.1. would a critic attack first, and how do you answer?",Medium,New (display probe),"Pick the weakest row, concede its limit (tier, events, convention) and state what would remove it.",Table D.1.,Write the weakest row and its concession on the numbers card.,,not rehearsed
T-TableE.1.-1,Appendices and references,Table E.1.: STROBE and RECORD items for Chapters 4 and 5,Biostatistics,"Walk me through Table E.1. row by row: denominators, units, interval convention, genetic frame and tier.",Medium,New (display probe),Read each row with its frame; never merge denominators across rows; name the source manuscript or package.,Table E.1.,Practise a 90-second narration of the display; mark any row whose value differs from the chapter text (see corrections list).,,not rehearsed
T-TableE.1.-2,Appendices and references,Table E.1.: STROBE and RECORD items for Chapters 4 and 5,Lipid medicine,"Which row of Table E.1. would a critic attack first, and how do you answer?",Medium,New (display probe),"Pick the weakest row, concede its limit (tier, events, convention) and state what would remove it.",Table E.1.,Write the weakest row and its concession on the numbers card.,,not rehearsed
T-TableE.2.-1,Appendices and references,Table E.2.: TRIPOD+AI items,Biostatistics,"Walk me through Table E.2. row by row: denominators, units, interval convention, genetic frame and tier.",Medium,New (display probe),Read each row with its frame; never merge denominators across rows; name the source manuscript or package.,Table E.2.,Practise a 90-second narration of the display; mark any row whose value differs from the chapter text (see corrections list).,,not rehearsed
T-TableE.2.-2,Appendices and references,Table E.2.: TRIPOD+AI items,Lipid medicine,"Which row of Table E.2. would a critic attack first, and how do you answer?",Medium,New (display probe),"Pick the weakest row, concede its limit (tier, events, convention) and state what would remove it.",Table E.2.,Write the weakest row and its concession on the numbers card.,,not rehearsed
T-TableE.3.-1,Appendices and references,Table E.3.: CALON-C PROBAST+AI-oriented judgement (lineage),Biostatistics,"Walk me through Table E.3. row by row: denominators, units, interval convention, genetic frame and tier.",Medium,New (display probe),Read each row with its frame; never merge denominators across rows; name the source manuscript or package.,Table E.3.,Practise a 90-second narration of the display; mark any row whose value differs from the chapter text (see corrections list).,,not rehearsed
T-TableE.3.-2,Appendices and references,Table E.3.: CALON-C PROBAST+AI-oriented judgement (lineage),Lipid medicine,"Which row of Table E.3. would a critic attack first, and how do you answer?",Medium,New (display probe),"Pick the weakest row, concede its limit (tier, events, convention) and state what would remove it.",Table E.3.,Write the weakest row and its concession on the numbers card.,,not rehearsed
T-TableE.4.-1,Appendices and references,Table E.4.: Candidate’s PROBAST+AI self-appraisal of CALON-5 and the development-o,Biostatistics,"Walk me through Table E.4. row by row: denominators, units, interval convention, genetic frame and tier.",Medium,New (display probe),Read each row with its frame; never merge denominators across rows; name the source manuscript or package.,Table E.4.,Practise a 90-second narration of the display; mark any row whose value differs from the chapter text (see corrections list).,,not rehearsed
T-TableE.4.-2,Appendices and references,Table E.4.: Candidate’s PROBAST+AI self-appraisal of CALON-5 and the development-o,Lipid medicine,"Which row of Table E.4. would a critic attack first, and how do you answer?",Medium,New (display probe),"Pick the weakest row, concede its limit (tier, events, convention) and state what would remove it.",Table E.4.,Write the weakest row and its concession on the numbers card.,,not rehearsed
T-TableE.5.-1,Appendices and references,Table E.5.: TRIPOD-Cluster items for family-structured data,Biostatistics,"Walk me through Table E.5. row by row: denominators, units, interval convention, genetic frame and tier.",Medium,New (display probe),Read each row with its frame; never merge denominators across rows; name the source manuscript or package.,Table E.5.,Practise a 90-second narration of the display; mark any row whose value differs from the chapter text (see corrections list).,,not rehearsed
T-TableE.5.-2,Appendices and references,Table E.5.: TRIPOD-Cluster items for family-structured data,Lipid medicine,"Which row of Table E.5. would a critic attack first, and how do you answer?",Medium,New (display probe),"Pick the weakest row, concede its limit (tier, events, convention) and state what would remove it.",Table E.5.,Write the weakest row and its concession on the numbers card.,,not rehearsed
T-TableF.1.-1,Appendices and references,Table F.1.: Platforms and their status on 23 September 2026,Biostatistics,"Walk me through Table F.1. row by row: denominators, units, interval convention, genetic frame and tier.",Medium,New (display probe),Read each row with its frame; never merge denominators across rows; name the source manuscript or package.,Table F.1.,Practise a 90-second narration of the display; mark any row whose value differs from the chapter text (see corrections list).,,not rehearsed
T-TableF.1.-2,Appendices and references,Table F.1.: Platforms and their status on 23 September 2026,Lipid medicine,"Which row of Table F.1. would a critic attack first, and how do you answer?",Medium,New (display probe),"Pick the weakest row, concede its limit (tier, events, convention) and state what would remove it.",Table F.1.,Write the weakest row and its concession on the numbers card.,,not rehearsed
T-TableF.2.-1,Appendices and references,Table F.2.: Search strings by query family,Biostatistics,"Walk me through Table F.2. row by row: denominators, units, interval convention, genetic frame and tier.",Medium,New (display probe),Read each row with its frame; never merge denominators across rows; name the source manuscript or package.,Table F.2.,Practise a 90-second narration of the display; mark any row whose value differs from the chapter text (see corrections list).,,not rehearsed
T-TableF.2.-2,Appendices and references,Table F.2.: Search strings by query family,Lipid medicine,"Which row of Table F.2. would a critic attack first, and how do you answer?",Medium,New (display probe),"Pick the weakest row, concede its limit (tier, events, convention) and state what would remove it.",Table F.2.,Write the weakest row and its concession on the numbers card.,,not rehearsed
S-X1,Cross-cutting,"Integrity, causality, translation, candidate",Lipid medicine,"If you had to disclose one thing to the examiners today that they might otherwise miss, what is it?",High,MD_THESIS_VIVA_FULL_QA_SPOKEN X1,See spoken answer,Thesis section named in the answer; numbers card,Rehearse aloud with cues; time under 90 s,,not rehearsed
S-X12,Cross-cutting,"Integrity, causality, translation, candidate",Lipid medicine,What are you least confident about?,High,MD_THESIS_VIVA_FULL_QA_SPOKEN X12,See spoken answer,Thesis section named in the answer; numbers card,Rehearse aloud with cues; time under 90 s,,not rehearsed
S-X2,Cross-cutting,"Integrity, causality, translation, candidate",Biostatistics,"Your own abstracts describe ""dual external validation"". Your thesis says cross-cohort evaluation. Which is right?",High,MD_THESIS_VIVA_FULL_QA_SPOKEN X2,See spoken answer,Thesis section named in the answer; numbers card,Rehearse aloud with cues; time under 90 s,,not rehearsed
S-X3,Cross-cutting,"Integrity, causality, translation, candidate",Biostatistics,How much of this thesis was written by a language model?,High,MD_THESIS_VIVA_FULL_QA_SPOKEN X3,See spoken answer,Thesis section named in the answer; numbers card,Rehearse aloud with cues; time under 90 s,,not rehearsed
S-X5,Cross-cutting,"Integrity, causality, translation, candidate",Lipid medicine,Is anything in this thesis causal?,High,MD_THESIS_VIVA_FULL_QA_SPOKEN X5,See spoken answer,Thesis section named in the answer; numbers card,Rehearse aloud with cues; time under 90 s,,not rehearsed
S-X10,Cross-cutting,"Integrity, causality, translation, candidate",Genetic medicine,A cascade-detected 30-year-old with LDL-C 3.8 and a confirmed familial variant asks if she really has FH.,Medium,MD_THESIS_VIVA_FULL_QA_SPOKEN X10,See spoken answer,Thesis section named in the answer; numbers card,Rehearse aloud with cues; time under 90 s,,not rehearsed
S-X11,Cross-cutting,"Integrity, causality, translation, candidate",Lipid medicine,What would you do differently?,Medium,MD_THESIS_VIVA_FULL_QA_SPOKEN X11,See spoken answer,Thesis section named in the answer; numbers card,Rehearse aloud with cues; time under 90 s,,not rehearsed
S-X13,Cross-cutting,"Integrity, causality, translation, candidate",Lipid medicine,What are you most confident about?,Medium,MD_THESIS_VIVA_FULL_QA_SPOKEN X13,See spoken answer,Thesis section named in the answer; numbers card,Rehearse aloud with cues; time under 90 s,,not rehearsed
S-X4,Cross-cutting,"Integrity, causality, translation, candidate",Lipid medicine,Is the published TUDOR AUC 0.760 or 0.7585?,Medium,MD_THESIS_VIVA_FULL_QA_SPOKEN X4,See spoken answer,Thesis section named in the answer; numbers card,Rehearse aloud with cues; time under 90 s,,not rehearsed
S-X6,Cross-cutting,"Integrity, causality, translation, candidate",Lipid medicine,Name the collider in Chapter 5.,Medium,MD_THESIS_VIVA_FULL_QA_SPOKEN X6,See spoken answer,Thesis section named in the answer; numbers card,Rehearse aloud with cues; time under 90 s,,not rehearsed
S-X7,Cross-cutting,"Integrity, causality, translation, candidate",Lipid medicine,"What is the target trial Chapter 7 would emulate, and why can't it?",Medium,MD_THESIS_VIVA_FULL_QA_SPOKEN X7,See spoken answer,Thesis section named in the answer; numbers card,Rehearse aloud with cues; time under 90 s,,not rehearsed
S-X8,Cross-cutting,"Integrity, causality, translation, candidate",Lipid medicine,Where is immortal time a risk?,Medium,MD_THESIS_VIVA_FULL_QA_SPOKEN X8,See spoken answer,Thesis section named in the answer; numbers card,Rehearse aloud with cues; time under 90 s,,not rehearsed
S-X9,Cross-cutting,"Integrity, causality, translation, candidate",Lipid medicine,"If a lipid clinic asked what to do with this thesis on Monday, what would you say?",Medium,MD_THESIS_VIVA_FULL_QA_SPOKEN X9,See spoken answer,Thesis section named in the answer; numbers card,Rehearse aloud with cues; time under 90 s,,not rehearsed
"K-K012-007, 008",Kit 012 flags,"1.1, 7.7, 8.3",Lipid medicine,"Is 4.9 an FH-severity grade, and was the assay ""accurate""?",High,"Spoken document, Kit 012 table","Reword category; remove accuracy assertion (8.3c, 8.3d).","Sections 1.1, 7.7, 8.3",Apply the correction before the meeting where one is listed; otherwise prepare the concession.,"K012-007, 008",not rehearsed
K-K012-013,Kit 012 flags,"1.6, 8.3",Lipid medicine,Common definitions or linked heterogeneous studies?,High,"Spoken document, Kit 012 table",The latter; build the overlap matrix (8.3e).,"Sections 1.6, 8.3",Apply the correction before the meeting where one is listed; otherwise prepare the concession.,K012-013,not rehearsed
K-K012-014,Kit 012 flags,"1.6, F.10",Biostatistics,Was the joint-novelty claim tested adversarially for combinations?,High,"Spoken document, Kit 012 table",Only in PubMed and Crossref; narrow to the supported combination (2.1a).,"Sections 1.6, F.10",Apply the correction before the meeting where one is listed; otherwise prepare the concession.,K012-014,not rehearsed
K-K012-021,Kit 012 flags,5.4,Lipid medicine,THESIS-AN-02's output was not located. Why is the number in the thesis?,High,"Spoken document, Kit 012 table",Demote or hold; do not substitute the 53-variant rerun (5.4c).,Sections 5.4,Apply the correction before the meeting where one is listed; otherwise prepare the concession.,K012-021,not rehearsed
K-K012-024,Kit 012 flags,7.1,Lipid medicine,"Guideline support for intensity, timing, add-on examples?",High,"Spoken document, Kit 012 table",Check each; state a low score cannot delay care (8.6c).,Sections 7.1,Apply the correction before the meeting where one is listed; otherwise prepare the concession.,K012-024,not rehearsed
K-K012-026,Kit 012 flags,7.2,Lipid medicine,"Blank medication field read as ""no"" for 436 of 945. Justified?",High,"Spoken document, Kit 012 table",Recording convention with dated lipid visit; provenance retained (7.2a).,Sections 7.2,Apply the correction before the meeting where one is listed; otherwise prepare the concession.,K012-026,not rehearsed
K-K012-028,Kit 012 flags,7.3,Biostatistics,What was nested in the bootstrap?,High,"Spoken document, Kit 012 table","The five-term refit; not the term choice; hold independent-validation language (7.3b, 7.3c).",Sections 7.3,Apply the correction before the meeting where one is listed; otherwise prepare the concession.,K012-028,not rehearsed
K-K012-029,Kit 012 flags,"5.2, 7.4, 8.7",Biostatistics,Is outcome-associated missingness proof of MNAR?,High,"Spoken document, Kit 012 table",No; correct the inference (8.7b).,"Sections 5.2, 7.4, 8.7",Apply the correction before the meeting where one is listed; otherwise prepare the concession.,K012-029,not rehearsed
K-K012-038,Kit 012 flags,7.7,Lipid medicine,Is the TG-term share an error metric?,High,"Spoken document, Kit 012 table",No; needs reference-method comparison (7.7e).,Sections 7.7,Apply the correction before the meeting where one is listed; otherwise prepare the concession.,K012-038,not rehearsed
K-K012-044,Kit 012 flags,"7.11, 8.2.4, 8.8",Lipid medicine,What does 362 assume?,High,"Spoken document, Kit 012 table",Observed-effect extrapolation; label illustrative (8.8a).,"Sections 7.11, 8.2.4, 8.8",Apply the correction before the meeting where one is listed; otherwise prepare the concession.,K012-044,not rehearsed
K-K012-045,Kit 012 flags,7.12,Biostatistics,Undefined DCA cells: estimator or mathematics?,High,"Spoken document, Kit 012 table",Inspect; preserve as missing (7.12a).,Sections 7.12,Apply the correction before the meeting where one is listed; otherwise prepare the concession.,K012-045,not rehearsed
K-K012-001,Kit 012 flags,"Summary, 1.5, 8.3",Biostatistics,"Where is the crosswalk from each condition to population, lipid quantity, estimand and clinical use, with untested cells shown?",Medium,"Spoken document, Kit 012 table",Concede it is implicit in Tables 1.1 and 3.1; commit to an explicit crosswalk with untested cells.,"Sections Summary, 1.5, 8.3",Apply the correction before the meeting where one is listed; otherwise prepare the concession.,K012-001,not rehearsed
K-K012-002,Kit 012 flags,Summary,Biostatistics,"Why does the Summary drop the interval and call them ""carriers""?",Medium,"Spoken document, Kit 012 table","Restore 1.070 to 1.718 and keep ""rare LDLR/APOB variant"" wording.",Sections Summary,Apply the correction before the meeting where one is listed; otherwise prepare the concession.,K012-002,not rehearsed
K-K012-003,Kit 012 flags,"Summary, 5.3, 8.2.2",Biostatistics,"Which interval convention is preferred for 0.39, and what is the +0.47 family-model contrast the kit mentions?",Medium,"Spoken document, Kit 012 table",State the preferred estimate and both conventions; separate the route association from any within-family model contrast (5.3c).,"Sections Summary, 5.3, 8.2.2",Apply the correction before the meeting where one is listed; otherwise prepare the concession.,K012-003,not rehearsed
K-K012-004,Kit 012 flags,Summary,Lipid medicine,Is TUDOR's whole gain due to reconstruction?,Medium,"Spoken document, Kit 012 table","No; architecture-level performance, no ablation (6.4d; 8.2.3).",Sections Summary,Apply the correction before the meeting where one is listed; otherwise prepare the concession.,K012-004,not rehearsed
"K-K012-005, 052, 053",Kit 012 flags,"Summary, 8.4",Lipid medicine,Baseline hazard or marker effect?,Medium,"Spoken document, Kit 012 table","Baseline hazard; not an FH result (8.4b, 8.4c).","Sections Summary, 8.4",Apply the correction before the meeting where one is listed; otherwise prepare the concession.,"K012-005, 052, 053",not rehearsed
K-K012-006,Kit 012 flags,"Summary, 8.9",Lipid medicine,"Which of the five ""additions"" are demonstrated, which are tools, which are proposals?",Medium,"Spoken document, Kit 012 table","Demonstrated interpretation: particle information, route contrast, under-grading. Partially supported tool: TUDOR, local recalibration. Proposed: sex-specific calibration in FH.","Sections Summary, 8.9",Apply the correction before the meeting where one is listed; otherwise prepare the concession.,K012-006,not rehearsed
K-K012-009,Kit 012 flags,"1.1, 1.5",Lipid medicine,Universal interchangeability or limits of interpretation?,Medium,"Spoken document, Kit 012 table","The aim is the limits; reword ""establish"" to ""evaluate"".","Sections 1.1, 1.5",Apply the correction before the meeting where one is listed; otherwise prepare the concession.,K012-009,not rehearsed
K-K012-010,Kit 012 flags,"1.2, 8.2.1",Lipid medicine,Is the particle mechanism measured or assumed?,Medium,"Spoken document, Kit 012 table","Plausible background, not measured mediation (4.7a, 4.7b).","Sections 1.2, 8.2.1",Apply the correction before the meeting where one is listed; otherwise prepare the concession.,K012-010,not rehearsed
K-K012-011,Kit 012 flags,"1.2, 1.5",Lipid medicine,Does the rare-variant frame answer the HeFH question?,Medium,"Spoken document, Kit 012 table","Part of it; no population upgrade at the objective (4.2e, 4.9).","Sections 1.2, 1.5",Apply the correction before the meeting where one is listed; otherwise prepare the concession.,K012-011,not rehearsed
K-K012-012,Kit 012 flags,1.5,Biostatistics,Are falsifiers protection or stress tests?,Medium,"Spoken document, Kit 012 table",Interpretive stress tests written retrospectively (1.5a).,Sections 1.5,Apply the correction before the meeting where one is listed; otherwise prepare the concession.,K012-012,not rehearsed
K-K012-015,Kit 012 flags,1.6,Lipid medicine,Is governance a method?,Medium,"Spoken document, Kit 012 table","Good practice, not novelty (8.5b).",Sections 1.6,Apply the correction before the meeting where one is listed; otherwise prepare the concession.,K012-015,not rehearsed
K-K012-016,Kit 012 flags,1.7,Lipid medicine,Define each genetic label positively.,Medium,"Spoken document, Kit 012 table",Align with Box 3.1 (1.7b).,Sections 1.7,Apply the correction before the meeting where one is listed; otherwise prepare the concession.,K012-016,not rehearsed
K-K012-017,Kit 012 flags,2.5,Lipid medicine,"Ratios, components and residuals compared under explicit assumptions?",Medium,"Spoken document, Kit 012 table",Retain the qualification; compare all three where data allow (A04).,Sections 2.5,Apply the correction before the meeting where one is listed; otherwise prepare the concession.,K012-017,not rehearsed
K-K012-018,Kit 012 flags,2.8,Lipid medicine,"Is Akyea 2026 the ""only"" specialist comparison?",Medium,"Spoken document, Kit 012 table","Only one identified; search further before ""only"" (6.4b).",Sections 2.8,Apply the correction before the meeting where one is listed; otherwise prepare the concession.,K012-018,not rehearsed
K-K012-019,Kit 012 flags,5.3,Lipid medicine,Lead with magnitude and precision.,Medium,"Spoken document, Kit 012 table",Done in 5.3a to 5.3d.,Sections 5.3,Apply the correction before the meeting where one is listed; otherwise prepare the concession.,K012-019,not rehearsed
K-K012-020,Kit 012 flags,5.4,Lipid medicine,Is the non-HDL excess a remnant mechanism?,Medium,"Spoken document, Kit 012 table",Timing explains most; mechanism not shown (5.4b).,Sections 5.4,Apply the correction before the meeting where one is listed; otherwise prepare the concession.,K012-020,not rehearsed
K-K012-022,Kit 012 flags,5.4,Lipid medicine,Is the first-versus-later reading a mechanism?,Medium,"Spoken document, Kit 012 table","A paired phenotype observation, not a mechanism (5.4e).",Sections 5.4,Apply the correction before the meeting where one is listed; otherwise prepare the concession.,K012-022,not rehearsed
K-K012-023,Kit 012 flags,6.2,Lipid medicine,Is the object locked with metadata and readback?,Medium,"Spoken document, Kit 012 table","Yes within tolerance; no Index Effect added from text (6.2a, 6.2b).",Sections 6.2,Apply the correction before the meeting where one is listed; otherwise prepare the concession.,K012-023,not rehearsed
K-K012-025,Kit 012 flags,7.1,Lipid medicine,"Is r7 ""submitted"" evidenced?",Medium,"Spoken document, Kit 012 table","Use ""manuscript revision r7"" until receipt is evidenced.",Sections 7.1,Apply the correction before the meeting where one is listed; otherwise prepare the concession.,K012-025,not rehearsed
K-K012-027,Kit 012 flags,7.2,Biostatistics,Was the reconstruction cross-validation person-grouped and carrier-trained?,Medium,"Spoken document, Kit 012 table",Verify; do not conflate CV with external agreement (7.2c).,Sections 7.2,Apply the correction before the meeting where one is listed; otherwise prepare the concession.,K012-027,not rehearsed
K-K012-030,Kit 012 flags,7.4,Lipid medicine,"Endpoint rounding, ties, censoring positivity?",Medium,"Spoken document, Kit 012 table",Qualify unstable ten-year estimates (7.4c).,Sections 7.4,Apply the correction before the meeting where one is listed; otherwise prepare the concession.,K012-030,not rehearsed
K-K012-031,Kit 012 flags,7.5,Biostatistics,"""Every interval overlapping"" is not equivalence.",Medium,"Spoken document, Kit 012 table",Agreed; report range and uncertainty only (7.5a).,Sections 7.5,Apply the correction before the meeting where one is listed; otherwise prepare the concession.,K012-031,not rehearsed
K-K012-032,Kit 012 flags,7.5,Lipid medicine,Is beating the 4.9 cut-point a fair comparison?,Medium,"Spoken document, Kit 012 table","It tests a misapplication, not a legitimate model; the fair baseline is age and sex (7.5b, 7.5c).",Sections 7.5,Apply the correction before the meeting where one is listed; otherwise prepare the concession.,K012-032,not rehearsed
K-K012-033,Kit 012 flags,7.6,Biostatistics,"Was calibration ""restored"" by a ratio rule?",Medium,"Spoken document, Kit 012 table",Level fixed on held-out rows; spread and local calibration separate (7.6b).,Sections 7.6,Apply the correction before the meeting where one is listed; otherwise prepare the concession.,K012-033,not rehearsed
K-K012-034,Kit 012 flags,"7.6, 8.2.4",Lipid medicine,Did relative effects travel?,Medium,"Spoken document, Kit 012 table",Partially shown; not formally tested (8.2c).,"Sections 7.6, 8.2.4",Apply the correction before the meeting where one is listed; otherwise prepare the concession.,K012-034,not rehearsed
"K-K012-035, 050",Kit 012 flags,"7.7, 8.2.3",Lipid medicine,Does any reconstruction restore individual severity?,Medium,"Spoken document, Kit 012 table",No; recorded pretreatment retrieval is the simpler remedy (7.7b).,"Sections 7.7, 8.2.3",Apply the correction before the meeting where one is listed; otherwise prepare the concession.,"K012-035, 050",not rehearsed
K-K012-036,Kit 012 flags,7.7,Lipid medicine,"Goal eligibility, timing, mathematical coupling?",Medium,"Spoken document, Kit 012 table",Verify denominators; discuss coupling and room for reduction (7.7d).,Sections 7.7,Apply the correction before the meeting where one is listed; otherwise prepare the concession.,K012-036,not rehearsed
K-K012-037,Kit 012 flags,7.7,Lipid medicine,"""Less penetrant"" by what definition?",Medium,"Spoken document, Kit 012 table","Descriptive; follow-up, treatment, age and endpoint differ (7.7f).",Sections 7.7,Apply the correction before the meeting where one is listed; otherwise prepare the concession.,K012-037,not rehearsed
"K-K012-039, 040",Kit 012 flags,7.8,Biostatistics,"Comparator equations, units, exact lower limit; naive pooling?",Medium,"Spoken document, Kit 012 table",Retain +0.0003 and the hypertension sensitivity; pooling exploratory (7.8b).,Sections 7.8,Apply the correction before the meeting where one is listed; otherwise prepare the concession.,"K012-039, 040",not rehearsed
K-K012-041,Kit 012 flags,7.8,Lipid medicine,Are the Australian validations being minimised?,Medium,"Spoken document, Kit 012 table",State their layers exactly (7.8d).,Sections 7.8,Apply the correction before the meeting where one is listed; otherwise prepare the concession.,K012-041,not rehearsed
K-K012-042,Kit 012 flags,7.9,Lipid medicine,Different marker definitions across chapters?,Medium,"Spoken document, Kit 012 table","Ratio here, residual there; moderate effects not excluded (7.9a).",Sections 7.9,Apply the correction before the meeting where one is listed; otherwise prepare the concession.,K012-042,not rehearsed
K-K012-043,Kit 012 flags,7.11,Lipid medicine,"Is the BMI bottleneck verified, and is research imputation forbidden?",Medium,"Spoken document, Kit 012 table","Verify; not forbidden, deliberately not done (7.11a, 7.11b).",Sections 7.11,Apply the correction before the meeting where one is listed; otherwise prepare the concession.,K012-043,not rehearsed
K-K012-046,Kit 012 flags,7.12,Biostatistics,Reclassification categories and action equivalence?,Medium,"Spoken document, Kit 012 table",Exploratory NRI; no causal harm claim (7.12c).,Sections 7.12,Apply the correction before the meeting where one is listed; otherwise prepare the concession.,K012-046,not rehearsed
K-K012-047,Kit 012 flags,7.13,Biostatistics,Expected nominal positives from the actual test count?,Medium,"Spoken document, Kit 012 table",Compute from tests and alpha (7.13a).,Sections 7.13,Apply the correction before the meeting where one is listed; otherwise prepare the concession.,K012-047,not rehearsed
K-K012-048,Kit 012 flags,"7.15, 8.3",Biostatistics,Sex-specific calibration validated for FH?,Medium,"Spoken document, Kit 012 table",No (8.4d).,"Sections 7.15, 8.3",Apply the correction before the meeting where one is listed; otherwise prepare the concession.,K012-048,not rehearsed
K-K012-049,Kit 012 flags,8.2,Lipid medicine,Connect the seven steps into argument.,Medium,"Spoken document, Kit 012 table",Agreed (8.2a).,Sections 8.2,Apply the correction before the meeting where one is listed; otherwise prepare the concession.,K012-049,not rehearsed
K-K012-051,Kit 012 flags,8.3,Lipid medicine,"Errors ""predictable in direction""?",Medium,"Spoken document, Kit 012 table",Group-level only (8.3b).,Sections 8.3,Apply the correction before the meeting where one is listed; otherwise prepare the concession.,K012-051,not rehearsed
K-K012-054,Kit 012 flags,8.7,Lipid medicine,Is the two-term lock located and usable?,Medium,"Spoken document, Kit 012 table",Verify against Table B.1 (8.7c).,Sections 8.7,Apply the correction before the meeting where one is listed; otherwise prepare the concession.,K012-054,not rehearsed
K-K012-055,Kit 012 flags,F.10,Lipid medicine,Five-platform session logged?,Medium,"Spoken document, Kit 012 table",Not yet; do not overwrite historical statuses (F1).,Sections F.10,Apply the correction before the meeting where one is listed; otherwise prepare the concession.,K012-055,not rehearsed
K-K012-056,Kit 012 flags,Glossary,Lipid medicine,Separate the four concepts.,Medium,"Spoken document, Kit 012 table",Agreed (G1).,Sections Glossary,Apply the correction before the meeting where one is listed; otherwise prepare the concession.,K012-056,not rehearsed
F-P1,Corrections,Section 7.12 vs Table A.2,All,Your decision-curve counts differ between chapter and ledger. Which is right?,High,Spoken document Appendix 1,13/30 and 10/30 vs 12/30 and 9/30; align to r7.,Section 7.12 vs Table A.2,"Fix in the thesis before the meeting; if not fixed, concede in the first sentence.",P1,not rehearsed
F-P18,Corrections,Section 6.2,All,"""Index Effect"" is not in the TUDOR abstract.",High,Spoken document Appendix 1,Quote exact wording.,Section 6.2,"Fix in the thesis before the meeting; if not fixed, concede in the first sentence.",P18,not rehearsed
F-P19,Corrections,Reference 82,All,"4,028 cases: where does that number come from?",High,Spoken document Appendix 1,Verify against the abstract PDF.,Reference 82,"Fix in the thesis before the meeting; if not fixed, concede in the first sentence.",P19,not rehearsed
F-P2,Corrections,Section 7.8 vs Table A.2,All,Your comparator tally differs between chapter and ledger.,High,Spoken document Appendix 1,Chapter (3 of 4; one resolved) matches Table 7.2; correct the ledger.,Section 7.8 vs Table A.2,"Fix in the thesis before the meeting; if not fixed, concede in the first sentence.",P2,not rehearsed
F-P3,Corrections,"Sections 3.4.1, 7.2 vs Table B.1",All,Does the two-term model have a frozen lock or not?,High,Spoken document Appendix 1,Verify and reconcile.,"Sections 3.4.1, 7.2 vs Table B.1","Fix in the thesis before the meeting; if not fixed, concede in the first sentence.",P3,not rehearsed
F-P4,Corrections,Table 8.1,All,Your Objective 4 falsifier row says the absolute-risk falsifier was met. Was it?,High,Spoken document Appendix 1,No; wording reversed; ranking falsifier not judgeable without an interval.,Table 8.1,"Fix in the thesis before the meeting; if not fixed, concede in the first sentence.",P4,not rehearsed
F-P10,Corrections,"Sections 2.8, 8.8",All,Reference 77 is cited for two different things.,Medium,Spoken document Appendix 1,Check or split.,"Sections 2.8, 8.8","Fix in the thesis before the meeting; if not fixed, concede in the first sentence.",P10,not rehearsed
F-P11,Corrections,"Sections 5.2, 6.6, 7.2, Appendix D",All,Three agreement figures and a 4.5 mmol/L bias: reconcile.,Medium,Spoken document Appendix 1,"One table, one sentence on why they differ.","Sections 5.2, 6.6, 7.2, Appendix D","Fix in the thesis before the meeting; if not fixed, concede in the first sentence.",P11,not rehearsed
F-P12,Corrections,Table 6.5 vs Appendix E.4,All,Why no PROBAST+AI for TUDOR?,Medium,Spoken document Appendix 1,Complete or justify.,Table 6.5 vs Appendix E.4,"Fix in the thesis before the meeting; if not fixed, concede in the first sentence.",P12,not rehearsed
F-P13,Corrections,Title,All,Why does the title lead with particle burden?,Medium,Spoken document Appendix 1,Defend or subtitle.,Title,"Fix in the thesis before the meeting; if not fixed, concede in the first sentence.",P13,not rehearsed
F-P14,Corrections,"Sections 1.3, 5.7, Table 2.4",All,"Tybjaerg-Hansen reports total cholesterol, not LDL-C increments.",Medium,Spoken document Appendix 1,Reword.,"Sections 1.3, 5.7, Table 2.4","Fix in the thesis before the meeting; if not fixed, concede in the first sentence.",P14,not rehearsed
F-P15,Corrections,"Sections 2.3, 4.7",All,"Jin adjusted for VLDL, LDL and HDL particle concentrations.",Medium,Spoken document Appendix 1,Reword.,"Sections 2.3, 4.7","Fix in the thesis before the meeting; if not fixed, concede in the first sentence.",P15,not rehearsed
F-P16,Corrections,Section 2.3,All,Marston abstract names non-HDL-C and TG.,Medium,Spoken document Appendix 1,Check full text or reword.,Section 2.3,"Fix in the thesis before the meeting; if not fixed, concede in the first sentence.",P16,not rehearsed
F-P17,Corrections,Section 5.2,All,"Bogsrud: 61 FH newborns, not 113.",Medium,Spoken document Appendix 1,Correct n.,Section 5.2,"Fix in the thesis before the meeting; if not fixed, concede in the first sentence.",P17,not rehearsed
F-P5,Corrections,Reference 52,All,Reference 52 says submitted; text says R4 under revision.,Medium,Spoken document Appendix 1,Update.,Reference 52,"Fix in the thesis before the meeting; if not fixed, concede in the first sentence.",P5,not rehearsed
F-P6,Corrections,Table 1.2 vs Section 5.3,All,Falsifier wording differs.,Medium,Spoken document Appendix 1,Harmonise.,Table 1.2 vs Section 5.3,"Fix in the thesis before the meeting; if not fixed, concede in the first sentence.",P6,not rehearsed
F-P7,Corrections,Chapter 4,All,"Was prevalent ASCVD excluded from the 1,461 frame, and how many?",Medium,Spoken document Appendix 1,State rule and count.,Chapter 4,"Fix in the thesis before the meeting; if not fixed, concede in the first sentence.",P7,not rehearsed
F-P8,Corrections,Chapter 7,All,"Which genes, and how many carriers per gene?",Medium,Spoken document Appendix 1,Enumerate.,Chapter 7,"Fix in the thesis before the meeting; if not fixed, concede in the first sentence.",P8,not rehearsed
F-P9,Corrections,Sections 5.7 and others,All,"Which ancestry restriction, and was it the same across chapters?",Medium,Spoken document Appendix 1,Define.,Sections 5.7 and others,"Fix in the thesis before the meeting; if not fixed, concede in the first sentence.",P9,not rehearsed
C-04,Citations,Ref 13 Marston 2022,All,"You cite Marston 2022 (reference 13) for: apoB 1.27 (1.15–1.40) per SD; abstract names non-HDL-C and TG, not LDL-C. Is that exactly what the paper reports?",High,Spoken document Appendix 2; citation verification file,"Status: Verified with nuance (P16). Quote the corrected wording where a nuance is flagged; for unresolved items say ""the thesis cites"".",Reference list entry; PubMed record,Open the abstract once and read the exact sentence; fix thesis wording where flagged.,,not rehearsed
C-06,Citations,Ref 61 Jin 2023,All,"You cite Jin 2023 (reference 61) for: 89,422; 3,821 events; cholesterol per LDL particle HR 1.03 (99% CI 0.94–1.14); r 0.99; adjustment for VLDL, LDL and HDL particle concentrations. Is that exactly what the paper reports?",High,Spoken document Appendix 2; citation verification file,"Status: Verified with nuance (P15). Quote the corrected wording where a nuance is flagged; for unresolved items say ""the thesis cites"".",Reference list entry; PubMed record,Open the abstract once and read the exact sentence; fix thesis wording where flagged.,,not rehearsed
C-09,Citations,Ref 91 Tybjaerg-Hansen 2005,All,You cite Tybjaerg-Hansen 2005 (reference 91) for: Gradient 2.9/4.1/4.9 mmol/L is total cholesterol; LDL-C difference about 1.6 mmol/L clinic vs population. Is that exactly what the paper reports?,High,Spoken document Appendix 2; citation verification file,"Status: Verified with nuance (P14). Quote the corrected wording where a nuance is flagged; for unresolved items say ""the thesis cites"".",Reference list entry; PubMed record,Open the abstract once and read the exact sentence; fix thesis wording where flagged.,,not rehearsed
C-15,Citations,Ref 85 Bogsrud 2025,All,"You cite Bogsrud 2025 (reference 85) for: 1.26 vs 1.18 mmol/L, p 0.552; contrast within 61 FH newborns. Is that exactly what the paper reports?",High,Spoken document Appendix 2; citation verification file,"Status: Verified with nuance (P17). Quote the corrected wording where a nuance is flagged; for unresolved items say ""the thesis cites"".",Reference list entry; PubMed record,Open the abstract once and read the exact sentence; fix thesis wording where flagged.,,not rehearsed
C-18,Citations,Ref 21 Genedy 2026 TUDOR,All,"You cite Genedy 2026 TUDOR (reference 21) for: Title ""ascertainment-aware""; abstract ""encodes index-referral vs cascade-relative ascertainment""; AUC 0.760 vs 0.652/0.600/0.569/0.524. Is that exactly what the paper reports?",High,Spoken document Appendix 2; citation verification file,"Status: Verified with nuance (P18). Quote the corrected wording where a nuance is flagged; for unresolved items say ""the thesis cites"".",Reference list entry; PubMed record,Open the abstract once and read the exact sentence; fix thesis wording where flagged.,,not rehearsed
C-19,Citations,Ref 82 Genedy 2026 Atheroscler Plus,All,"You cite Genedy 2026 Atheroscler Plus (reference 82) for: ""dual external validation in 4,028 genetically confirmed cases"". Is that exactly what the paper reports?",High,Spoken document Appendix 2; citation verification file,"Status: NOT resolved (P19). Quote the corrected wording where a nuance is flagged; for unresolved items say ""the thesis cites"".",Reference list entry; PubMed record,Open the abstract once and read the exact sentence; fix thesis wording where flagged.,,not rehearsed
C-01,Citations,Ref 45 Akyea 2026,All,You cite Akyea 2026 (reference 45) for: 885 referred; 267 variant-positive; DLCN 0.816 (0.784–0.847) vs FAMCAT 0.748 (0.712–0.784). Is that exactly what the paper reports?,Medium,Spoken document Appendix 2; citation verification file,"Status: Verified. Quote the corrected wording where a nuance is flagged; for unresolved items say ""the thesis cites"".",Reference list entry; PubMed record,Open the abstract once and read the exact sentence; fix thesis wording where flagged.,,not rehearsed
C-02,Citations,Ref 38 Johannesen 2024,All,"You cite Johannesen 2024 (reference 38) for: Expected apoB from regression on LDL-C in TG <= 1 mmol/L, statin-free. Is that exactly what the paper reports?",Medium,Spoken document Appendix 2; citation verification file,"Status: Verified. Quote the corrected wording where a nuance is flagged; for unresolved items say ""the thesis cites"".",Reference list entry; PubMed record,Open the abstract once and read the exact sentence; fix thesis wording where flagged.,,not rehearsed
C-03,Citations,Ref 15 Sayed 2024,All,"You cite Sayed 2024 (reference 15) for: 12,688; apoB 66–99 mg/dL at LDL-C 100 mg/dL. Is that exactly what the paper reports?",Medium,Spoken document Appendix 2; citation verification file,"Status: Verified. Quote the corrected wording where a nuance is flagged; for unresolved items say ""the thesis cites"".",Reference list entry; PubMed record,Open the abstract once and read the exact sentence; fix thesis wording where flagged.,,not rehearsed
C-05,Citations,Ref 14 Johannesen 2021,All,You cite Johannesen 2021 (reference 14) for: HR 1.49 (1.15–1.92) for MI with discordantly high apoB. Is that exactly what the paper reports?,Medium,Spoken document Appendix 2; citation verification file,"Status: Verified. Quote the corrected wording where a nuance is flagged; for unresolved items say ""the thesis cites"".",Reference list entry; PubMed record,Open the abstract once and read the exact sentence; fix thesis wording where flagged.,,not rehearsed
C-07,Citations,Ref 62 Morze 2025,All,"You cite Morze 2025 (reference 62) for: 207,368; AUC 0.769 to 0.774 with Lp(a). Is that exactly what the paper reports?",Medium,Spoken document Appendix 2; citation verification file,"Status: Verified. Quote the corrected wording where a nuance is flagged; for unresolved items say ""the thesis cites"".",Reference list entry; PubMed record,Open the abstract once and read the exact sentence; fix thesis wording where flagged.,,not rehearsed
C-08,Citations,Ref 79 Paquette 2026,All,"You cite Paquette 2026 (reference 79) for: PRS HR 1.77 (1.20–2.61); C 0.746 to 0.750, p 0.60. Is that exactly what the paper reports?",Medium,Spoken document Appendix 2; citation verification file,"Status: Verified. Quote the corrected wording where a nuance is flagged; for unresolved items say ""the thesis cites"".",Reference list entry; PubMed record,Open the abstract once and read the exact sentence; fix thesis wording where flagged.,,not rehearsed
C-10,Citations,Ref 11 Richardson 2020,All,You cite Richardson 2020 (reference 11) for: apoB OR 1.92 (1.31–2.81); LDL-C 0.85 (0.57–1.27). Is that exactly what the paper reports?,Medium,Spoken document Appendix 2; citation verification file,"Status: Verified. Quote the corrected wording where a nuance is flagged; for unresolved items say ""the thesis cites"".",Reference list entry; PubMed record,Open the abstract once and read the exact sentence; fix thesis wording where flagged.,,not rehearsed
C-11,Citations,Ref 10 Sniderman 2011,All,"You cite Sniderman 2011 (reference 10) for: RRR 1.43 apoB, 1.34 non-HDL-C, 1.25 LDL-C. Is that exactly what the paper reports?",Medium,Spoken document Appendix 2; citation verification file,"Status: Verified. Quote the corrected wording where a nuance is flagged; for unresolved items say ""the thesis cites"".",Reference list entry; PubMed record,Open the abstract once and read the exact sentence; fix thesis wording where flagged.,,not rehearsed
C-12,Citations,Ref 39 Pan 2026,All,"You cite Pan 2026 (reference 39) for: aHR 1.12 (1.06–1.18) all-cause; 1.24 (1.15–1.34) CV; UKB n 13,702. Is that exactly what the paper reports?",Medium,Spoken document Appendix 2; citation verification file,"Status: Verified. Quote the corrected wording where a nuance is flagged; for unresolved items say ""the thesis cites"".",Reference list entry; PubMed record,Open the abstract once and read the exact sentence; fix thesis wording where flagged.,,not rehearsed
C-13,Citations,Ref 28 McKay 2022,All,You cite McKay 2022 (reference 28) for: Harrell c 0.67 (0.61–0.72). Is that exactly what the paper reports?,Medium,Spoken document Appendix 2; citation verification file,"Status: Verified. Quote the corrected wording where a nuance is flagged; for unresolved items say ""the thesis cites"".",Reference list entry; PubMed record,Open the abstract once and read the exact sentence; fix thesis wording where flagged.,,not rehearsed
C-14,Citations,Ref 40 Mourre 2025,All,You cite Mourre 2025 (reference 40) for: Statins about 14 y earlier; 51% fewer ASCVD; null after age/sex matching. Is that exactly what the paper reports?,Medium,Spoken document Appendix 2; citation verification file,"Status: Verified. Quote the corrected wording where a nuance is flagged; for unresolved items say ""the thesis cites"".",Reference list entry; PubMed record,Open the abstract once and read the exact sentence; fix thesis wording where flagged.,,not rehearsed
C-16,Citations,Ref 41 Trinder 2024,All,"You cite Trinder 2024 (reference 41) for: Clinical FH n 1,123 vs genetic FH n 723; higher LDL-C, more ASCVD, PRS enrichment. Is that exactly what the paper reports?",Medium,Spoken document Appendix 2; citation verification file,"Status: Verified. Quote the corrected wording where a nuance is flagged; for unresolved items say ""the thesis cites"".",Reference list entry; PubMed record,Open the abstract once and read the exact sentence; fix thesis wording where flagged.,,not rehearsed
C-17,Citations,Ref 43 Weng 2019,All,You cite Weng 2019 (reference 43) for: PPV 0.84%. Is that exactly what the paper reports?,Medium,Spoken document Appendix 2; citation verification file,"Status: Verified. Quote the corrected wording where a nuance is flagged; for unresolved items say ""the thesis cites"".",Reference list entry; PubMed record,Open the abstract once and read the exact sentence; fix thesis wording where flagged.,,not rehearsed
C-20,Citations,Ref 17 Sniderman 2013,All,You cite Sniderman 2013 (reference 17) for: INTERHEART confounding by related variables. Is that exactly what the paper reports?,Medium,Spoken document Appendix 2; citation verification file,"Status: Not resolved by tools; thesis PMID 24314360. Quote the corrected wording where a nuance is flagged; for unresolved items say ""the thesis cites"".",Reference list entry; PubMed record,Open the abstract once and read the exact sentence; fix thesis wording where flagged.,,not rehearsed
C-21,Citations,Ref 50 Genedy 2026 midlife,All,"You cite Genedy 2026 midlife (reference 50) for: 273,036 women; apoB >= 1.2 g/L at 58: 10.88% men vs 4.34% women; O/E 0.65–0.78 vs 1.19. Is that exactly what the paper reports?",Medium,Spoken document Appendix 2; citation verification file,"Status: Not indexed (in press). Quote the corrected wording where a nuance is flagged; for unresolved items say ""the thesis cites"".",Reference list entry; PubMed record,Open the abstract once and read the exact sentence; fix thesis wording where flagged.,,not rehearsed
C-22,Citations,Ref 66 Genedy 2025 abstracts,All,"You cite Genedy 2025 abstracts (reference 66) for: 425 patients; LDL-conditioned definition; one study, two abstracts. Is that exactly what the paper reports?",Medium,Spoken document Appendix 2; citation verification file,"Status: Not indexed. Quote the corrected wording where a nuance is flagged; for unresolved items say ""the thesis cites"".",Reference list entry; PubMed record,Open the abstract once and read the exact sentence; fix thesis wording where flagged.,,not rehearsed
C-23,Citations,Ref 86 Genedy 2025 EHJ abstract,All,You cite Genedy 2025 EHJ abstract (reference 86) for: South Wales matched cohort; residual risk. Is that exactly what the paper reports?,Medium,Spoken document Appendix 2; citation verification file,"Status: Not indexed. Quote the corrected wording where a nuance is flagged; for unresolved items say ""the thesis cites"".",Reference list entry; PubMed record,Open the abstract once and read the exact sentence; fix thesis wording where flagged.,,not rehearsed
C-24,Citations,Ref 22 CALON-C manuscript,All,"You cite CALON-C manuscript (reference 22) for: 3,209/289; C 0.708; nine-term ridge. Is that exactly what the paper reports?",Medium,Spoken document Appendix 2; citation verification file,"Status: Manuscript. Quote the corrected wording where a nuance is flagged; for unresolved items say ""the thesis cites"".",Reference list entry; PubMed record,Open the abstract once and read the exact sentence; fix thesis wording where flagged.,,not rehearsed
C-25,Citations,Ref 83 CALON r7 manuscript,All,You cite CALON r7 manuscript (reference 83) for: All Chapter 7 values. Is that exactly what the paper reports?,Medium,Spoken document Appendix 2; citation verification file,"Status: Manuscript; submission status to evidence. Quote the corrected wording where a nuance is flagged; for unresolved items say ""the thesis cites"".",Reference list entry; PubMed record,Open the abstract once and read the exact sentence; fix thesis wording where flagged.,,not rehearsed
C-26,Citations,Ref 52 Paper 14 R4,All,You cite Paper 14 R4 (reference 52) for: All Chapter 5 values. Is that exactly what the paper reports?,Medium,Spoken document Appendix 2; citation verification file,"Status: Manuscript under revision. Quote the corrected wording where a nuance is flagged; for unresolved items say ""the thesis cites"".",Reference list entry; PubMed record,Open the abstract once and read the exact sentence; fix thesis wording where flagged.,,not rehearsed
C-27,Citations,Ref 73 NICE CG71,All,You cite NICE CG71 (reference 73) for: Simon Broome or DLCN for diagnosis; no general-population risk tools in FH. Is that exactly what the paper reports?,Medium,Spoken document Appendix 2; citation verification file,"Status: Guideline. Quote the corrected wording where a nuance is flagged; for unresolved items say ""the thesis cites"".",Reference list entry; PubMed record,Open the abstract once and read the exact sentence; fix thesis wording where flagged.,,not rehearsed
C-99,Citations,Any of the 100 references,All,Pick any reference: what did it show and why is it cited where it is?,Medium,New,"For each reference: design, population, the one number or principle used, and the section that uses it.",Reference list,"Build a 100-row one-line index (design, population, number used, section) and read it twice.",,not rehearsed
V-01,Generic viva,Motivation,All,"Why did you choose this topic, and why an MD rather than a PhD?",Medium,New,Clinical origin: the treated patient whose recorded LDL-C misled grading; MD because the work is clinical-epidemiological within a service.,Named sections,Tell it in 45 seconds; no autobiography beyond the clinical trigger.,,not rehearsed
V-02,Generic viva,Motivation,All,What was the original plan and how did it change?,Medium,New,"Started with the discordance paper and CALON-C; CALON-5 replaced CALON-C; the framework was written across the completed programme (Sections 1.4, 1.5).",Named sections,"Have the chronology with dates: Aug 2025 submission, Mar 2026 publication, 12 Jul 2026 freeze, 23 and 24 Sep 2026 protocol and definition changes.",,not rehearsed
V-03,Generic viva,Training,All,"What research training did you complete, and what gaps did the thesis expose?",Medium,New,Named: multiple imputation and MNAR sensitivity; systematic search methodology; family-aware resampling.,Named sections,State the two gaps and the course or supervision planned for each.,,not rehearsed
V-04,Generic viva,Ethics,All,What approvals cover the Welsh data and UK Biobank?,Medium,New,UK Biobank Application 1002450; Welsh governance recorded in the controlling manuscripts (Section 3.3.4).,Named sections,Have approval identifiers and wording from the UK governance records to hand.,,not rehearsed
V-05,Generic viva,Ethics,All,Could any table re-identify a participant?,Medium,New,"No participant or family identifiers, no exact dates, no row-level predictions, no rare combinations; smallest cells checked (Section 3.3.4).",Named sections,Check every cell under 5 in the tables before the meeting.,,not rehearsed
V-06,Generic viva,Authorship,All,Who are the co-authors on each incorporated paper and what did each do?,Medium,New,"Genedy, Haralambos, Yousef, Cole, Datta, Zouwail on TUDOR and Paper 14; Genedy and Zouwail on discordance and midlife; sole author on CALON manuscripts.",Named sections,Prepare a CRediT-style line for each paper.,,not rehearsed
V-07,Generic viva,Authorship,All,Your supervisors are co-authors. How is the thesis your own work?,Medium,New,"Statement of original work: conception, design, curation, producing analyses, interpretation and final decisions are the candidate’s; supervision is named.",Named sections,Rehearse without defensiveness.,,not rehearsed
V-08,Generic viva,Publication,All,What is the status of each paper today?,Medium,New,Discordance published with erratum; TUDOR published online; Paper 14 R4 under revision; CALON r7 manuscript; midlife in press; abstracts as related work.,Named sections,Bring dated evidence of the r7 submission status (K012-025).,,not rehearsed
V-09,Generic viva,Publication,All,Have any of your outputs been corrected or retracted?,Medium,New,"One erratum, highlights only, no estimate changed (refs 51, 72); a corrigendum for TUDOR is to be requested.",Named sections,Say it before being asked.,,not rehearsed
V-10,Generic viva,AI,All,Which parts of the text did a language model draft?,Medium,New,"Drafting, editing and consistency checking assisted throughout; screening first pass in the search; all reviewed; no analysis or data access.",Named sections,Be specific and calm; offer to expand the statement.,,not rehearsed
V-11,Generic viva,Data,All,Can the examiners see the code?,Medium,New,Producing scripts and locks exist for CALON-5 (THESIS-AN-13) and the CALON-C high-bar rerun; several inherited analyses are source-locked; UK Biobank scripts cannot be re-run while the platform is closed.,Named sections,"Prepare an index of scripts, locks and hashes that can be shown.",,not rehearsed
V-12,Generic viva,Data,All,Why is the UK Biobank platform closed to you?,Medium,New,State the reason plainly and the date; the thesis currently omits the reason.,Named sections,Add one sentence to the governance statement.,,not rehearsed
V-13,Generic viva,Data,All,What happens if a reviewer of Paper 14 changes the within-pedigree result again?,Medium,New,Chapter 5 and Table B.2 change with it; the falsifier status in Table 8.1 is re-assessed; nothing else depends on it.,Named sections,Prepare the dependency list for Chapter 5 values.,,not rehearsed
V-14,Generic viva,Contribution,All,What is the single most original thing in the thesis?,Medium,New,"The five conditions measured together in two genotyped cohorts under one evidence rule, and the direct measurement of under-grading in Section 7.7.",Named sections,One sentence; no list.,,not rehearsed
V-15,Generic viva,Contribution,All,What is the weakest chapter and why?,Medium,New,Chapter 7 on independence (both cohorts informed development) or Chapter 6 on comparator fairness; choose one and defend the choice.,Named sections,Decide in advance; do not hedge between them.,,not rehearsed
V-16,Generic viva,Contribution,All,"If you removed one chapter, which and what would be lost?",Medium,New,Section 8.3 chapter-removal test: each supplies a condition no other does.,Named sections,Rehearse the four one-line losses.,,not rehearsed
V-17,Generic viva,Contribution,All,Is this one thesis or four papers stapled together?,Medium,New,"One question, five conditions, one evidence rule, one set of cohorts; the linking is inferential dependency, not narrative.",Named sections,Point to Sections 1.8 and 8.3.,,not rehearsed
V-18,Generic viva,Method,All,Why Cox and not a flexible parametric model?,Medium,New,Estimand was a hazard or ranking with defensible proportional hazards; flexible parametric models are noted as preferable when smooth absolute risk is primary (Section 3.7.1).,Named sections,One sentence; do not over-explain.,,not rehearsed
V-19,Generic viva,Method,All,Why elastic net for TUDOR?,Medium,New,"Correlated lipid inputs; penalisation stabilises without making coefficients biological (Sections 3.7.2, 6.2).",Named sections,Rehearse once; keep under 60 s.,,not rehearsed
V-20,Generic viva,Method,All,Why no penalty for CALON-5?,Medium,New,Five terms at 14.8 events per parameter in development; the record states no penalty (Section 7.2).,Named sections,"Be ready for ""why not ridge as in CALON-C"".",,not rehearsed
V-21,Generic viva,Method,All,Why 5 and 10 years?,Medium,New,Guideline horizons and the published comparators’ horizons; 10 years primary (Section 7.1).,Named sections,Rehearse once; keep under 60 s.,,not rehearsed
V-22,Generic viva,Method,All,How were ties and event ages handled in the registry?,Medium,New,"Event times from recorded ages, an approximation; ties and rounding are a stated limitation (Section 7.4; K012-030).",Named sections,Check whether the r7 record states the tie method.,,not rehearsed
V-23,Generic viva,Method,All,What is your position on one-sided versus two-sided tests?,Medium,New,Two-sided intervals throughout; no one-sided claims.,Named sections,Rehearse once; keep under 60 s.,,not rehearsed
V-24,Generic viva,Interpretation,All,What would change your mind about the residual?,Medium,New,A frozen residual failing under harmonised assays in an independent FH cohort (Section 8.5).,Named sections,Rehearse once; keep under 60 s.,,not rehearsed
V-25,Generic viva,Interpretation,All,What would change your mind about ascertainment?,Medium,New,No residue-matched difference in an independently designed cohort with route recorded at eligibility (Section 8.5).,Named sections,Rehearse once; keep under 60 s.,,not rehearsed
V-26,Generic viva,Interpretation,All,What would change your mind about TUDOR?,Medium,New,Frozen TUDOR failing against fully scored DLCN on complete data (Section 8.5).,Named sections,Rehearse once; keep under 60 s.,,not rehearsed
V-27,Generic viva,Interpretation,All,What would change your mind about CALON-5?,Medium,New,A frozen prognostic model calibrating across independently ascertained cohorts without updating (Section 8.5).,Named sections,Rehearse once; keep under 60 s.,,not rehearsed
V-28,Generic viva,Clinical,All,Would you order apoB in every FH patient?,Medium,New,No; where particle burden is the question; guidance supports it in treated adults (Section 8.6).,Named sections,Rehearse once; keep under 60 s.,,not rehearsed
V-29,Generic viva,Clinical,All,Would you use TUDOR in your own clinic tomorrow?,Medium,New,No; triage research score; not calibrated; not compared with fully scored DLCN.,Named sections,Rehearse once; keep under 60 s.,,not rehearsed
V-30,Generic viva,Clinical,All,Would you tell a patient their CALON-5 risk?,Medium,New,No; research model; absolute risk miscalibrated on transfer.,Named sections,Rehearse once; keep under 60 s.,,not rehearsed
V-31,Generic viva,Clinical,All,What is the harm if someone misuses your findings?,Medium,New,"Withholding treatment on a low score, or dismissing a cascade relative’s diagnosis on a low LDL-C; both are explicitly prohibited (Sections 3.9, 5.7, 8.6).",Named sections,Rehearse once; keep under 60 s.,,not rehearsed
V-32,Generic viva,Future,All,"What are you doing next, in order?",Medium,New,Corrections; corrigendum; registry-side analyses; RAP access decision; Paper 14 and r7 through review; complete the search (annual-review Part 9).,Named sections,Rehearse once; keep under 60 s.,,not rehearsed
V-33,Generic viva,Future,All,How long to final submission?,Medium,New,Give a date with buffers; name the critical-path item (RAP or Paper 14).,Named sections,Decide the date with supervisors before the meeting.,,not rehearsed
V-34,Generic viva,Future,All,Which resolving study would you fund first with limited money?,Medium,New,"The frozen validation in an FHSC registry (about 362 events, illustrative) because it decides whether any routine-data model can prioritise review in FH services.",Named sections,Rehearse once; keep under 60 s.,,not rehearsed
V-35,Generic viva,Reflection,All,What did you learn about yourself as a researcher?,Medium,New,Name one concrete lesson: e.g. request corrections early; prespecify before results.,Named sections,Keep it to two sentences.,,not rehearsed
V-36,Generic viva,Reflection,All,What advice would you give a new MD student in this field?,Medium,New,Register the framework first; record ascertainment; set aside a validation cohort; keep one reconstruction convention.,Named sections,Rehearse once; keep under 60 s.,,not rehearsed
V-37,Generic viva,Presentation,All,"Why is the thesis so long, and could it be shorter?",Medium,New,"About 67,700 words with appendices carrying provenance; the appendices could move to supplementary files if regulations allow.",Named sections,Check Cardiff MD word-limit regulations and be ready to say what would move.,,not rehearsed
V-38,Generic viva,Presentation,All,"Why British English ""familial hypercholesterolaemia"" in text but American spellings in references?",Medium,New,Reference titles keep the published spelling; text is British English.,Named sections,Rehearse once; keep under 60 s.,,not rehearsed
V-39,Generic viva,Presentation,All,Why are some numbers given to three decimals?,Medium,New,To match the source manuscripts and avoid rounding a lower limit through zero (e.g. +0.0003).,Named sections,Rehearse once; keep under 60 s.,,not rehearsed
A-Q9A,Annual review,"Progress, risks, plan",All,What is the publication status of each component?,Medium,MD_THESIS_ANNUAL_REVIEW_VIVA_QA Q9A,Discordance published + erratum; TUDOR published online; Paper 14 R4 under revision; CALON r7 manuscript; midlife in press; abstracts related work.,Publication status table; plan,Bring dated evidence for each status.,,not rehearsed
A-Q9B,Annual review,"Progress, risks, plan",All,What is on your critical path to submission?,Medium,MD_THESIS_ANNUAL_REVIEW_VIVA_QA Q9B,Corrections; corrigendum; registry-side analyses; RAP decision; Paper 14 and r7 through review; complete the search; then formatting.,Publication status table; plan,Bring dated evidence for each status.,,not rehearsed
A-Q9C,Annual review,"Progress, risks, plan",All,What could stop you submitting on time?,Medium,MD_THESIS_ANNUAL_REVIEW_VIVA_QA Q9C,RAP closure if re-verification demanded; reversal of the within-pedigree result; the corrigendum process.,Publication status table; plan,Bring dated evidence for each status.,,not rehearsed
A-Q9D,Annual review,"Progress, risks, plan",All,Training needs?,Medium,MD_THESIS_ANNUAL_REVIEW_VIVA_QA Q9D,Multiple imputation and MNAR sensitivity; systematic search methodology.,Publication status table; plan,Bring dated evidence for each status.,,not rehearsed
A-Q9E,Annual review,"Progress, risks, plan",All,The single next action after this meeting?,Medium,MD_THESIS_ANNUAL_REVIEW_VIVA_QA Q9E,Correct P1 to P6 and draft the corrigendum letter.,Publication status table; plan,Bring dated evidence for each status.,,not rehearsed
